iteration,expanded_state,parent,action,generated_successors,frontier_before,frontier_after,explored,g,h,f
1,"((5, 1), (False, False, False, False))",START,START,"[((5, 2), (False, False, False, False))]","[((5, 1), (False, False, False, False))]","[((5, 2), (False, False, False, False))]","[((5, 1), (False, False, False, False))]",0.0,53.0,53.0
2,"((5, 2), (False, False, False, False))","((5, 1), (False, False, False, False))",North,"[((5, 1), (False, False, False, False)), ((6, 2), (False, False, False, False))]","[((5, 2), (False, False, False, False))]","[((6, 2), (False, False, False, False))]","[((5, 2), (False, False, False, False)), ((5, 1), (False, False, False, False))]",1.0,54.0,55.0
3,"((6, 2), (False, False, False, False))","((5, 2), (False, False, False, False))",East,"[((7, 2), (False, False, False, False)), ((5, 2), (False, False, False, False))]","[((6, 2), (False, False, False, False))]","[((7, 2), (False, False, False, False))]","[((5, 2), (False, False, False, False)), ((6, 2), (False, False, False, False)), ((5, 1), (False, False, False, False))]",2.0,55.0,57.0
4,"((7, 2), (False, False, False, False))","((6, 2), (False, False, False, False))",East,"[((8, 2), (False, False, False, False)), ((6, 2), (False, False, False, False))]","[((7, 2), (False, False, False, False))]","[((8, 2), (False, False, False, False))]","[((7, 2), (False, False, False, False)), ((5, 2), (False, False, False, False)), ((6, 2), (False, False, False, False)), ((5, 1), (False, False, False, False))]",3.0,56.0,59.0
5,"((8, 2), (False, False, False, False))","((7, 2), (False, False, False, False))",East,"[((9, 2), (False, False, False, False)), ((7, 2), (False, False, False, False))]","[((8, 2), (False, False, False, False))]","[((9, 2), (False, False, False, False))]","[((5, 2), (False, False, False, False)), ((5, 1), (False, False, False, False)), ((8, 2), (False, False, False, False)), ((7, 2), (False, False, False, False)), ((6, 2), (False, False, False, False))]",4.0,57.0,61.0
6,"((9, 2), (False, False, False, False))","((8, 2), (False, False, False, False))",East,"[((9, 3), (False, False, False, False)), ((8, 2), (False, False, False, False))]","[((9, 2), (False, False, False, False))]","[((9, 3), (False, False, False, False))]","[((5, 2), (False, False, False, False)), ((5, 1), (False, False, False, False)), ((9, 2), (False, False, False, False)), ((8, 2), (False, False, False, False)), ((7, 2), (False, False, False, False)), ((6, 2), (False, False, False, False))]",5.0,58.0,63.0
7,"((9, 3), (False, False, False, False))","((9, 2), (False, False, False, False))",North,"[((9, 4), (False, False, False, False)), ((9, 2), (False, False, False, False))]","[((9, 3), (False, False, False, False))]","[((9, 4), (False, False, False, False))]","[((5, 2), (False, False, False, False)), ((5, 1), (False, False, False, False)), ((9, 2), (False, False, False, False)), ((8, 2), (False, False, False, False)), ((7, 2), (False, False, False, False)), ((9, 3), (False, False, False, False)), ((6, 2), (False, False, False, False))]",6.0,59.0,65.0
8,"((9, 4), (False, False, False, False))","((9, 3), (False, False, False, False))",North,"[((9, 3), (False, False, False, False)), ((10, 4), (False, False, False, False)), ((8, 4), (False, False, False, False))]","[((9, 4), (False, False, False, False))]","[((8, 4), (False, False, False, False)), ((10, 4), (False, False, False, False))]","[((5, 2), (False, False, False, False)), ((5, 1), (False, False, False, False)), ((9, 2), (False, False, False, False)), ((8, 2), (False, False, False, False)), ((7, 2), (False, False, False, False)), ((9, 3), (False, False, False, False)), ((6, 2), (False, False, False, False)), ((9, 4), (False, False, False, False))]",7.0,60.0,67.0
9,"((8, 4), (False, False, False, False))","((9, 4), (False, False, False, False))",West,"[((9, 4), (False, False, False, False)), ((7, 4), (False, False, False, False))]","[((8, 4), (False, False, False, False)), ((10, 4), (False, False, False, False))]","[((7, 4), (False, False, False, False)), ((10, 4), (False, False, False, False))]","[((5, 2), (False, False, False, False)), ((5, 1), (False, False, False, False)), ((9, 2), (False, False, False, False)), ((8, 2), (False, False, False, False)), ((7, 2), (False, False, False, False)), ((9, 3), (False, False, False, False)), ((6, 2), (False, False, False, False)), ((8, 4), (False, False, False, False)), ((9, 4), (False, False, False, False))]",8.0,59.0,67.0
10,"((7, 4), (False, False, False, False))","((8, 4), (False, False, False, False))",West,"[((8, 4), (False, False, False, False)), ((6, 4), (False, False, False, False))]","[((7, 4), (False, False, False, False)), ((10, 4), (False, False, False, False))]","[((6, 4), (False, False, False, False)), ((10, 4), (False, False, False, False))]","[((5, 2), (False, False, False, False)), ((5, 1), (False, False, False, False)), ((9, 2), (False, False, False, False)), ((8, 2), (False, False, False, False)), ((7, 2), (False, False, False, False)), ((9, 3), (False, False, False, False)), ((6, 2), (False, False, False, False)), ((8, 4), (False, False, False, False)), ((9, 4), (False, False, False, False)), ((7, 4), (False, False, False, False))]",9.0,58.0,67.0
11,"((6, 4), (False, False, False, False))","((7, 4), (False, False, False, False))",West,"[((7, 4), (False, False, False, False)), ((5, 4), (False, False, False, False))]","[((6, 4), (False, False, False, False)), ((10, 4), (False, False, False, False))]","[((5, 4), (False, False, False, False)), ((10, 4), (False, False, False, False))]","[((6, 4), (False, False, False, False)), ((5, 2), (False, False, False, False)), ((5, 1), (False, False, False, False)), ((9, 2), (False, False, False, False)), ((8, 2), (False, False, False, False)), ((7, 2), (False, False, False, False)), ((9, 3), (False, False, False, False)), ((6, 2), (False, False, False, False)), ((8, 4), (False, False, False, False)), ((9, 4), (False, False, False, False)), ((7, 4), (False, False, False, False))]",10.0,57.0,67.0
12,"((5, 4), (False, False, False, False))","((6, 4), (False, False, False, False))",West,"[((5, 5), (False, False, False, False)), ((6, 4), (False, False, False, False)), ((4, 4), (False, False, False, False))]","[((5, 4), (False, False, False, False)), ((10, 4), (False, False, False, False))]","[((4, 4), (False, False, False, False)), ((5, 5), (False, False, False, False)), ((10, 4), (False, False, False, False))]","[((6, 4), (False, False, False, False)), ((5, 4), (False, False, False, False)), ((5, 2), (False, False, False, False)), ((5, 1), (False, False, False, False)), ((9, 2), (False, False, False, False)), ((8, 2), (False, False, False, False)), ((7, 2), (False, False, False, False)), ((9, 3), (False, False, False, False)), ((6, 2), (False, False, False, False)), ((8, 4), (False, False, False, False)), ((9, 4), (False, False, False, False)), ((7, 4), (False, False, False, False))]",11.0,56.0,67.0
13,"((4, 4), (False, False, False, False))","((5, 4), (False, False, False, False))",West,"[((5, 4), (False, False, False, False)), ((3, 4), (False, False, False, False))]","[((4, 4), (False, False, False, False)), ((5, 5), (False, False, False, False)), ((10, 4), (False, False, False, False))]","[((3, 4), (False, False, False, False)), ((5, 5), (False, False, False, False)), ((10, 4), (False, False, False, False))]","[((6, 4), (False, False, False, False)), ((5, 4), (False, False, False, False)), ((5, 2), (False, False, False, False)), ((5, 1), (False, False, False, False)), ((9, 2), (False, False, False, False)), ((8, 2), (False, False, False, False)), ((7, 2), (False, False, False, False)), ((4, 4), (False, False, False, False)), ((9, 3), (False, False, False, False)), ((6, 2), (False, False, False, False)), ((8, 4), (False, False, False, False)), ((9, 4), (False, False, False, False)), ((7, 4), (False, False, False, False))]",12.0,55.0,67.0
14,"((3, 4), (False, False, False, False))","((4, 4), (False, False, False, False))",West,"[((3, 5), (False, False, False, False)), ((3, 3), (False, False, False, False)), ((4, 4), (False, False, False, False))]","[((3, 4), (False, False, False, False)), ((5, 5), (False, False, False, False)), ((10, 4), (False, False, False, False))]","[((3, 3), (False, False, False, False)), ((10, 4), (False, False, False, False)), ((3, 5), (False, False, False, False)), ((5, 5), (False, False, False, False))]","[((6, 4), (False, False, False, False)), ((5, 4), (False, False, False, False)), ((5, 2), (False, False, False, False)), ((3, 4), (False, False, False, False)), ((5, 1), (False, False, False, False)), ((9, 2), (False, False, False, False)), ((8, 2), (False, False, False, False)), ((7, 2), (False, False, False, False)), ((4, 4), (False, False, False, False)), ((9, 3), (False, False, False, False)), ((6, 2), (False, False, False, False)), ((8, 4), (False, False, False, False)), ((9, 4), (False, False, False, False)), ((7, 4), (False, False, False, False))]",13.0,54.0,67.0
15,"((3, 3), (False, False, False, False))","((3, 4), (False, False, False, False))",South,"[((3, 4), (False, False, False, False)), ((3, 2), (False, False, False, False))]","[((3, 3), (False, False, False, False)), ((10, 4), (False, False, False, False)), ((3, 5), (False, False, False, False)), ((5, 5), (False, False, False, False))]","[((3, 2), (False, False, False, False)), ((10, 4), (False, False, False, False)), ((3, 5), (False, False, False, False)), ((5, 5), (False, False, False, False))]","[((6, 4), (False, False, False, False)), ((5, 4), (False, False, False, False)), ((5, 2), (False, False, False, False)), ((3, 4), (False, False, False, False)), ((3, 3), (False, False, False, False)), ((5, 1), (False, False, False, False)), ((9, 2), (False, False, False, False)), ((8, 2), (False, False, False, False)), ((7, 2), (False, False, False, False)), ((4, 4), (False, False, False, False)), ((9, 3), (False, False, False, False)), ((6, 2), (False, False, False, False)), ((8, 4), (False, False, False, False)), ((9, 4), (False, False, False, False)), ((7, 4), (False, False, False, False))]",14.0,53.0,67.0
16,"((3, 2), (False, False, False, False))","((3, 3), (False, False, False, False))",South,"[((3, 3), (False, False, False, False)), ((3, 1), (False, False, False, False)), ((2, 2), (False, False, False, False))]","[((3, 2), (False, False, False, False)), ((10, 4), (False, False, False, False)), ((3, 5), (False, False, False, False)), ((5, 5), (False, False, False, False))]","[((3, 1), (False, False, False, False)), ((2, 2), (False, False, False, False)), ((3, 5), (False, False, False, False)), ((5, 5), (False, False, False, False)), ((10, 4), (False, False, False, False))]",16 items,15.0,52.0,67.0
17,"((3, 1), (False, False, False, False))","((3, 2), (False, False, False, False))",South,"[((3, 2), (False, False, False, False)), ((2, 1), (False, False, False, False))]","[((3, 1), (False, False, False, False)), ((2, 2), (False, False, False, False)), ((3, 5), (False, False, False, False)), ((5, 5), (False, False, False, False)), ((10, 4), (False, False, False, False))]","[((2, 2), (False, False, False, False)), ((2, 1), (False, False, False, False)), ((3, 5), (False, False, False, False)), ((5, 5), (False, False, False, False)), ((10, 4), (False, False, False, False))]",17 items,16.0,51.0,67.0
18,"((2, 2), (False, False, False, False))","((3, 2), (False, False, False, False))",West,"[((2, 1), (False, False, False, False)), ((3, 2), (False, False, False, False)), ((1, 2), (False, False, False, False))]","[((2, 2), (False, False, False, False)), ((2, 1), (False, False, False, False)), ((3, 5), (False, False, False, False)), ((5, 5), (False, False, False, False)), ((10, 4), (False, False, False, False))]","[((2, 1), (False, False, False, False)), ((1, 2), (False, False, False, False)), ((3, 5), (False, False, False, False)), ((5, 5), (False, False, False, False)), ((10, 4), (False, False, False, False))]",18 items,16.0,51.0,67.0
19,"((2, 1), (False, False, False, False))","((3, 1), (False, False, False, False))",West,"[((2, 2), (False, False, False, False)), ((3, 1), (False, False, False, False)), ((1, 1), (True, False, False, False))]","[((2, 1), (False, False, False, False)), ((1, 2), (False, False, False, False)), ((3, 5), (False, False, False, False)), ((5, 5), (False, False, False, False)), ((10, 4), (False, False, False, False))]","[((1, 2), (False, False, False, False)), ((1, 1), (True, False, False, False)), ((3, 5), (False, False, False, False)), ((5, 5), (False, False, False, False)), ((10, 4), (False, False, False, False))]",19 items,17.0,50.0,67.0
20,"((1, 2), (False, False, False, False))","((2, 2), (False, False, False, False))",West,"[((1, 3), (False, False, False, False)), ((1, 1), (True, False, False, False)), ((2, 2), (False, False, False, False))]","[((1, 2), (False, False, False, False)), ((1, 1), (True, False, False, False)), ((3, 5), (False, False, False, False)), ((5, 5), (False, False, False, False)), ((10, 4), (False, False, False, False))]","[((1, 1), (True, False, False, False)), ((10, 4), (False, False, False, False)), ((3, 5), (False, False, False, False)), ((5, 5), (False, False, False, False)), ((1, 3), (False, False, False, False))]",20 items,17.0,50.0,67.0
21,"((1, 1), (True, False, False, False))","((2, 1), (False, False, False, False))",West,"[((1, 2), (True, False, False, False)), ((2, 1), (True, False, False, False))]","[((1, 1), (True, False, False, False)), ((10, 4), (False, False, False, False)), ((3, 5), (False, False, False, False)), ((5, 5), (False, False, False, False)), ((1, 3), (False, False, False, False))]","[((1, 2), (True, False, False, False)), ((10, 4), (False, False, False, False)), ((3, 5), (False, False, False, False)), ((1, 3), (False, False, False, False)), ((5, 5), (False, False, False, False)), ((2, 1), (True, False, False, False))]",21 items,18.0,49.0,67.0
22,"((1, 2), (True, False, False, False))","((1, 1), (True, False, False, False))",North,"[((1, 3), (True, False, False, False)), ((1, 1), (True, False, False, False)), ((2, 2), (True, False, False, False))]","[((1, 2), (True, False, False, False)), ((10, 4), (False, False, False, False)), ((3, 5), (False, False, False, False)), ((1, 3), (False, False, False, False)), ((5, 5), (False, False, False, False)), ((2, 1), (True, False, False, False))]","[((1, 3), (True, False, False, False)), ((5, 5), (False, False, False, False)), ((10, 4), (False, False, False, False)), ((1, 3), (False, False, False, False)), ((2, 1), (True, False, False, False)), ((3, 5), (False, False, False, False)), ((2, 2), (True, False, False, False))]",22 items,19.0,48.0,67.0
23,"((1, 3), (True, False, False, False))","((1, 2), (True, False, False, False))",North,"[((1, 4), (True, False, False, False)), ((1, 2), (True, False, False, False))]","[((1, 3), (True, False, False, False)), ((5, 5), (False, False, False, False)), ((10, 4), (False, False, False, False)), ((1, 3), (False, False, False, False)), ((2, 1), (True, False, False, False)), ((3, 5), (False, False, False, False)), ((2, 2), (True, False, False, False))]","[((1, 4), (True, False, False, False)), ((5, 5), (False, False, False, False)), ((10, 4), (False, False, False, False)), ((1, 3), (False, False, False, False)), ((2, 1), (True, False, False, False)), ((2, 2), (True, False, False, False)), ((3, 5), (False, False, False, False))]",23 items,20.0,47.0,67.0
24,"((1, 4), (True, False, False, False))","((1, 3), (True, False, False, False))",North,"[((1, 3), (True, False, False, False))]","[((1, 4), (True, False, False, False)), ((5, 5), (False, False, False, False)), ((10, 4), (False, False, False, False)), ((1, 3), (False, False, False, False)), ((2, 1), (True, False, False, False)), ((2, 2), (True, False, False, False)), ((3, 5), (False, False, False, False))]","[((10, 4), (False, False, False, False)), ((5, 5), (False, False, False, False)), ((3, 5), (False, False, False, False)), ((1, 3), (False, False, False, False)), ((2, 1), (True, False, False, False)), ((2, 2), (True, False, False, False))]",24 items,21.0,46.0,67.0
25,"((10, 4), (False, False, False, False))","((9, 4), (False, False, False, False))",East,"[((11, 4), (False, False, False, False)), ((9, 4), (False, False, False, False))]","[((10, 4), (False, False, False, False)), ((5, 5), (False, False, False, False)), ((3, 5), (False, False, False, False)), ((1, 3), (False, False, False, False)), ((2, 1), (True, False, False, False)), ((2, 2), (True, False, False, False))]","[((5, 5), (False, False, False, False)), ((1, 3), (False, False, False, False)), ((3, 5), (False, False, False, False)), ((2, 2), (True, False, False, False)), ((2, 1), (True, False, False, False)), ((11, 4), (False, False, False, False))]",25 items,8.0,61.0,69.0
26,"((5, 5), (False, False, False, False))","((5, 4), (False, False, False, False))",North,"[((5, 6), (False, False, False, False)), ((5, 4), (False, False, False, False))]","[((5, 5), (False, False, False, False)), ((1, 3), (False, False, False, False)), ((3, 5), (False, False, False, False)), ((2, 2), (True, False, False, False)), ((2, 1), (True, False, False, False)), ((11, 4), (False, False, False, False))]","[((3, 5), (False, False, False, False)), ((1, 3), (False, False, False, False)), ((11, 4), (False, False, False, False)), ((2, 2), (True, False, False, False)), ((2, 1), (True, False, False, False)), ((5, 6), (False, False, False, False))]",26 items,12.0,57.0,69.0
27,"((3, 5), (False, False, False, False))","((3, 4), (False, False, False, False))",North,"[((3, 6), (False, False, False, False)), ((3, 4), (False, False, False, False))]","[((3, 5), (False, False, False, False)), ((1, 3), (False, False, False, False)), ((11, 4), (False, False, False, False)), ((2, 2), (True, False, False, False)), ((2, 1), (True, False, False, False)), ((5, 6), (False, False, False, False))]","[((1, 3), (False, False, False, False)), ((2, 1), (True, False, False, False)), ((11, 4), (False, False, False, False)), ((2, 2), (True, False, False, False)), ((5, 6), (False, False, False, False)), ((3, 6), (False, False, False, False))]",27 items,14.0,55.0,69.0
28,"((1, 3), (False, False, False, False))","((1, 2), (False, False, False, False))",North,"[((1, 4), (False, False, False, False)), ((1, 2), (False, False, False, False))]","[((1, 3), (False, False, False, False)), ((2, 1), (True, False, False, False)), ((11, 4), (False, False, False, False)), ((2, 2), (True, False, False, False)), ((5, 6), (False, False, False, False)), ((3, 6), (False, False, False, False))]","[((2, 1), (True, False, False, False)), ((2, 2), (True, False, False, False)), ((11, 4), (False, False, False, False)), ((3, 6), (False, False, False, False)), ((5, 6), (False, False, False, False)), ((1, 4), (False, False, False, False))]",28 items,18.0,51.0,69.0
29,"((2, 1), (True, False, False, False))","((1, 1), (True, False, False, False))",East,"[((2, 2), (True, False, False, False)), ((3, 1), (True, False, False, False)), ((1, 1), (True, False, False, False))]","[((2, 1), (True, False, False, False)), ((2, 2), (True, False, False, False)), ((11, 4), (False, False, False, False)), ((3, 6), (False, False, False, False)), ((5, 6), (False, False, False, False)), ((1, 4), (False, False, False, False))]","[((2, 2), (True, False, False, False)), ((5, 6), (False, False, False, False)), ((11, 4), (False, False, False, False)), ((3, 6), (False, False, False, False)), ((1, 4), (False, False, False, False)), ((3, 1), (True, False, False, False))]",29 items,19.0,50.0,69.0
30,"((2, 2), (True, False, False, False))","((1, 2), (True, False, False, False))",East,"[((2, 1), (True, False, False, False)), ((3, 2), (True, False, False, False)), ((1, 2), (True, False, False, False))]","[((2, 2), (True, False, False, False)), ((5, 6), (False, False, False, False)), ((11, 4), (False, False, False, False)), ((3, 6), (False, False, False, False)), ((1, 4), (False, False, False, False)), ((3, 1), (True, False, False, False))]","[((11, 4), (False, False, False, False)), ((5, 6), (False, False, False, False)), ((3, 1), (True, False, False, False)), ((3, 6), (False, False, False, False)), ((1, 4), (False, False, False, False)), ((3, 2), (True, False, False, False))]",30 items,20.0,49.0,69.0
31,"((11, 4), (False, False, False, False))","((10, 4), (False, False, False, False))",East,"[((11, 3), (False, False, False, False)), ((12, 4), (False, False, False, False)), ((10, 4), (False, False, False, False))]","[((11, 4), (False, False, False, False)), ((5, 6), (False, False, False, False)), ((3, 1), (True, False, False, False)), ((3, 6), (False, False, False, False)), ((1, 4), (False, False, False, False)), ((3, 2), (True, False, False, False))]","[((5, 6), (False, False, False, False)), ((3, 6), (False, False, False, False)), ((3, 1), (True, False, False, False)), ((3, 2), (True, False, False, False)), ((1, 4), (False, False, False, False)), ((11, 3), (False, False, False, False)), ((12, 4), (False, False, False, False))]",31 items,9.0,62.0,71.0
32,"((5, 6), (False, False, False, False))","((5, 5), (False, False, False, False))",North,"[((5, 7), (False, False, False, False)), ((5, 5), (False, False, False, False)), ((6, 6), (False, False, False, False)), ((4, 6), (False, False, False, False))]","[((5, 6), (False, False, False, False)), ((3, 6), (False, False, False, False)), ((3, 1), (True, False, False, False)), ((3, 2), (True, False, False, False)), ((1, 4), (False, False, False, False)), ((11, 3), (False, False, False, False)), ((12, 4), (False, False, False, False))]","[((3, 6), (False, False, False, False)), ((1, 4), (False, False, False, False)), ((3, 1), (True, False, False, False)), ((3, 2), (True, False, False, False)), ((12, 4), (False, False, False, False)), ((11, 3), (False, False, False, False)), ((5, 7), (False, False, False, False)), ((6, 6), (False, False, False, False)), ((4, 6), (False, False, False, False))]",32 items,13.0,58.0,71.0
33,"((3, 6), (False, False, False, False))","((3, 5), (False, False, False, False))",North,"[((3, 5), (False, False, False, False)), ((4, 6), (False, False, False, False)), ((2, 6), (False, False, False, False))]","[((3, 6), (False, False, False, False)), ((1, 4), (False, False, False, False)), ((3, 1), (True, False, False, False)), ((3, 2), (True, False, False, False)), ((12, 4), (False, False, False, False)), ((11, 3), (False, False, False, False)), ((5, 7), (False, False, False, False)), ((6, 6), (False, False, False, False)), ((4, 6), (False, False, False, False))]","[((1, 4), (False, False, False, False)), ((3, 2), (True, False, False, False)), ((3, 1), (True, False, False, False)), ((4, 6), (False, False, False, False)), ((12, 4), (False, False, False, False)), ((11, 3), (False, False, False, False)), ((5, 7), (False, False, False, False)), ((6, 6), (False, False, False, False)), ((2, 6), (False, False, False, False))]",33 items,15.0,56.0,71.0
34,"((1, 4), (False, False, False, False))","((1, 3), (False, False, False, False))",North,"[((1, 3), (False, False, False, False))]","[((1, 4), (False, False, False, False)), ((3, 2), (True, False, False, False)), ((3, 1), (True, False, False, False)), ((4, 6), (False, False, False, False)), ((12, 4), (False, False, False, False)), ((11, 3), (False, False, False, False)), ((5, 7), (False, False, False, False)), ((6, 6), (False, False, False, False)), ((2, 6), (False, False, False, False))]","[((3, 1), (True, False, False, False)), ((3, 2), (True, False, False, False)), ((11, 3), (False, False, False, False)), ((4, 6), (False, False, False, False)), ((12, 4), (False, False, False, False)), ((2, 6), (False, False, False, False)), ((5, 7), (False, False, False, False)), ((6, 6), (False, False, False, False))]",34 items,19.0,52.0,71.0
35,"((3, 1), (True, False, False, False))","((2, 1), (True, False, False, False))",East,"[((3, 2), (True, False, False, False)), ((2, 1), (True, False, False, False))]","[((3, 1), (True, False, False, False)), ((3, 2), (True, False, False, False)), ((11, 3), (False, False, False, False)), ((4, 6), (False, False, False, False)), ((12, 4), (False, False, False, False)), ((2, 6), (False, False, False, False)), ((5, 7), (False, False, False, False)), ((6, 6), (False, False, False, False))]","[((3, 2), (True, False, False, False)), ((4, 6), (False, False, False, False)), ((11, 3), (False, False, False, False)), ((6, 6), (False, False, False, False)), ((12, 4), (False, False, False, False)), ((2, 6), (False, False, False, False)), ((5, 7), (False, False, False, False))]",35 items,20.0,51.0,71.0
36,"((3, 2), (True, False, False, False))","((2, 2), (True, False, False, False))",East,"[((3, 3), (True, False, False, False)), ((3, 1), (True, False, False, False)), ((2, 2), (True, False, False, False))]","[((3, 2), (True, False, False, False)), ((4, 6), (False, False, False, False)), ((11, 3), (False, False, False, False)), ((6, 6), (False, False, False, False)), ((12, 4), (False, False, False, False)), ((2, 6), (False, False, False, False)), ((5, 7), (False, False, False, False))]","[((11, 3), (False, False, False, False)), ((4, 6), (False, False, False, False)), ((2, 6), (False, False, False, False)), ((6, 6), (False, False, False, False)), ((12, 4), (False, False, False, False)), ((5, 7), (False, False, False, False)), ((3, 3), (True, False, False, False))]",36 items,21.0,50.0,71.0
37,"((11, 3), (False, False, False, False))","((11, 4), (False, False, False, False))",South,"[((11, 4), (False, False, False, False)), ((11, 2), (False, False, False, False))]","[((11, 3), (False, False, False, False)), ((4, 6), (False, False, False, False)), ((2, 6), (False, False, False, False)), ((6, 6), (False, False, False, False)), ((12, 4), (False, False, False, False)), ((5, 7), (False, False, False, False)), ((3, 3), (True, False, False, False))]","[((4, 6), (False, False, False, False)), ((3, 3), (True, False, False, False)), ((2, 6), (False, False, False, False)), ((6, 6), (False, False, False, False)), ((12, 4), (False, False, False, False)), ((5, 7), (False, False, False, False)), ((11, 2), (False, False, False, False))]",37 items,10.0,61.0,71.0
38,"((4, 6), (False, False, False, False))","((5, 6), (False, False, False, False))",West,"[((5, 6), (False, False, False, False)), ((3, 6), (False, False, False, False))]","[((4, 6), (False, False, False, False)), ((3, 3), (True, False, False, False)), ((2, 6), (False, False, False, False)), ((6, 6), (False, False, False, False)), ((12, 4), (False, False, False, False)), ((5, 7), (False, False, False, False)), ((11, 2), (False, False, False, False))]","[((2, 6), (False, False, False, False)), ((3, 3), (True, False, False, False)), ((11, 2), (False, False, False, False)), ((6, 6), (False, False, False, False)), ((12, 4), (False, False, False, False)), ((5, 7), (False, False, False, False))]",38 items,14.0,57.0,71.0
39,"((2, 6), (False, False, False, False))","((3, 6), (False, False, False, False))",West,"[((3, 6), (False, False, False, False)), ((1, 6), (False, False, False, False))]","[((2, 6), (False, False, False, False)), ((3, 3), (True, False, False, False)), ((11, 2), (False, False, False, False)), ((6, 6), (False, False, False, False)), ((12, 4), (False, False, False, False)), ((5, 7), (False, False, False, False))]","[((3, 3), (True, False, False, False)), ((5, 7), (False, False, False, False)), ((11, 2), (False, False, False, False)), ((6, 6), (False, False, False, False)), ((12, 4), (False, False, False, False)), ((1, 6), (False, False, False, False))]",39 items,16.0,55.0,71.0
40,"((3, 3), (True, False, False, False))","((3, 2), (True, False, False, False))",North,"[((3, 4), (True, False, False, False)), ((3, 2), (True, False, False, False))]","[((3, 3), (True, False, False, False)), ((5, 7), (False, False, False, False)), ((11, 2), (False, False, False, False)), ((6, 6), (False, False, False, False)), ((12, 4), (False, False, False, False)), ((1, 6), (False, False, False, False))]","[((11, 2), (False, False, False, False)), ((5, 7), (False, False, False, False)), ((1, 6), (False, False, False, False)), ((6, 6), (False, False, False, False)), ((12, 4), (False, False, False, False)), ((3, 4), (True, False, False, False))]",40 items,22.0,49.0,71.0
41,"((11, 2), (False, False, False, False))","((11, 3), (False, False, False, False))",South,"[((11, 3), (False, False, False, False)), ((11, 1), (False, False, False, False)), ((12, 2), (False, False, False, False))]","[((11, 2), (False, False, False, False)), ((5, 7), (False, False, False, False)), ((1, 6), (False, False, False, False)), ((6, 6), (False, False, False, False)), ((12, 4), (False, False, False, False)), ((3, 4), (True, False, False, False))]","[((1, 6), (False, False, False, False)), ((5, 7), (False, False, False, False)), ((3, 4), (True, False, False, False)), ((6, 6), (False, False, False, False)), ((12, 4), (False, False, False, False)), ((11, 1), (False, False, False, False)), ((12, 2), (False, False, False, False))]",41 items,11.0,60.0,71.0
42,"((1, 6), (False, False, False, False))","((2, 6), (False, False, False, False))",West,"[((1, 7), (False, False, False, False)), ((2, 6), (False, False, False, False))]","[((1, 6), (False, False, False, False)), ((5, 7), (False, False, False, False)), ((3, 4), (True, False, False, False)), ((6, 6), (False, False, False, False)), ((12, 4), (False, False, False, False)), ((11, 1), (False, False, False, False)), ((12, 2), (False, False, False, False))]","[((3, 4), (True, False, False, False)), ((5, 7), (False, False, False, False)), ((11, 1), (False, False, False, False)), ((6, 6), (False, False, False, False)), ((12, 4), (False, False, False, False)), ((12, 2), (False, False, False, False)), ((1, 7), (False, False, False, False))]",42 items,17.0,54.0,71.0
43,"((3, 4), (True, False, False, False))","((3, 3), (True, False, False, False))",North,"[((3, 5), (True, False, False, False)), ((3, 3), (True, False, False, False)), ((4, 4), (True, False, False, False))]","[((3, 4), (True, False, False, False)), ((5, 7), (False, False, False, False)), ((11, 1), (False, False, False, False)), ((6, 6), (False, False, False, False)), ((12, 4), (False, False, False, False)), ((12, 2), (False, False, False, False)), ((1, 7), (False, False, False, False))]","[((11, 1), (False, False, False, False)), ((5, 7), (False, False, False, False)), ((3, 5), (True, False, False, False)), ((6, 6), (False, False, False, False)), ((12, 4), (False, False, False, False)), ((12, 2), (False, False, False, False)), ((1, 7), (False, False, False, False)), ((4, 4), (True, False, False, False))]",43 items,23.0,48.0,71.0
44,"((11, 1), (False, False, False, False))","((11, 2), (False, False, False, False))",South,"[((11, 2), (False, False, False, False)), ((12, 1), (False, False, False, False))]","[((11, 1), (False, False, False, False)), ((5, 7), (False, False, False, False)), ((3, 5), (True, False, False, False)), ((6, 6), (False, False, False, False)), ((12, 4), (False, False, False, False)), ((12, 2), (False, False, False, False)), ((1, 7), (False, False, False, False)), ((4, 4), (True, False, False, False))]","[((3, 5), (True, False, False, False)), ((5, 7), (False, False, False, False)), ((1, 7), (False, False, False, False)), ((6, 6), (False, False, False, False)), ((12, 4), (False, False, False, False)), ((12, 2), (False, False, False, False)), ((4, 4), (True, False, False, False)), ((12, 1), (False, False, False, False))]",44 items,12.0,59.0,71.0
45,"((3, 5), (True, False, False, False))","((3, 4), (True, False, False, False))",North,"[((3, 6), (True, False, False, False)), ((3, 4), (True, False, False, False))]","[((3, 5), (True, False, False, False)), ((5, 7), (False, False, False, False)), ((1, 7), (False, False, False, False)), ((6, 6), (False, False, False, False)), ((12, 4), (False, False, False, False)), ((12, 2), (False, False, False, False)), ((4, 4), (True, False, False, False)), ((12, 1), (False, False, False, False))]","[((3, 6), (True, False, False, False)), ((5, 7), (False, False, False, False)), ((1, 7), (False, False, False, False)), ((12, 4), (False, False, False, False)), ((12, 1), (False, False, False, False)), ((12, 2), (False, False, False, False)), ((4, 4), (True, False, False, False)), ((6, 6), (False, False, False, False))]",45 items,24.0,47.0,71.0
46,"((3, 6), (True, False, False, False))","((3, 5), (True, False, False, False))",North,"[((3, 5), (True, False, False, False)), ((4, 6), (True, False, False, False)), ((2, 6), (True, False, False, False))]","[((3, 6), (True, False, False, False)), ((5, 7), (False, False, False, False)), ((1, 7), (False, False, False, False)), ((12, 4), (False, False, False, False)), ((12, 1), (False, False, False, False)), ((12, 2), (False, False, False, False)), ((4, 4), (True, False, False, False)), ((6, 6), (False, False, False, False))]","[((2, 6), (True, False, False, False)), ((5, 7), (False, False, False, False)), ((1, 7), (False, False, False, False)), ((12, 4), (False, False, False, False)), ((12, 1), (False, False, False, False)), ((12, 2), (False, False, False, False)), ((4, 4), (True, False, False, False)), ((4, 6), (True, False, False, False)), ((6, 6), (False, False, False, False))]",46 items,25.0,46.0,71.0
47,"((2, 6), (True, False, False, False))","((3, 6), (True, False, False, False))",West,"[((3, 6), (True, False, False, False)), ((1, 6), (True, False, False, False))]","[((2, 6), (True, False, False, False)), ((5, 7), (False, False, False, False)), ((1, 7), (False, False, False, False)), ((12, 4), (False, False, False, False)), ((12, 1), (False, False, False, False)), ((12, 2), (False, False, False, False)), ((4, 4), (True, False, False, False)), ((4, 6), (True, False, False, False)), ((6, 6), (False, False, False, False))]","[((1, 6), (True, False, False, False)), ((5, 7), (False, False, False, False)), ((1, 7), (False, False, False, False)), ((12, 4), (False, False, False, False)), ((12, 1), (False, False, False, False)), ((12, 2), (False, False, False, False)), ((4, 4), (True, False, False, False)), ((4, 6), (True, False, False, False)), ((6, 6), (False, False, False, False))]",47 items,26.0,45.0,71.0
48,"((1, 6), (True, False, False, False))","((2, 6), (True, False, False, False))",West,"[((1, 7), (True, False, False, False)), ((2, 6), (True, False, False, False))]","[((1, 6), (True, False, False, False)), ((5, 7), (False, False, False, False)), ((1, 7), (False, False, False, False)), ((12, 4), (False, False, False, False)), ((12, 1), (False, False, False, False)), ((12, 2), (False, False, False, False)), ((4, 4), (True, False, False, False)), ((4, 6), (True, False, False, False)), ((6, 6), (False, False, False, False))]","[((1, 7), (True, False, False, False)), ((5, 7), (False, False, False, False)), ((1, 7), (False, False, False, False)), ((12, 4), (False, False, False, False)), ((12, 1), (False, False, False, False)), ((12, 2), (False, False, False, False)), ((4, 4), (True, False, False, False)), ((4, 6), (True, False, False, False)), ((6, 6), (False, False, False, False))]",48 items,27.0,44.0,71.0
49,"((1, 7), (True, False, False, False))","((1, 6), (True, False, False, False))",North,"[((1, 8), (True, False, False, False)), ((1, 6), (True, False, False, False))]","[((1, 7), (True, False, False, False)), ((5, 7), (False, False, False, False)), ((1, 7), (False, False, False, False)), ((12, 4), (False, False, False, False)), ((12, 1), (False, False, False, False)), ((12, 2), (False, False, False, False)), ((4, 4), (True, False, False, False)), ((4, 6), (True, False, False, False)), ((6, 6), (False, False, False, False))]","[((1, 8), (True, False, False, False)), ((5, 7), (False, False, False, False)), ((1, 7), (False, False, False, False)), ((12, 4), (False, False, False, False)), ((12, 1), (False, False, False, False)), ((12, 2), (False, False, False, False)), ((4, 4), (True, False, False, False)), ((4, 6), (True, False, False, False)), ((6, 6), (False, False, False, False))]",49 items,28.0,43.0,71.0
50,"((1, 8), (True, False, False, False))","((1, 7), (True, False, False, False))",North,"[((1, 7), (True, False, False, False)), ((2, 8), (True, False, False, False))]","[((1, 8), (True, False, False, False)), ((5, 7), (False, False, False, False)), ((1, 7), (False, False, False, False)), ((12, 4), (False, False, False, False)), ((12, 1), (False, False, False, False)), ((12, 2), (False, False, False, False)), ((4, 4), (True, False, False, False)), ((4, 6), (True, False, False, False)), ((6, 6), (False, False, False, False))]","[((5, 7), (False, False, False, False)), ((12, 4), (False, False, False, False)), ((1, 7), (False, False, False, False)), ((6, 6), (False, False, False, False)), ((12, 1), (False, False, False, False)), ((12, 2), (False, False, False, False)), ((4, 4), (True, False, False, False)), ((4, 6), (True, False, False, False)), ((2, 8), (True, False, False, False))]",50 items,29.0,42.0,71.0
51,"((5, 7), (False, False, False, False))","((5, 6), (False, False, False, False))",North,"[((5, 8), (False, False, False, False)), ((5, 6), (False, False, False, False))]","[((5, 7), (False, False, False, False)), ((12, 4), (False, False, False, False)), ((1, 7), (False, False, False, False)), ((6, 6), (False, False, False, False)), ((12, 1), (False, False, False, False)), ((12, 2), (False, False, False, False)), ((4, 4), (True, False, False, False)), ((4, 6), (True, False, False, False)), ((2, 8), (True, False, False, False))]","[((1, 7), (False, False, False, False)), ((5, 8), (False, False, False, False)), ((12, 2), (False, False, False, False)), ((12, 4), (False, False, False, False)), ((12, 1), (False, False, False, False)), ((2, 8), (True, False, False, False)), ((4, 4), (True, False, False, False)), ((4, 6), (True, False, False, False)), ((6, 6), (False, False, False, False))]",51 items,14.0,58.0,72.0
52,"((1, 7), (False, False, False, False))","((1, 6), (False, False, False, False))",North,"[((1, 8), (False, False, False, False)), ((1, 6), (False, False, False, False))]","[((1, 7), (False, False, False, False)), ((5, 8), (False, False, False, False)), ((12, 2), (False, False, False, False)), ((12, 4), (False, False, False, False)), ((12, 1), (False, False, False, False)), ((2, 8), (True, False, False, False)), ((4, 4), (True, False, False, False)), ((4, 6), (True, False, False, False)), ((6, 6), (False, False, False, False))]","[((5, 8), (False, False, False, False)), ((1, 8), (False, False, False, False)), ((12, 2), (False, False, False, False)), ((12, 4), (False, False, False, False)), ((12, 1), (False, False, False, False)), ((2, 8), (True, False, False, False)), ((4, 4), (True, False, False, False)), ((4, 6), (True, False, False, False)), ((6, 6), (False, False, False, False))]",52 items,18.0,54.0,72.0
53,"((5, 8), (False, False, False, False))","((5, 7), (False, False, False, False))",North,"[((5, 9), (False, False, False, False)), ((5, 7), (False, False, False, False))]","[((5, 8), (False, False, False, False)), ((1, 8), (False, False, False, False)), ((12, 2), (False, False, False, False)), ((12, 4), (False, False, False, False)), ((12, 1), (False, False, False, False)), ((2, 8), (True, False, False, False)), ((4, 4), (True, False, False, False)), ((4, 6), (True, False, False, False)), ((6, 6), (False, False, False, False))]","[((1, 8), (False, False, False, False)), ((5, 9), (False, False, False, False)), ((12, 2), (False, False, False, False)), ((12, 4), (False, False, False, False)), ((12, 1), (False, False, False, False)), ((2, 8), (True, False, False, False)), ((4, 4), (True, False, False, False)), ((4, 6), (True, False, False, False)), ((6, 6), (False, False, False, False))]",53 items,15.0,57.0,72.0
54,"((1, 8), (False, False, False, False))","((1, 7), (False, False, False, False))",North,"[((1, 7), (False, False, False, False)), ((2, 8), (False, False, False, False))]","[((1, 8), (False, False, False, False)), ((5, 9), (False, False, False, False)), ((12, 2), (False, False, False, False)), ((12, 4), (False, False, False, False)), ((12, 1), (False, False, False, False)), ((2, 8), (True, False, False, False)), ((4, 4), (True, False, False, False)), ((4, 6), (True, False, False, False)), ((6, 6), (False, False, False, False))]","[((5, 9), (False, False, False, False)), ((12, 4), (False, False, False, False)), ((12, 2), (False, False, False, False)), ((6, 6), (False, False, False, False)), ((12, 1), (False, False, False, False)), ((2, 8), (True, False, False, False)), ((4, 4), (True, False, False, False)), ((4, 6), (True, False, False, False)), ((2, 8), (False, False, False, False))]",54 items,19.0,53.0,72.0
55,"((5, 9), (False, False, False, False))","((5, 8), (False, False, False, False))",North,"[((5, 10), (False, False, False, False)), ((5, 8), (False, False, False, False))]","[((5, 9), (False, False, False, False)), ((12, 4), (False, False, False, False)), ((12, 2), (False, False, False, False)), ((6, 6), (False, False, False, False)), ((12, 1), (False, False, False, False)), ((2, 8), (True, False, False, False)), ((4, 4), (True, False, False, False)), ((4, 6), (True, False, False, False)), ((2, 8), (False, False, False, False))]","[((5, 10), (False, False, False, False)), ((12, 4), (False, False, False, False)), ((12, 2), (False, False, False, False)), ((6, 6), (False, False, False, False)), ((12, 1), (False, False, False, False)), ((2, 8), (True, False, False, False)), ((4, 4), (True, False, False, False)), ((2, 8), (False, False, False, False)), ((4, 6), (True, False, False, False))]",55 items,16.0,56.0,72.0
56,"((5, 10), (False, False, False, False))","((5, 9), (False, False, False, False))",North,"[((5, 11), (False, False, False, False)), ((5, 9), (False, False, False, False)), ((6, 10), (False, False, False, False)), ((4, 10), (False, False, False, False))]","[((5, 10), (False, False, False, False)), ((12, 4), (False, False, False, False)), ((12, 2), (False, False, False, False)), ((6, 6), (False, False, False, False)), ((12, 1), (False, False, False, False)), ((2, 8), (True, False, False, False)), ((4, 4), (True, False, False, False)), ((2, 8), (False, False, False, False)), ((4, 6), (True, False, False, False))]","[((5, 11), (False, False, False, False)), ((4, 10), (False, False, False, False)), ((12, 2), (False, False, False, False)), ((6, 6), (False, False, False, False)), ((12, 4), (False, False, False, False)), ((2, 8), (True, False, False, False)), ((4, 4), (True, False, False, False)), ((2, 8), (False, False, False, False)), ((4, 6), (True, False, False, False)), ((6, 10), (False, False, False, False)), ((12, 1), (False, False, False, False))]",56 items,17.0,55.0,72.0
57,"((5, 11), (False, False, False, False))","((5, 10), (False, False, False, False))",North,"[((5, 12), (False, False, False, False)), ((5, 10), (False, False, False, False)), ((6, 11), (False, False, False, False)), ((4, 11), (False, False, False, False))]","[((5, 11), (False, False, False, False)), ((4, 10), (False, False, False, False)), ((12, 2), (False, False, False, False)), ((6, 6), (False, False, False, False)), ((12, 4), (False, False, False, False)), ((2, 8), (True, False, False, False)), ((4, 4), (True, False, False, False)), ((2, 8), (False, False, False, False)), ((4, 6), (True, False, False, False)), ((6, 10), (False, False, False, False)), ((12, 1), (False, False, False, False))]","[((4, 10), (False, False, False, False)), ((5, 12), (False, False, False, False)), ((4, 11), (False, False, False, False)), ((6, 6), (False, False, False, False)), ((12, 4), (False, False, False, False)), ((12, 2), (False, False, False, False)), ((4, 4), (True, False, False, False)), ((2, 8), (False, False, False, False)), ((4, 6), (True, False, False, False)), ((6, 10), (False, False, False, False)), ((12, 1), (False, False, False, False)), ((6, 11), (False, False, False, False)), ((2, 8), (True, False, False, False))]",57 items,18.0,54.0,72.0
58,"((4, 10), (False, False, False, False))","((5, 10), (False, False, False, False))",West,"[((4, 11), (False, False, False, False)), ((5, 10), (False, False, False, False)), ((3, 10), (False, False, False, False))]","[((4, 10), (False, False, False, False)), ((5, 12), (False, False, False, False)), ((4, 11), (False, False, False, False)), ((6, 6), (False, False, False, False)), ((12, 4), (False, False, False, False)), ((12, 2), (False, False, False, False)), ((4, 4), (True, False, False, False)), ((2, 8), (False, False, False, False)), ((4, 6), (True, False, False, False)), ((6, 10), (False, False, False, False)), ((12, 1), (False, False, False, False)), ((6, 11), (False, False, False, False)), ((2, 8), (True, False, False, False))]","[((5, 12), (False, False, False, False)), ((12, 4), (False, False, False, False)), ((4, 11), (False, False, False, False)), ((6, 6), (False, False, False, False)), ((12, 1), (False, False, False, False)), ((3, 10), (False, False, False, False)), ((4, 4), (True, False, False, False)), ((2, 8), (False, False, False, False)), ((4, 6), (True, False, False, False)), ((6, 10), (False, False, False, False)), ((2, 8), (True, False, False, False)), ((6, 11), (False, False, False, False)), ((12, 2), (False, False, False, False))]",58 items,18.0,54.0,72.0
59,"((5, 12), (False, False, False, False))","((5, 11), (False, False, False, False))",North,"[((5, 11), (False, False, False, False)), ((6, 12), (False, False, False, False)), ((4, 12), (False, False, False, False))]","[((5, 12), (False, False, False, False)), ((12, 4), (False, False, False, False)), ((4, 11), (False, False, False, False)), ((6, 6), (False, False, False, False)), ((12, 1), (False, False, False, False)), ((3, 10), (False, False, False, False)), ((4, 4), (True, False, False, False)), ((2, 8), (False, False, False, False)), ((4, 6), (True, False, False, False)), ((6, 10), (False, False, False, False)), ((2, 8), (True, False, False, False)), ((6, 11), (False, False, False, False)), ((12, 2), (False, False, False, False))]","[((4, 11), (False, False, False, False)), ((12, 4), (False, False, False, False)), ((3, 10), (False, False, False, False)), ((6, 6), (False, False, False, False)), ((12, 1), (False, False, False, False)), ((12, 2), (False, False, False, False)), ((4, 12), (False, False, False, False)), ((2, 8), (False, False, False, False)), ((4, 6), (True, False, False, False)), ((6, 10), (False, False, False, False)), ((2, 8), (True, False, False, False)), ((6, 11), (False, False, False, False)), ((6, 12), (False, False, False, False)), ((4, 4), (True, False, False, False))]",59 items,19.0,53.0,72.0
60,"((4, 11), (False, False, False, False))","((5, 11), (False, False, False, False))",West,"[((4, 12), (False, False, False, False)), ((4, 10), (False, False, False, False)), ((5, 11), (False, False, False, False)), ((3, 11), (False, False, False, False))]","[((4, 11), (False, False, False, False)), ((12, 4), (False, False, False, False)), ((3, 10), (False, False, False, False)), ((6, 6), (False, False, False, False)), ((12, 1), (False, False, False, False)), ((12, 2), (False, False, False, False)), ((4, 12), (False, False, False, False)), ((2, 8), (False, False, False, False)), ((4, 6), (True, False, False, False)), ((6, 10), (False, False, False, False)), ((2, 8), (True, False, False, False)), ((6, 11), (False, False, False, False)), ((6, 12), (False, False, False, False)), ((4, 4), (True, False, False, False))]","[((3, 10), (False, False, False, False)), ((12, 4), (False, False, False, False)), ((4, 12), (False, False, False, False)), ((6, 6), (False, False, False, False)), ((12, 1), (False, False, False, False)), ((12, 2), (False, False, False, False)), ((3, 11), (False, False, False, False)), ((2, 8), (False, False, False, False)), ((4, 6), (True, False, False, False)), ((6, 10), (False, False, False, False)), ((2, 8), (True, False, False, False)), ((6, 11), (False, False, False, False)), ((6, 12), (False, False, False, False)), ((4, 4), (True, False, False, False))]",60 items,19.0,53.0,72.0
61,"((3, 10), (False, False, False, False))","((4, 10), (False, False, False, False))",West,"[((3, 11), (False, False, False, False)), ((4, 10), (False, False, False, False)), ((2, 10), (False, False, False, False))]","[((3, 10), (False, False, False, False)), ((12, 4), (False, False, False, False)), ((4, 12), (False, False, False, False)), ((6, 6), (False, False, False, False)), ((12, 1), (False, False, False, False)), ((12, 2), (False, False, False, False)), ((3, 11), (False, False, False, False)), ((2, 8), (False, False, False, False)), ((4, 6), (True, False, False, False)), ((6, 10), (False, False, False, False)), ((2, 8), (True, False, False, False)), ((6, 11), (False, False, False, False)), ((6, 12), (False, False, False, False)), ((4, 4), (True, False, False, False))]","[((4, 12), (False, False, False, False)), ((12, 4), (False, False, False, False)), ((3, 11), (False, False, False, False)), ((6, 6), (False, False, False, False)), ((12, 1), (False, False, False, False)), ((12, 2), (False, False, False, False)), ((2, 10), (False, False, False, False)), ((2, 8), (False, False, False, False)), ((4, 6), (True, False, False, False)), ((6, 10), (False, False, False, False)), ((2, 8), (True, False, False, False)), ((6, 11), (False, False, False, False)), ((6, 12), (False, False, False, False)), ((4, 4), (True, False, False, False))]",61 items,19.0,53.0,72.0
62,"((4, 12), (False, False, False, False))","((5, 12), (False, False, False, False))",West,"[((4, 11), (False, False, False, False)), ((5, 12), (False, False, False, False)), ((3, 12), (False, False, False, False))]","[((4, 12), (False, False, False, False)), ((12, 4), (False, False, False, False)), ((3, 11), (False, False, False, False)), ((6, 6), (False, False, False, False)), ((12, 1), (False, False, False, False)), ((12, 2), (False, False, False, False)), ((2, 10), (False, False, False, False)), ((2, 8), (False, False, False, False)), ((4, 6), (True, False, False, False)), ((6, 10), (False, False, False, False)), ((2, 8), (True, False, False, False)), ((6, 11), (False, False, False, False)), ((6, 12), (False, False, False, False)), ((4, 4), (True, False, False, False))]","[((3, 11), (False, False, False, False)), ((12, 4), (False, False, False, False)), ((2, 10), (False, False, False, False)), ((6, 6), (False, False, False, False)), ((12, 1), (False, False, False, False)), ((12, 2), (False, False, False, False)), ((3, 12), (False, False, False, False)), ((2, 8), (False, False, False, False)), ((4, 6), (True, False, False, False)), ((6, 10), (False, False, False, False)), ((2, 8), (True, False, False, False)), ((6, 11), (False, False, False, False)), ((6, 12), (False, False, False, False)), ((4, 4), (True, False, False, False))]",62 items,20.0,52.0,72.0
63,"((3, 11), (False, False, False, False))","((4, 11), (False, False, False, False))",West,"[((3, 12), (False, False, False, False)), ((3, 10), (False, False, False, False)), ((4, 11), (False, False, False, False)), ((2, 11), (False, False, False, False))]","[((3, 11), (False, False, False, False)), ((12, 4), (False, False, False, False)), ((2, 10), (False, False, False, False)), ((6, 6), (False, False, False, False)), ((12, 1), (False, False, False, False)), ((12, 2), (False, False, False, False)), ((3, 12), (False, False, False, False)), ((2, 8), (False, False, False, False)), ((4, 6), (True, False, False, False)), ((6, 10), (False, False, False, False)), ((2, 8), (True, False, False, False)), ((6, 11), (False, False, False, False)), ((6, 12), (False, False, False, False)), ((4, 4), (True, False, False, False))]","[((2, 10), (False, False, False, False)), ((12, 4), (False, False, False, False)), ((3, 12), (False, False, False, False)), ((6, 6), (False, False, False, False)), ((12, 1), (False, False, False, False)), ((12, 2), (False, False, False, False)), ((2, 11), (False, False, False, False)), ((2, 8), (False, False, False, False)), ((4, 6), (True, False, False, False)), ((6, 10), (False, False, False, False)), ((2, 8), (True, False, False, False)), ((6, 11), (False, False, False, False)), ((6, 12), (False, False, False, False)), ((4, 4), (True, False, False, False))]",63 items,20.0,52.0,72.0
64,"((2, 10), (False, False, False, False))","((3, 10), (False, False, False, False))",West,"[((2, 11), (False, False, False, False)), ((3, 10), (False, False, False, False)), ((1, 10), (False, False, False, False))]","[((2, 10), (False, False, False, False)), ((12, 4), (False, False, False, False)), ((3, 12), (False, False, False, False)), ((6, 6), (False, False, False, False)), ((12, 1), (False, False, False, False)), ((12, 2), (False, False, False, False)), ((2, 11), (False, False, False, False)), ((2, 8), (False, False, False, False)), ((4, 6), (True, False, False, False)), ((6, 10), (False, False, False, False)), ((2, 8), (True, False, False, False)), ((6, 11), (False, False, False, False)), ((6, 12), (False, False, False, False)), ((4, 4), (True, False, False, False))]","[((3, 12), (False, False, False, False)), ((12, 4), (False, False, False, False)), ((2, 11), (False, False, False, False)), ((6, 6), (False, False, False, False)), ((12, 1), (False, False, False, False)), ((12, 2), (False, False, False, False)), ((1, 10), (False, False, False, False)), ((2, 8), (False, False, False, False)), ((4, 6), (True, False, False, False)), ((6, 10), (False, False, False, False)), ((2, 8), (True, False, False, False)), ((6, 11), (False, False, False, False)), ((6, 12), (False, False, False, False)), ((4, 4), (True, False, False, False))]",64 items,20.0,52.0,72.0
65,"((3, 12), (False, False, False, False))","((4, 12), (False, False, False, False))",West,"[((3, 11), (False, False, False, False)), ((4, 12), (False, False, False, False)), ((2, 12), (False, False, False, False))]","[((3, 12), (False, False, False, False)), ((12, 4), (False, False, False, False)), ((2, 11), (False, False, False, False)), ((6, 6), (False, False, False, False)), ((12, 1), (False, False, False, False)), ((12, 2), (False, False, False, False)), ((1, 10), (False, False, False, False)), ((2, 8), (False, False, False, False)), ((4, 6), (True, False, False, False)), ((6, 10), (False, False, False, False)), ((2, 8), (True, False, False, False)), ((6, 11), (False, False, False, False)), ((6, 12), (False, False, False, False)), ((4, 4), (True, False, False, False))]","[((2, 11), (False, False, False, False)), ((12, 4), (False, False, False, False)), ((1, 10), (False, False, False, False)), ((6, 6), (False, False, False, False)), ((12, 1), (False, False, False, False)), ((12, 2), (False, False, False, False)), ((2, 12), (False, False, False, False)), ((2, 8), (False, False, False, False)), ((4, 6), (True, False, False, False)), ((6, 10), (False, False, False, False)), ((2, 8), (True, False, False, False)), ((6, 11), (False, False, False, False)), ((6, 12), (False, False, False, False)), ((4, 4), (True, False, False, False))]",65 items,21.0,51.0,72.0
66,"((2, 11), (False, False, False, False))","((3, 11), (False, False, False, False))",West,"[((2, 12), (False, False, False, False)), ((2, 10), (False, False, False, False)), ((3, 11), (False, False, False, False)), ((1, 11), (False, False, False, False))]","[((2, 11), (False, False, False, False)), ((12, 4), (False, False, False, False)), ((1, 10), (False, False, False, False)), ((6, 6), (False, False, False, False)), ((12, 1), (False, False, False, False)), ((12, 2), (False, False, False, False)), ((2, 12), (False, False, False, False)), ((2, 8), (False, False, False, False)), ((4, 6), (True, False, False, False)), ((6, 10), (False, False, False, False)), ((2, 8), (True, False, False, False)), ((6, 11), (False, False, False, False)), ((6, 12), (False, False, False, False)), ((4, 4), (True, False, False, False))]","[((1, 10), (False, False, False, False)), ((12, 4), (False, False, False, False)), ((2, 12), (False, False, False, False)), ((6, 6), (False, False, False, False)), ((12, 1), (False, False, False, False)), ((12, 2), (False, False, False, False)), ((1, 11), (False, False, False, False)), ((2, 8), (False, False, False, False)), ((4, 6), (True, False, False, False)), ((6, 10), (False, False, False, False)), ((2, 8), (True, False, False, False)), ((6, 11), (False, False, False, False)), ((6, 12), (False, False, False, False)), ((4, 4), (True, False, False, False))]",66 items,21.0,51.0,72.0
67,"((1, 10), (False, False, False, False))","((2, 10), (False, False, False, False))",West,"[((1, 11), (False, False, False, False)), ((2, 10), (False, False, False, False))]","[((1, 10), (False, False, False, False)), ((12, 4), (False, False, False, False)), ((2, 12), (False, False, False, False)), ((6, 6), (False, False, False, False)), ((12, 1), (False, False, False, False)), ((12, 2), (False, False, False, False)), ((1, 11), (False, False, False, False)), ((2, 8), (False, False, False, False)), ((4, 6), (True, False, False, False)), ((6, 10), (False, False, False, False)), ((2, 8), (True, False, False, False)), ((6, 11), (False, False, False, False)), ((6, 12), (False, False, False, False)), ((4, 4), (True, False, False, False))]","[((2, 12), (False, False, False, False)), ((12, 4), (False, False, False, False)), ((1, 11), (False, False, False, False)), ((6, 6), (False, False, False, False)), ((12, 1), (False, False, False, False)), ((12, 2), (False, False, False, False)), ((4, 4), (True, False, False, False)), ((2, 8), (False, False, False, False)), ((4, 6), (True, False, False, False)), ((6, 10), (False, False, False, False)), ((2, 8), (True, False, False, False)), ((6, 11), (False, False, False, False)), ((6, 12), (False, False, False, False))]",67 items,21.0,51.0,72.0
68,"((2, 12), (False, False, False, False))","((3, 12), (False, False, False, False))",West,"[((2, 11), (False, False, False, False)), ((3, 12), (False, False, False, False)), ((1, 12), (False, True, False, False))]","[((2, 12), (False, False, False, False)), ((12, 4), (False, False, False, False)), ((1, 11), (False, False, False, False)), ((6, 6), (False, False, False, False)), ((12, 1), (False, False, False, False)), ((12, 2), (False, False, False, False)), ((4, 4), (True, False, False, False)), ((2, 8), (False, False, False, False)), ((4, 6), (True, False, False, False)), ((6, 10), (False, False, False, False)), ((2, 8), (True, False, False, False)), ((6, 11), (False, False, False, False)), ((6, 12), (False, False, False, False))]","[((1, 11), (False, False, False, False)), ((12, 4), (False, False, False, False)), ((1, 12), (False, True, False, False)), ((6, 6), (False, False, False, False)), ((12, 1), (False, False, False, False)), ((12, 2), (False, False, False, False)), ((4, 4), (True, False, False, False)), ((2, 8), (False, False, False, False)), ((4, 6), (True, False, False, False)), ((6, 10), (False, False, False, False)), ((2, 8), (True, False, False, False)), ((6, 12), (False, False, False, False)), ((6, 11), (False, False, False, False))]",68 items,22.0,50.0,72.0
69,"((1, 11), (False, False, False, False))","((2, 11), (False, False, False, False))",West,"[((1, 12), (False, True, False, False)), ((1, 10), (False, False, False, False)), ((2, 11), (False, False, False, False))]","[((1, 11), (False, False, False, False)), ((12, 4), (False, False, False, False)), ((1, 12), (False, True, False, False)), ((6, 6), (False, False, False, False)), ((12, 1), (False, False, False, False)), ((12, 2), (False, False, False, False)), ((4, 4), (True, False, False, False)), ((2, 8), (False, False, False, False)), ((4, 6), (True, False, False, False)), ((6, 10), (False, False, False, False)), ((2, 8), (True, False, False, False)), ((6, 12), (False, False, False, False)), ((6, 11), (False, False, False, False))]","[((1, 12), (False, True, False, False)), ((12, 4), (False, False, False, False)), ((12, 2), (False, False, False, False)), ((6, 6), (False, False, False, False)), ((12, 1), (False, False, False, False)), ((6, 11), (False, False, False, False)), ((4, 4), (True, False, False, False)), ((2, 8), (False, False, False, False)), ((4, 6), (True, False, False, False)), ((6, 10), (False, False, False, False)), ((2, 8), (True, False, False, False)), ((6, 12), (False, False, False, False))]",69 items,22.0,50.0,72.0
70,"((1, 12), (False, True, False, False))","((2, 12), (False, False, False, False))",West,"[((1, 11), (False, True, False, False)), ((2, 12), (False, True, False, False))]","[((1, 12), (False, True, False, False)), ((12, 4), (False, False, False, False)), ((12, 2), (False, False, False, False)), ((6, 6), (False, False, False, False)), ((12, 1), (False, False, False, False)), ((6, 11), (False, False, False, False)), ((4, 4), (True, False, False, False)), ((2, 8), (False, False, False, False)), ((4, 6), (True, False, False, False)), ((6, 10), (False, False, False, False)), ((2, 8), (True, False, False, False)), ((6, 12), (False, False, False, False))]","[((1, 11), (False, True, False, False)), ((6, 6), (False, False, False, False)), ((12, 4), (False, False, False, False)), ((4, 6), (True, False, False, False)), ((12, 1), (False, False, False, False)), ((12, 2), (False, False, False, False)), ((4, 4), (True, False, False, False)), ((2, 8), (False, False, False, False)), ((6, 12), (False, False, False, False)), ((6, 10), (False, False, False, False)), ((2, 8), (True, False, False, False)), ((6, 11), (False, False, False, False)), ((2, 12), (False, True, False, False))]",70 items,23.0,49.0,72.0
71,"((1, 11), (False, True, False, False))","((1, 12), (False, True, False, False))",South,"[((1, 12), (False, True, False, False)), ((1, 10), (False, True, False, False)), ((2, 11), (False, True, False, False))]","[((1, 11), (False, True, False, False)), ((6, 6), (False, False, False, False)), ((12, 4), (False, False, False, False)), ((4, 6), (True, False, False, False)), ((12, 1), (False, False, False, False)), ((12, 2), (False, False, False, False)), ((4, 4), (True, False, False, False)), ((2, 8), (False, False, False, False)), ((6, 12), (False, False, False, False)), ((6, 10), (False, False, False, False)), ((2, 8), (True, False, False, False)), ((6, 11), (False, False, False, False)), ((2, 12), (False, True, False, False))]","[((1, 10), (False, True, False, False)), ((6, 6), (False, False, False, False)), ((12, 4), (False, False, False, False)), ((4, 6), (True, False, False, False)), ((12, 1), (False, False, False, False)), ((12, 2), (False, False, False, False)), ((4, 4), (True, False, False, False)), ((2, 8), (False, False, False, False)), ((6, 12), (False, False, False, False)), ((6, 10), (False, False, False, False)), ((2, 8), (True, False, False, False)), ((2, 12), (False, True, False, False)), ((6, 11), (False, False, False, False)), ((2, 11), (False, True, False, False))]",71 items,24.0,48.0,72.0
72,"((1, 10), (False, True, False, False))","((1, 11), (False, True, False, False))",South,"[((1, 11), (False, True, False, False)), ((2, 10), (False, True, False, False))]","[((1, 10), (False, True, False, False)), ((6, 6), (False, False, False, False)), ((12, 4), (False, False, False, False)), ((4, 6), (True, False, False, False)), ((12, 1), (False, False, False, False)), ((12, 2), (False, False, False, False)), ((4, 4), (True, False, False, False)), ((2, 8), (False, False, False, False)), ((6, 12), (False, False, False, False)), ((6, 10), (False, False, False, False)), ((2, 8), (True, False, False, False)), ((2, 12), (False, True, False, False)), ((6, 11), (False, False, False, False)), ((2, 11), (False, True, False, False))]","[((12, 4), (False, False, False, False)), ((6, 6), (False, False, False, False)), ((12, 2), (False, False, False, False)), ((4, 6), (True, False, False, False)), ((12, 1), (False, False, False, False)), ((6, 11), (False, False, False, False)), ((4, 4), (True, False, False, False)), ((2, 8), (False, False, False, False)), ((6, 12), (False, False, False, False)), ((6, 10), (False, False, False, False)), ((2, 8), (True, False, False, False)), ((2, 12), (False, True, False, False)), ((2, 11), (False, True, False, False)), ((2, 10), (False, True, False, False))]",72 items,25.0,47.0,72.0
73,"((12, 4), (False, False, False, False))","((11, 4), (False, False, False, False))",East,"[((13, 4), (False, False, False, False)), ((11, 4), (False, False, False, False))]","[((12, 4), (False, False, False, False)), ((6, 6), (False, False, False, False)), ((12, 2), (False, False, False, False)), ((4, 6), (True, False, False, False)), ((12, 1), (False, False, False, False)), ((6, 11), (False, False, False, False)), ((4, 4), (True, False, False, False)), ((2, 8), (False, False, False, False)), ((6, 12), (False, False, False, False)), ((6, 10), (False, False, False, False)), ((2, 8), (True, False, False, False)), ((2, 12), (False, True, False, False)), ((2, 11), (False, True, False, False)), ((2, 10), (False, True, False, False))]","[((6, 6), (False, False, False, False)), ((12, 1), (False, False, False, False)), ((12, 2), (False, False, False, False)), ((4, 6), (True, False, False, False)), ((2, 8), (True, False, False, False)), ((6, 11), (False, False, False, False)), ((4, 4), (True, False, False, False)), ((2, 8), (False, False, False, False)), ((6, 12), (False, False, False, False)), ((6, 10), (False, False, False, False)), ((2, 10), (False, True, False, False)), ((2, 12), (False, True, False, False)), ((2, 11), (False, True, False, False)), ((13, 4), (False, False, False, False))]",73 items,10.0,63.0,73.0
74,"((6, 6), (False, False, False, False))","((5, 6), (False, False, False, False))",East,"[((7, 6), (False, False, False, False)), ((5, 6), (False, False, False, False))]","[((6, 6), (False, False, False, False)), ((12, 1), (False, False, False, False)), ((12, 2), (False, False, False, False)), ((4, 6), (True, False, False, False)), ((2, 8), (True, False, False, False)), ((6, 11), (False, False, False, False)), ((4, 4), (True, False, False, False)), ((2, 8), (False, False, False, False)), ((6, 12), (False, False, False, False)), ((6, 10), (False, False, False, False)), ((2, 10), (False, True, False, False)), ((2, 12), (False, True, False, False)), ((2, 11), (False, True, False, False)), ((13, 4), (False, False, False, False))]","[((12, 2), (False, False, False, False)), ((12, 1), (False, False, False, False)), ((4, 4), (True, False, False, False)), ((4, 6), (True, False, False, False)), ((2, 8), (True, False, False, False)), ((6, 11), (False, False, False, False)), ((13, 4), (False, False, False, False)), ((2, 8), (False, False, False, False)), ((6, 12), (False, False, False, False)), ((6, 10), (False, False, False, False)), ((2, 10), (False, True, False, False)), ((2, 12), (False, True, False, False)), ((2, 11), (False, True, False, False)), ((7, 6), (False, False, False, False))]",74 items,14.0,59.0,73.0
75,"((12, 2), (False, False, False, False))","((11, 2), (False, False, False, False))",East,"[((12, 1), (False, False, False, False)), ((13, 2), (False, False, False, False)), ((11, 2), (False, False, False, False))]","[((12, 2), (False, False, False, False)), ((12, 1), (False, False, False, False)), ((4, 4), (True, False, False, False)), ((4, 6), (True, False, False, False)), ((2, 8), (True, False, False, False)), ((6, 11), (False, False, False, False)), ((13, 4), (False, False, False, False)), ((2, 8), (False, False, False, False)), ((6, 12), (False, False, False, False)), ((6, 10), (False, False, False, False)), ((2, 10), (False, True, False, False)), ((2, 12), (False, True, False, False)), ((2, 11), (False, True, False, False)), ((7, 6), (False, False, False, False))]","[((4, 4), (True, False, False, False)), ((12, 1), (False, False, False, False)), ((6, 11), (False, False, False, False)), ((4, 6), (True, False, False, False)), ((2, 8), (True, False, False, False)), ((2, 12), (False, True, False, False)), ((13, 4), (False, False, False, False)), ((2, 8), (False, False, False, False)), ((6, 12), (False, False, False, False)), ((6, 10), (False, False, False, False)), ((2, 10), (False, True, False, False)), ((7, 6), (False, False, False, False)), ((2, 11), (False, True, False, False)), ((13, 2), (False, False, False, False))]",75 items,12.0,61.0,73.0
76,"((4, 4), (True, False, False, False))","((3, 4), (True, False, False, False))",East,"[((5, 4), (True, False, False, False)), ((3, 4), (True, False, False, False))]","[((4, 4), (True, False, False, False)), ((12, 1), (False, False, False, False)), ((6, 11), (False, False, False, False)), ((4, 6), (True, False, False, False)), ((2, 8), (True, False, False, False)), ((2, 12), (False, True, False, False)), ((13, 4), (False, False, False, False)), ((2, 8), (False, False, False, False)), ((6, 12), (False, False, False, False)), ((6, 10), (False, False, False, False)), ((2, 10), (False, True, False, False)), ((7, 6), (False, False, False, False)), ((2, 11), (False, True, False, False)), ((13, 2), (False, False, False, False))]","[((12, 1), (False, False, False, False)), ((4, 6), (True, False, False, False)), ((6, 11), (False, False, False, False)), ((2, 8), (False, False, False, False)), ((2, 8), (True, False, False, False)), ((2, 12), (False, True, False, False)), ((13, 4), (False, False, False, False)), ((13, 2), (False, False, False, False)), ((6, 12), (False, False, False, False)), ((6, 10), (False, False, False, False)), ((2, 10), (False, True, False, False)), ((7, 6), (False, False, False, False)), ((2, 11), (False, True, False, False)), ((5, 4), (True, False, False, False))]",76 items,24.0,49.0,73.0
77,"((12, 1), (False, False, False, False))","((11, 1), (False, False, False, False))",East,"[((12, 2), (False, False, False, False)), ((13, 1), (False, False, False, False)), ((11, 1), (False, False, False, False))]","[((12, 1), (False, False, False, False)), ((4, 6), (True, False, False, False)), ((6, 11), (False, False, False, False)), ((2, 8), (False, False, False, False)), ((2, 8), (True, False, False, False)), ((2, 12), (False, True, False, False)), ((13, 4), (False, False, False, False)), ((13, 2), (False, False, False, False)), ((6, 12), (False, False, False, False)), ((6, 10), (False, False, False, False)), ((2, 10), (False, True, False, False)), ((7, 6), (False, False, False, False)), ((2, 11), (False, True, False, False)), ((5, 4), (True, False, False, False))]","[((4, 6), (True, False, False, False)), ((2, 8), (True, False, False, False)), ((6, 11), (False, False, False, False)), ((2, 8), (False, False, False, False)), ((6, 10), (False, False, False, False)), ((2, 12), (False, True, False, False)), ((13, 4), (False, False, False, False)), ((13, 2), (False, False, False, False)), ((6, 12), (False, False, False, False)), ((5, 4), (True, False, False, False)), ((2, 10), (False, True, False, False)), ((7, 6), (False, False, False, False)), ((2, 11), (False, True, False, False)), ((13, 1), (False, False, False, False))]",77 items,13.0,60.0,73.0
78,"((4, 6), (True, False, False, False))","((3, 6), (True, False, False, False))",East,"[((5, 6), (True, False, False, False)), ((3, 6), (True, False, False, False))]","[((4, 6), (True, False, False, False)), ((2, 8), (True, False, False, False)), ((6, 11), (False, False, False, False)), ((2, 8), (False, False, False, False)), ((6, 10), (False, False, False, False)), ((2, 12), (False, True, False, False)), ((13, 4), (False, False, False, False)), ((13, 2), (False, False, False, False)), ((6, 12), (False, False, False, False)), ((5, 4), (True, False, False, False)), ((2, 10), (False, True, False, False)), ((7, 6), (False, False, False, False)), ((2, 11), (False, True, False, False)), ((13, 1), (False, False, False, False))]","[((2, 8), (True, False, False, False)), ((2, 8), (False, False, False, False)), ((6, 11), (False, False, False, False)), ((6, 12), (False, False, False, False)), ((6, 10), (False, False, False, False)), ((2, 12), (False, True, False, False)), ((13, 4), (False, False, False, False)), ((13, 2), (False, False, False, False)), ((13, 1), (False, False, False, False)), ((5, 4), (True, False, False, False)), ((2, 10), (False, True, False, False)), ((7, 6), (False, False, False, False)), ((2, 11), (False, True, False, False)), ((5, 6), (True, False, False, False))]",78 items,26.0,47.0,73.0
79,"((2, 8), (True, False, False, False))","((1, 8), (True, False, False, False))",East,"[((3, 8), (True, False, False, False)), ((1, 8), (True, False, False, False))]","[((2, 8), (True, False, False, False)), ((2, 8), (False, False, False, False)), ((6, 11), (False, False, False, False)), ((6, 12), (False, False, False, False)), ((6, 10), (False, False, False, False)), ((2, 12), (False, True, False, False)), ((13, 4), (False, False, False, False)), ((13, 2), (False, False, False, False)), ((13, 1), (False, False, False, False)), ((5, 4), (True, False, False, False)), ((2, 10), (False, True, False, False)), ((7, 6), (False, False, False, False)), ((2, 11), (False, True, False, False)), ((5, 6), (True, False, False, False))]","[((2, 8), (False, False, False, False)), ((6, 10), (False, False, False, False)), ((6, 11), (False, False, False, False)), ((6, 12), (False, False, False, False)), ((2, 10), (False, True, False, False)), ((2, 12), (False, True, False, False)), ((13, 4), (False, False, False, False)), ((13, 2), (False, False, False, False)), ((13, 1), (False, False, False, False)), ((5, 4), (True, False, False, False)), ((5, 6), (True, False, False, False)), ((7, 6), (False, False, False, False)), ((2, 11), (False, True, False, False)), ((3, 8), (True, False, False, False))]",79 items,30.0,43.0,73.0
80,"((2, 8), (False, False, False, False))","((1, 8), (False, False, False, False))",East,"[((3, 8), (False, False, False, False)), ((1, 8), (False, False, False, False))]","[((2, 8), (False, False, False, False)), ((6, 10), (False, False, False, False)), ((6, 11), (False, False, False, False)), ((6, 12), (False, False, False, False)), ((2, 10), (False, True, False, False)), ((2, 12), (False, True, False, False)), ((13, 4), (False, False, False, False)), ((13, 2), (False, False, False, False)), ((13, 1), (False, False, False, False)), ((5, 4), (True, False, False, False)), ((5, 6), (True, False, False, False)), ((7, 6), (False, False, False, False)), ((2, 11), (False, True, False, False)), ((3, 8), (True, False, False, False))]","[((6, 10), (False, False, False, False)), ((6, 12), (False, False, False, False)), ((6, 11), (False, False, False, False)), ((13, 2), (False, False, False, False)), ((2, 10), (False, True, False, False)), ((2, 12), (False, True, False, False)), ((13, 4), (False, False, False, False)), ((3, 8), (True, False, False, False)), ((13, 1), (False, False, False, False)), ((5, 4), (True, False, False, False)), ((5, 6), (True, False, False, False)), ((7, 6), (False, False, False, False)), ((2, 11), (False, True, False, False)), ((3, 8), (False, False, False, False))]",80 items,20.0,54.0,74.0
81,"((6, 10), (False, False, False, False))","((5, 10), (False, False, False, False))",East,"[((6, 11), (False, False, False, False)), ((7, 10), (False, False, False, False)), ((5, 10), (False, False, False, False))]","[((6, 10), (False, False, False, False)), ((6, 12), (False, False, False, False)), ((6, 11), (False, False, False, False)), ((13, 2), (False, False, False, False)), ((2, 10), (False, True, False, False)), ((2, 12), (False, True, False, False)), ((13, 4), (False, False, False, False)), ((3, 8), (True, False, False, False)), ((13, 1), (False, False, False, False)), ((5, 4), (True, False, False, False)), ((5, 6), (True, False, False, False)), ((7, 6), (False, False, False, False)), ((2, 11), (False, True, False, False)), ((3, 8), (False, False, False, False))]","[((6, 11), (False, False, False, False)), ((6, 12), (False, False, False, False)), ((2, 12), (False, True, False, False)), ((13, 2), (False, False, False, False)), ((2, 10), (False, True, False, False)), ((2, 11), (False, True, False, False)), ((13, 4), (False, False, False, False)), ((3, 8), (True, False, False, False)), ((13, 1), (False, False, False, False)), ((5, 4), (True, False, False, False)), ((5, 6), (True, False, False, False)), ((7, 6), (False, False, False, False)), ((3, 8), (False, False, False, False)), ((7, 10), (False, False, False, False))]",81 items,18.0,56.0,74.0
82,"((6, 11), (False, False, False, False))","((5, 11), (False, False, False, False))",East,"[((6, 12), (False, False, False, False)), ((6, 10), (False, False, False, False)), ((7, 11), (False, False, False, False)), ((5, 11), (False, False, False, False))]","[((6, 11), (False, False, False, False)), ((6, 12), (False, False, False, False)), ((2, 12), (False, True, False, False)), ((13, 2), (False, False, False, False)), ((2, 10), (False, True, False, False)), ((2, 11), (False, True, False, False)), ((13, 4), (False, False, False, False)), ((3, 8), (True, False, False, False)), ((13, 1), (False, False, False, False)), ((5, 4), (True, False, False, False)), ((5, 6), (True, False, False, False)), ((7, 6), (False, False, False, False)), ((3, 8), (False, False, False, False)), ((7, 10), (False, False, False, False))]","[((6, 12), (False, False, False, False)), ((2, 10), (False, True, False, False)), ((2, 12), (False, True, False, False)), ((13, 2), (False, False, False, False)), ((5, 4), (True, False, False, False)), ((2, 11), (False, True, False, False)), ((13, 4), (False, False, False, False)), ((3, 8), (True, False, False, False)), ((13, 1), (False, False, False, False)), ((7, 10), (False, False, False, False)), ((5, 6), (True, False, False, False)), ((7, 6), (False, False, False, False)), ((3, 8), (False, False, False, False)), ((7, 11), (False, False, False, False))]",82 items,19.0,55.0,74.0
83,"((6, 12), (False, False, False, False))","((5, 12), (False, False, False, False))",East,"[((6, 11), (False, False, False, False)), ((7, 12), (False, False, False, False)), ((5, 12), (False, False, False, False))]","[((6, 12), (False, False, False, False)), ((2, 10), (False, True, False, False)), ((2, 12), (False, True, False, False)), ((13, 2), (False, False, False, False)), ((5, 4), (True, False, False, False)), ((2, 11), (False, True, False, False)), ((13, 4), (False, False, False, False)), ((3, 8), (True, False, False, False)), ((13, 1), (False, False, False, False)), ((7, 10), (False, False, False, False)), ((5, 6), (True, False, False, False)), ((7, 6), (False, False, False, False)), ((3, 8), (False, False, False, False)), ((7, 11), (False, False, False, False))]","[((2, 12), (False, True, False, False)), ((2, 10), (False, True, False, False)), ((2, 11), (False, True, False, False)), ((13, 2), (False, False, False, False)), ((5, 4), (True, False, False, False)), ((7, 6), (False, False, False, False)), ((13, 4), (False, False, False, False)), ((3, 8), (True, False, False, False)), ((13, 1), (False, False, False, False)), ((7, 10), (False, False, False, False)), ((5, 6), (True, False, False, False)), ((7, 11), (False, False, False, False)), ((3, 8), (False, False, False, False)), ((7, 12), (False, False, False, False))]",83 items,20.0,54.0,74.0
84,"((2, 12), (False, True, False, False))","((1, 12), (False, True, False, False))",East,"[((2, 11), (False, True, False, False)), ((3, 12), (False, True, False, False)), ((1, 12), (False, True, False, False))]","[((2, 12), (False, True, False, False)), ((2, 10), (False, True, False, False)), ((2, 11), (False, True, False, False)), ((13, 2), (False, False, False, False)), ((5, 4), (True, False, False, False)), ((7, 6), (False, False, False, False)), ((13, 4), (False, False, False, False)), ((3, 8), (True, False, False, False)), ((13, 1), (False, False, False, False)), ((7, 10), (False, False, False, False)), ((5, 6), (True, False, False, False)), ((7, 11), (False, False, False, False)), ((3, 8), (False, False, False, False)), ((7, 12), (False, False, False, False))]","[((2, 11), (False, True, False, False)), ((2, 10), (False, True, False, False)), ((13, 4), (False, False, False, False)), ((13, 2), (False, False, False, False)), ((5, 4), (True, False, False, False)), ((7, 6), (False, False, False, False)), ((7, 12), (False, False, False, False)), ((3, 8), (True, False, False, False)), ((13, 1), (False, False, False, False)), ((7, 10), (False, False, False, False)), ((5, 6), (True, False, False, False)), ((7, 11), (False, False, False, False)), ((3, 8), (False, False, False, False)), ((3, 12), (False, True, False, False))]",84 items,24.0,50.0,74.0
85,"((2, 11), (False, True, False, False))","((1, 11), (False, True, False, False))",East,"[((2, 12), (False, True, False, False)), ((2, 10), (False, True, False, False)), ((3, 11), (False, True, False, False)), ((1, 11), (False, True, False, False))]","[((2, 11), (False, True, False, False)), ((2, 10), (False, True, False, False)), ((13, 4), (False, False, False, False)), ((13, 2), (False, False, False, False)), ((5, 4), (True, False, False, False)), ((7, 6), (False, False, False, False)), ((7, 12), (False, False, False, False)), ((3, 8), (True, False, False, False)), ((13, 1), (False, False, False, False)), ((7, 10), (False, False, False, False)), ((5, 6), (True, False, False, False)), ((7, 11), (False, False, False, False)), ((3, 8), (False, False, False, False)), ((3, 12), (False, True, False, False))]","[((2, 10), (False, True, False, False)), ((13, 2), (False, False, False, False)), ((13, 4), (False, False, False, False)), ((13, 1), (False, False, False, False)), ((5, 4), (True, False, False, False)), ((7, 6), (False, False, False, False)), ((7, 12), (False, False, False, False)), ((3, 8), (True, False, False, False)), ((3, 12), (False, True, False, False)), ((7, 10), (False, False, False, False)), ((5, 6), (True, False, False, False)), ((7, 11), (False, False, False, False)), ((3, 8), (False, False, False, False)), ((3, 11), (False, True, False, False))]",85 items,25.0,49.0,74.0
86,"((2, 10), (False, True, False, False))","((1, 10), (False, True, False, False))",East,"[((2, 11), (False, True, False, False)), ((3, 10), (False, True, False, False)), ((1, 10), (False, True, False, False))]","[((2, 10), (False, True, False, False)), ((13, 2), (False, False, False, False)), ((13, 4), (False, False, False, False)), ((13, 1), (False, False, False, False)), ((5, 4), (True, False, False, False)), ((7, 6), (False, False, False, False)), ((7, 12), (False, False, False, False)), ((3, 8), (True, False, False, False)), ((3, 12), (False, True, False, False)), ((7, 10), (False, False, False, False)), ((5, 6), (True, False, False, False)), ((7, 11), (False, False, False, False)), ((3, 8), (False, False, False, False)), ((3, 11), (False, True, False, False))]","[((13, 4), (False, False, False, False)), ((13, 2), (False, False, False, False)), ((7, 6), (False, False, False, False)), ((13, 1), (False, False, False, False)), ((5, 4), (True, False, False, False)), ((3, 8), (False, False, False, False)), ((7, 12), (False, False, False, False)), ((3, 8), (True, False, False, False)), ((3, 12), (False, True, False, False)), ((7, 10), (False, False, False, False)), ((5, 6), (True, False, False, False)), ((7, 11), (False, False, False, False)), ((3, 11), (False, True, False, False)), ((3, 10), (False, True, False, False))]",86 items,26.0,48.0,74.0
87,"((13, 4), (False, False, False, False))","((12, 4), (False, False, False, False))",East,"[((13, 5), (False, False, False, False)), ((12, 4), (False, False, False, False))]","[((13, 4), (False, False, False, False)), ((13, 2), (False, False, False, False)), ((7, 6), (False, False, False, False)), ((13, 1), (False, False, False, False)), ((5, 4), (True, False, False, False)), ((3, 8), (False, False, False, False)), ((7, 12), (False, False, False, False)), ((3, 8), (True, False, False, False)), ((3, 12), (False, True, False, False)), ((7, 10), (False, False, False, False)), ((5, 6), (True, False, False, False)), ((7, 11), (False, False, False, False)), ((3, 11), (False, True, False, False)), ((3, 10), (False, True, False, False))]","[((7, 6), (False, False, False, False)), ((13, 2), (False, False, False, False)), ((3, 8), (False, False, False, False)), ((13, 1), (False, False, False, False)), ((5, 4), (True, False, False, False)), ((7, 11), (False, False, False, False)), ((7, 12), (False, False, False, False)), ((3, 8), (True, False, False, False)), ((3, 12), (False, True, False, False)), ((7, 10), (False, False, False, False)), ((5, 6), (True, False, False, False)), ((3, 10), (False, True, False, False)), ((3, 11), (False, True, False, False)), ((13, 5), (False, False, False, False))]",87 items,11.0,64.0,75.0
88,"((7, 6), (False, False, False, False))","((6, 6), (False, False, False, False))",East,"[((7, 7), (False, False, False, False)), ((6, 6), (False, False, False, False))]","[((7, 6), (False, False, False, False)), ((13, 2), (False, False, False, False)), ((3, 8), (False, False, False, False)), ((13, 1), (False, False, False, False)), ((5, 4), (True, False, False, False)), ((7, 11), (False, False, False, False)), ((7, 12), (False, False, False, False)), ((3, 8), (True, False, False, False)), ((3, 12), (False, True, False, False)), ((7, 10), (False, False, False, False)), ((5, 6), (True, False, False, False)), ((3, 10), (False, True, False, False)), ((3, 11), (False, True, False, False)), ((13, 5), (False, False, False, False))]","[((13, 2), (False, False, False, False)), ((5, 4), (True, False, False, False)), ((3, 8), (False, False, False, False)), ((13, 1), (False, False, False, False)), ((5, 6), (True, False, False, False)), ((7, 11), (False, False, False, False)), ((7, 12), (False, False, False, False)), ((3, 8), (True, False, False, False)), ((3, 12), (False, True, False, False)), ((7, 10), (False, False, False, False)), ((13, 5), (False, False, False, False)), ((3, 10), (False, True, False, False)), ((3, 11), (False, True, False, False)), ((7, 7), (False, False, False, False))]",88 items,15.0,60.0,75.0
89,"((13, 2), (False, False, False, False))","((12, 2), (False, False, False, False))",East,"[((13, 1), (False, False, False, False)), ((14, 2), (False, False, False, False)), ((12, 2), (False, False, False, False))]","[((13, 2), (False, False, False, False)), ((5, 4), (True, False, False, False)), ((3, 8), (False, False, False, False)), ((13, 1), (False, False, False, False)), ((5, 6), (True, False, False, False)), ((7, 11), (False, False, False, False)), ((7, 12), (False, False, False, False)), ((3, 8), (True, False, False, False)), ((3, 12), (False, True, False, False)), ((7, 10), (False, False, False, False)), ((13, 5), (False, False, False, False)), ((3, 10), (False, True, False, False)), ((3, 11), (False, True, False, False)), ((7, 7), (False, False, False, False))]","[((5, 4), (True, False, False, False)), ((13, 1), (False, False, False, False)), ((3, 8), (False, False, False, False)), ((3, 8), (True, False, False, False)), ((5, 6), (True, False, False, False)), ((7, 11), (False, False, False, False)), ((7, 12), (False, False, False, False)), ((7, 7), (False, False, False, False)), ((3, 12), (False, True, False, False)), ((7, 10), (False, False, False, False)), ((13, 5), (False, False, False, False)), ((3, 10), (False, True, False, False)), ((3, 11), (False, True, False, False)), ((14, 2), (False, False, False, False))]",89 items,13.0,62.0,75.0
90,"((5, 4), (True, False, False, False))","((4, 4), (True, False, False, False))",East,"[((5, 5), (True, False, False, False)), ((6, 4), (True, False, False, False)), ((4, 4), (True, False, False, False))]","[((5, 4), (True, False, False, False)), ((13, 1), (False, False, False, False)), ((3, 8), (False, False, False, False)), ((3, 8), (True, False, False, False)), ((5, 6), (True, False, False, False)), ((7, 11), (False, False, False, False)), ((7, 12), (False, False, False, False)), ((7, 7), (False, False, False, False)), ((3, 12), (False, True, False, False)), ((7, 10), (False, False, False, False)), ((13, 5), (False, False, False, False)), ((3, 10), (False, True, False, False)), ((3, 11), (False, True, False, False)), ((14, 2), (False, False, False, False))]","[((13, 1), (False, False, False, False)), ((5, 6), (True, False, False, False)), ((5, 5), (True, False, False, False)), ((3, 8), (True, False, False, False)), ((7, 10), (False, False, False, False)), ((7, 11), (False, False, False, False)), ((3, 8), (False, False, False, False)), ((7, 7), (False, False, False, False)), ((3, 12), (False, True, False, False)), ((14, 2), (False, False, False, False)), ((13, 5), (False, False, False, False)), ((3, 10), (False, True, False, False)), ((3, 11), (False, True, False, False)), ((7, 12), (False, False, False, False)), ((6, 4), (True, False, False, False))]",90 items,25.0,50.0,75.0
91,"((13, 1), (False, False, False, False))","((12, 1), (False, False, False, False))",East,"[((13, 2), (False, False, False, False)), ((14, 1), (False, False, False, False)), ((12, 1), (False, False, False, False))]","[((13, 1), (False, False, False, False)), ((5, 6), (True, False, False, False)), ((5, 5), (True, False, False, False)), ((3, 8), (True, False, False, False)), ((7, 10), (False, False, False, False)), ((7, 11), (False, False, False, False)), ((3, 8), (False, False, False, False)), ((7, 7), (False, False, False, False)), ((3, 12), (False, True, False, False)), ((14, 2), (False, False, False, False)), ((13, 5), (False, False, False, False)), ((3, 10), (False, True, False, False)), ((3, 11), (False, True, False, False)), ((7, 12), (False, False, False, False)), ((6, 4), (True, False, False, False))]","[((5, 6), (True, False, False, False)), ((3, 8), (True, False, False, False)), ((5, 5), (True, False, False, False)), ((3, 12), (False, True, False, False)), ((7, 10), (False, False, False, False)), ((7, 11), (False, False, False, False)), ((3, 8), (False, False, False, False)), ((7, 7), (False, False, False, False)), ((6, 4), (True, False, False, False)), ((14, 2), (False, False, False, False)), ((13, 5), (False, False, False, False)), ((3, 10), (False, True, False, False)), ((3, 11), (False, True, False, False)), ((7, 12), (False, False, False, False)), ((14, 1), (False, False, False, False))]",91 items,14.0,61.0,75.0
92,"((5, 6), (True, False, False, False))","((4, 6), (True, False, False, False))",East,"[((5, 7), (True, False, False, False)), ((5, 5), (True, False, False, False)), ((6, 6), (True, False, False, False)), ((4, 6), (True, False, False, False))]","[((5, 6), (True, False, False, False)), ((3, 8), (True, False, False, False)), ((5, 5), (True, False, False, False)), ((3, 12), (False, True, False, False)), ((7, 10), (False, False, False, False)), ((7, 11), (False, False, False, False)), ((3, 8), (False, False, False, False)), ((7, 7), (False, False, False, False)), ((6, 4), (True, False, False, False)), ((14, 2), (False, False, False, False)), ((13, 5), (False, False, False, False)), ((3, 10), (False, True, False, False)), ((3, 11), (False, True, False, False)), ((7, 12), (False, False, False, False)), ((14, 1), (False, False, False, False))]",16 items,92 items,27.0,48.0,75.0
93,"((3, 8), (True, False, False, False))","((2, 8), (True, False, False, False))",East,"[((2, 8), (True, False, False, False))]",16 items,"[((5, 5), (True, False, False, False)), ((7, 10), (False, False, False, False)), ((5, 7), (True, False, False, False)), ((3, 12), (False, True, False, False)), ((13, 5), (False, False, False, False)), ((7, 11), (False, False, False, False)), ((3, 8), (False, False, False, False)), ((7, 7), (False, False, False, False)), ((6, 4), (True, False, False, False)), ((14, 2), (False, False, False, False)), ((14, 1), (False, False, False, False)), ((3, 10), (False, True, False, False)), ((3, 11), (False, True, False, False)), ((7, 12), (False, False, False, False)), ((6, 6), (True, False, False, False))]",93 items,31.0,44.0,75.0
94,"((5, 5), (True, False, False, False))","((5, 4), (True, False, False, False))",North,"[((5, 6), (True, False, False, False)), ((5, 4), (True, False, False, False))]","[((5, 5), (True, False, False, False)), ((7, 10), (False, False, False, False)), ((5, 7), (True, False, False, False)), ((3, 12), (False, True, False, False)), ((13, 5), (False, False, False, False)), ((7, 11), (False, False, False, False)), ((3, 8), (False, False, False, False)), ((7, 7), (False, False, False, False)), ((6, 4), (True, False, False, False)), ((14, 2), (False, False, False, False)), ((14, 1), (False, False, False, False)), ((3, 10), (False, True, False, False)), ((3, 11), (False, True, False, False)), ((7, 12), (False, False, False, False)), ((6, 6), (True, False, False, False))]","[((5, 7), (True, False, False, False)), ((7, 10), (False, False, False, False)), ((3, 8), (False, False, False, False)), ((3, 12), (False, True, False, False)), ((13, 5), (False, False, False, False)), ((7, 11), (False, False, False, False)), ((7, 12), (False, False, False, False)), ((7, 7), (False, False, False, False)), ((6, 4), (True, False, False, False)), ((14, 2), (False, False, False, False)), ((14, 1), (False, False, False, False)), ((3, 10), (False, True, False, False)), ((3, 11), (False, True, False, False)), ((6, 6), (True, False, False, False))]",94 items,26.0,49.0,75.0
95,"((5, 7), (True, False, False, False))","((5, 6), (True, False, False, False))",North,"[((5, 8), (True, False, False, False)), ((5, 6), (True, False, False, False))]","[((5, 7), (True, False, False, False)), ((7, 10), (False, False, False, False)), ((3, 8), (False, False, False, False)), ((3, 12), (False, True, False, False)), ((13, 5), (False, False, False, False)), ((7, 11), (False, False, False, False)), ((7, 12), (False, False, False, False)), ((7, 7), (False, False, False, False)), ((6, 4), (True, False, False, False)), ((14, 2), (False, False, False, False)), ((14, 1), (False, False, False, False)), ((3, 10), (False, True, False, False)), ((3, 11), (False, True, False, False)), ((6, 6), (True, False, False, False))]","[((5, 8), (True, False, False, False)), ((7, 10), (False, False, False, False)), ((3, 8), (False, False, False, False)), ((3, 12), (False, True, False, False)), ((13, 5), (False, False, False, False)), ((3, 11), (False, True, False, False)), ((7, 11), (False, False, False, False)), ((7, 7), (False, False, False, False)), ((6, 4), (True, False, False, False)), ((14, 2), (False, False, False, False)), ((14, 1), (False, False, False, False)), ((3, 10), (False, True, False, False)), ((6, 6), (True, False, False, False)), ((7, 12), (False, False, False, False))]",95 items,28.0,47.0,75.0
96,"((5, 8), (True, False, False, False))","((5, 7), (True, False, False, False))",North,"[((5, 9), (True, False, False, False)), ((5, 7), (True, False, False, False))]","[((5, 8), (True, False, False, False)), ((7, 10), (False, False, False, False)), ((3, 8), (False, False, False, False)), ((3, 12), (False, True, False, False)), ((13, 5), (False, False, False, False)), ((3, 11), (False, True, False, False)), ((7, 11), (False, False, False, False)), ((7, 7), (False, False, False, False)), ((6, 4), (True, False, False, False)), ((14, 2), (False, False, False, False)), ((14, 1), (False, False, False, False)), ((3, 10), (False, True, False, False)), ((6, 6), (True, False, False, False)), ((7, 12), (False, False, False, False))]","[((5, 9), (True, False, False, False)), ((7, 10), (False, False, False, False)), ((3, 8), (False, False, False, False)), ((3, 12), (False, True, False, False)), ((13, 5), (False, False, False, False)), ((3, 11), (False, True, False, False)), ((7, 11), (False, False, False, False)), ((7, 7), (False, False, False, False)), ((6, 4), (True, False, False, False)), ((14, 2), (False, False, False, False)), ((14, 1), (False, False, False, False)), ((3, 10), (False, True, False, False)), ((6, 6), (True, False, False, False)), ((7, 12), (False, False, False, False))]",96 items,29.0,46.0,75.0
97,"((5, 9), (True, False, False, False))","((5, 8), (True, False, False, False))",North,"[((5, 10), (True, False, False, False)), ((5, 8), (True, False, False, False))]","[((5, 9), (True, False, False, False)), ((7, 10), (False, False, False, False)), ((3, 8), (False, False, False, False)), ((3, 12), (False, True, False, False)), ((13, 5), (False, False, False, False)), ((3, 11), (False, True, False, False)), ((7, 11), (False, False, False, False)), ((7, 7), (False, False, False, False)), ((6, 4), (True, False, False, False)), ((14, 2), (False, False, False, False)), ((14, 1), (False, False, False, False)), ((3, 10), (False, True, False, False)), ((6, 6), (True, False, False, False)), ((7, 12), (False, False, False, False))]","[((5, 10), (True, False, False, False)), ((7, 10), (False, False, False, False)), ((3, 8), (False, False, False, False)), ((3, 12), (False, True, False, False)), ((13, 5), (False, False, False, False)), ((3, 11), (False, True, False, False)), ((7, 11), (False, False, False, False)), ((7, 7), (False, False, False, False)), ((6, 4), (True, False, False, False)), ((14, 2), (False, False, False, False)), ((14, 1), (False, False, False, False)), ((3, 10), (False, True, False, False)), ((6, 6), (True, False, False, False)), ((7, 12), (False, False, False, False))]",97 items,30.0,45.0,75.0
98,"((5, 10), (True, False, False, False))","((5, 9), (True, False, False, False))",North,"[((5, 11), (True, False, False, False)), ((5, 9), (True, False, False, False)), ((6, 10), (True, False, False, False)), ((4, 10), (True, False, False, False))]","[((5, 10), (True, False, False, False)), ((7, 10), (False, False, False, False)), ((3, 8), (False, False, False, False)), ((3, 12), (False, True, False, False)), ((13, 5), (False, False, False, False)), ((3, 11), (False, True, False, False)), ((7, 11), (False, False, False, False)), ((7, 7), (False, False, False, False)), ((6, 4), (True, False, False, False)), ((14, 2), (False, False, False, False)), ((14, 1), (False, False, False, False)), ((3, 10), (False, True, False, False)), ((6, 6), (True, False, False, False)), ((7, 12), (False, False, False, False))]",16 items,98 items,31.0,44.0,75.0
99,"((5, 11), (True, False, False, False))","((5, 10), (True, False, False, False))",North,"[((5, 12), (True, False, False, False)), ((5, 10), (True, False, False, False)), ((6, 11), (True, False, False, False)), ((4, 11), (True, False, False, False))]",16 items,18 items,99 items,32.0,43.0,75.0
100,"((4, 10), (True, False, False, False))","((5, 10), (True, False, False, False))",West,"[((4, 11), (True, False, False, False)), ((5, 10), (True, False, False, False)), ((3, 10), (True, False, False, False))]",18 items,18 items,100 items,32.0,43.0,75.0
101,"((5, 12), (True, False, False, False))","((5, 11), (True, False, False, False))",North,"[((5, 11), (True, False, False, False)), ((6, 12), (True, False, False, False)), ((4, 12), (True, False, False, False))]",18 items,19 items,101 items,33.0,42.0,75.0
102,"((4, 11), (True, False, False, False))","((5, 11), (True, False, False, False))",West,"[((4, 12), (True, False, False, False)), ((4, 10), (True, False, False, False)), ((5, 11), (True, False, False, False)), ((3, 11), (True, False, False, False))]",19 items,19 items,102 items,33.0,42.0,75.0
103,"((3, 10), (True, False, False, False))","((4, 10), (True, False, False, False))",West,"[((3, 11), (True, False, False, False)), ((4, 10), (True, False, False, False)), ((2, 10), (True, False, False, False))]",19 items,19 items,103 items,33.0,42.0,75.0
104,"((4, 12), (True, False, False, False))","((5, 12), (True, False, False, False))",West,"[((4, 11), (True, False, False, False)), ((5, 12), (True, False, False, False)), ((3, 12), (True, False, False, False))]",19 items,19 items,104 items,34.0,41.0,75.0
105,"((3, 11), (True, False, False, False))","((4, 11), (True, False, False, False))",West,"[((3, 12), (True, False, False, False)), ((3, 10), (True, False, False, False)), ((4, 11), (True, False, False, False)), ((2, 11), (True, False, False, False))]",19 items,19 items,105 items,34.0,41.0,75.0
106,"((2, 10), (True, False, False, False))","((3, 10), (True, False, False, False))",West,"[((2, 11), (True, False, False, False)), ((3, 10), (True, False, False, False)), ((1, 10), (True, False, False, False))]",19 items,19 items,106 items,34.0,41.0,75.0
107,"((3, 12), (True, False, False, False))","((4, 12), (True, False, False, False))",West,"[((3, 11), (True, False, False, False)), ((4, 12), (True, False, False, False)), ((2, 12), (True, False, False, False))]",19 items,19 items,107 items,35.0,40.0,75.0
108,"((2, 11), (True, False, False, False))","((3, 11), (True, False, False, False))",West,"[((2, 12), (True, False, False, False)), ((2, 10), (True, False, False, False)), ((3, 11), (True, False, False, False)), ((1, 11), (True, False, False, False))]",19 items,19 items,108 items,35.0,40.0,75.0
109,"((1, 10), (True, False, False, False))","((2, 10), (True, False, False, False))",West,"[((1, 11), (True, False, False, False)), ((2, 10), (True, False, False, False))]",19 items,18 items,109 items,35.0,40.0,75.0
110,"((2, 12), (True, False, False, False))","((3, 12), (True, False, False, False))",West,"[((2, 11), (True, False, False, False)), ((3, 12), (True, False, False, False)), ((1, 12), (True, True, False, False))]",18 items,18 items,110 items,36.0,39.0,75.0
111,"((1, 11), (True, False, False, False))","((2, 11), (True, False, False, False))",West,"[((1, 12), (True, True, False, False)), ((1, 10), (True, False, False, False)), ((2, 11), (True, False, False, False))]",18 items,17 items,111 items,36.0,39.0,75.0
112,"((1, 12), (True, True, False, False))","((2, 12), (True, False, False, False))",West,"[((1, 11), (True, True, False, False)), ((2, 12), (True, True, False, False))]",17 items,18 items,112 items,37.0,38.0,75.0
113,"((2, 12), (True, True, False, False))","((1, 12), (True, True, False, False))",East,"[((2, 11), (True, True, False, False)), ((3, 12), (True, True, False, False)), ((1, 12), (True, True, False, False))]",18 items,19 items,113 items,38.0,37.0,75.0
114,"((3, 12), (True, True, False, False))","((2, 12), (True, True, False, False))",East,"[((3, 11), (True, True, False, False)), ((4, 12), (True, True, False, False)), ((2, 12), (True, True, False, False))]",19 items,20 items,114 items,39.0,36.0,75.0
115,"((4, 12), (True, True, False, False))","((3, 12), (True, True, False, False))",East,"[((4, 11), (True, True, False, False)), ((5, 12), (True, True, False, False)), ((3, 12), (True, True, False, False))]",20 items,21 items,115 items,40.0,35.0,75.0
116,"((5, 12), (True, True, False, False))","((4, 12), (True, True, False, False))",East,"[((5, 11), (True, True, False, False)), ((6, 12), (True, True, False, False)), ((4, 12), (True, True, False, False))]",21 items,22 items,116 items,41.0,34.0,75.0
117,"((6, 12), (True, True, False, False))","((5, 12), (True, True, False, False))",East,"[((6, 11), (True, True, False, False)), ((7, 12), (True, True, False, False)), ((5, 12), (True, True, False, False))]",22 items,23 items,117 items,42.0,33.0,75.0
118,"((7, 12), (True, True, False, False))","((6, 12), (True, True, False, False))",East,"[((7, 11), (True, True, False, False)), ((6, 12), (True, True, False, False))]",23 items,23 items,118 items,43.0,32.0,75.0
119,"((3, 8), (False, False, False, False))","((2, 8), (False, False, False, False))",East,"[((2, 8), (False, False, False, False))]",23 items,22 items,119 items,21.0,55.0,76.0
120,"((7, 10), (False, False, False, False))","((6, 10), (False, False, False, False))",East,"[((7, 11), (False, False, False, False)), ((6, 10), (False, False, False, False))]",22 items,21 items,120 items,19.0,57.0,76.0
121,"((7, 11), (False, False, False, False))","((6, 11), (False, False, False, False))",East,"[((7, 12), (False, False, False, False)), ((7, 10), (False, False, False, False)), ((6, 11), (False, False, False, False))]",21 items,20 items,121 items,20.0,56.0,76.0
122,"((7, 12), (False, False, False, False))","((6, 12), (False, False, False, False))",East,"[((7, 11), (False, False, False, False)), ((6, 12), (False, False, False, False))]",20 items,19 items,122 items,21.0,55.0,76.0
123,"((3, 12), (False, True, False, False))","((2, 12), (False, True, False, False))",East,"[((3, 11), (False, True, False, False)), ((4, 12), (False, True, False, False)), ((2, 12), (False, True, False, False))]",19 items,19 items,123 items,25.0,51.0,76.0
124,"((3, 11), (False, True, False, False))","((2, 11), (False, True, False, False))",East,"[((3, 12), (False, True, False, False)), ((3, 10), (False, True, False, False)), ((4, 11), (False, True, False, False)), ((2, 11), (False, True, False, False))]",19 items,19 items,124 items,26.0,50.0,76.0
125,"((3, 10), (False, True, False, False))","((2, 10), (False, True, False, False))",East,"[((3, 11), (False, True, False, False)), ((4, 10), (False, True, False, False)), ((2, 10), (False, True, False, False))]",19 items,19 items,125 items,27.0,49.0,76.0
126,"((7, 7), (False, False, False, False))","((7, 6), (False, False, False, False))",North,"[((7, 8), (False, False, False, False)), ((7, 6), (False, False, False, False))]",19 items,19 items,126 items,16.0,60.0,76.0
127,"((7, 8), (False, False, False, False))","((7, 7), (False, False, False, False))",North,"[((7, 7), (False, False, False, False))]",19 items,18 items,127 items,17.0,59.0,76.0
128,"((13, 5), (False, False, False, False))","((13, 4), (False, False, False, False))",North,"[((13, 6), (False, False, False, False)), ((13, 4), (False, False, False, False))]",18 items,18 items,128 items,12.0,65.0,77.0
129,"((14, 2), (False, False, False, False))","((13, 2), (False, False, False, False))",East,"[((14, 1), (False, False, False, False)), ((15, 2), (False, False, False, False)), ((13, 2), (False, False, False, False))]",18 items,18 items,129 items,14.0,63.0,77.0
130,"((6, 4), (True, False, False, False))","((5, 4), (True, False, False, False))",East,"[((7, 4), (True, False, False, False)), ((5, 4), (True, False, False, False))]",18 items,18 items,130 items,26.0,51.0,77.0
131,"((14, 1), (False, False, False, False))","((13, 1), (False, False, False, False))",East,"[((14, 2), (False, False, False, False)), ((15, 1), (False, False, False, False)), ((13, 1), (False, False, False, False))]",18 items,18 items,131 items,15.0,62.0,77.0
132,"((6, 6), (True, False, False, False))","((5, 6), (True, False, False, False))",East,"[((7, 6), (True, False, False, False)), ((5, 6), (True, False, False, False))]",18 items,18 items,132 items,28.0,49.0,77.0
133,"((6, 10), (True, False, False, False))","((5, 10), (True, False, False, False))",East,"[((6, 11), (True, False, False, False)), ((7, 10), (True, False, False, False)), ((5, 10), (True, False, False, False))]",18 items,18 items,133 items,32.0,45.0,77.0
134,"((6, 11), (True, False, False, False))","((5, 11), (True, False, False, False))",East,"[((6, 12), (True, False, False, False)), ((6, 10), (True, False, False, False)), ((7, 11), (True, False, False, False)), ((5, 11), (True, False, False, False))]",18 items,18 items,134 items,33.0,44.0,77.0
135,"((6, 12), (True, False, False, False))","((5, 12), (True, False, False, False))",East,"[((6, 11), (True, False, False, False)), ((7, 12), (True, False, False, False)), ((5, 12), (True, False, False, False))]",18 items,18 items,135 items,34.0,43.0,77.0
136,"((1, 11), (True, True, False, False))","((1, 12), (True, True, False, False))",South,"[((1, 12), (True, True, False, False)), ((1, 10), (True, True, False, False)), ((2, 11), (True, True, False, False))]",18 items,18 items,136 items,38.0,39.0,77.0
137,"((2, 11), (True, True, False, False))","((2, 12), (True, True, False, False))",South,"[((2, 12), (True, True, False, False)), ((2, 10), (True, True, False, False)), ((3, 11), (True, True, False, False)), ((1, 11), (True, True, False, False))]",18 items,18 items,137 items,39.0,38.0,77.0
138,"((3, 11), (True, True, False, False))","((3, 12), (True, True, False, False))",South,"[((3, 12), (True, True, False, False)), ((3, 10), (True, True, False, False)), ((4, 11), (True, True, False, False)), ((2, 11), (True, True, False, False))]",18 items,18 items,138 items,40.0,37.0,77.0
139,"((4, 11), (True, True, False, False))","((4, 12), (True, True, False, False))",South,"[((4, 12), (True, True, False, False)), ((4, 10), (True, True, False, False)), ((5, 11), (True, True, False, False)), ((3, 11), (True, True, False, False))]",18 items,18 items,139 items,41.0,36.0,77.0
140,"((5, 11), (True, True, False, False))","((5, 12), (True, True, False, False))",South,"[((5, 12), (True, True, False, False)), ((5, 10), (True, True, False, False)), ((6, 11), (True, True, False, False)), ((4, 11), (True, True, False, False))]",18 items,18 items,140 items,42.0,35.0,77.0
141,"((6, 11), (True, True, False, False))","((6, 12), (True, True, False, False))",South,"[((6, 12), (True, True, False, False)), ((6, 10), (True, True, False, False)), ((7, 11), (True, True, False, False)), ((5, 11), (True, True, False, False))]",18 items,18 items,141 items,43.0,34.0,77.0
142,"((7, 11), (True, True, False, False))","((7, 12), (True, True, False, False))",South,"[((7, 12), (True, True, False, False)), ((7, 10), (True, True, False, False)), ((6, 11), (True, True, False, False))]",18 items,18 items,142 items,44.0,33.0,77.0
143,"((4, 12), (False, True, False, False))","((3, 12), (False, True, False, False))",East,"[((4, 11), (False, True, False, False)), ((5, 12), (False, True, False, False)), ((3, 12), (False, True, False, False))]",18 items,18 items,143 items,26.0,52.0,78.0
144,"((4, 11), (False, True, False, False))","((3, 11), (False, True, False, False))",East,"[((4, 12), (False, True, False, False)), ((4, 10), (False, True, False, False)), ((5, 11), (False, True, False, False)), ((3, 11), (False, True, False, False))]",18 items,18 items,144 items,27.0,51.0,78.0
145,"((4, 10), (False, True, False, False))","((3, 10), (False, True, False, False))",East,"[((4, 11), (False, True, False, False)), ((5, 10), (False, True, False, False)), ((3, 10), (False, True, False, False))]",18 items,18 items,145 items,28.0,50.0,78.0
146,"((15, 2), (False, False, False, False))","((14, 2), (False, False, False, False))",East,"[((15, 1), (False, False, False, False)), ((16, 2), (False, False, False, False)), ((14, 2), (False, False, False, False))]",18 items,18 items,146 items,15.0,63.0,78.0
147,"((15, 1), (False, False, False, False))","((14, 1), (False, False, False, False))",East,"[((15, 2), (False, False, False, False)), ((16, 1), (False, False, False, False)), ((14, 1), (False, False, False, False))]",18 items,18 items,147 items,16.0,62.0,78.0
148,"((16, 2), (False, False, False, False))","((15, 2), (False, False, False, False))",East,"[((16, 3), (False, False, False, False)), ((16, 1), (False, False, False, False)), ((15, 2), (False, False, False, False))]",18 items,18 items,148 items,16.0,62.0,78.0
149,"((16, 1), (False, False, False, False))","((15, 1), (False, False, False, False))",East,"[((16, 2), (False, False, False, False)), ((15, 1), (False, False, False, False))]",18 items,17 items,149 items,17.0,61.0,78.0
150,"((13, 6), (False, False, False, False))","((13, 5), (False, False, False, False))",North,"[((13, 5), (False, False, False, False)), ((12, 6), (False, False, False, False))]",17 items,17 items,150 items,13.0,66.0,79.0
151,"((7, 4), (True, False, False, False))","((6, 4), (True, False, False, False))",East,"[((8, 4), (True, False, False, False)), ((6, 4), (True, False, False, False))]",17 items,17 items,151 items,27.0,52.0,79.0
152,"((7, 6), (True, False, False, False))","((6, 6), (True, False, False, False))",East,"[((7, 7), (True, False, False, False)), ((6, 6), (True, False, False, False))]",17 items,17 items,152 items,29.0,50.0,79.0
153,"((7, 10), (True, False, False, False))","((6, 10), (True, False, False, False))",East,"[((7, 11), (True, False, False, False)), ((6, 10), (True, False, False, False))]",17 items,16 items,153 items,33.0,46.0,79.0
154,"((7, 11), (True, False, False, False))","((6, 11), (True, False, False, False))",East,"[((7, 12), (True, False, False, False)), ((7, 10), (True, False, False, False)), ((6, 11), (True, False, False, False))]",16 items,"[((7, 12), (True, False, False, False)), ((2, 10), (True, True, False, False)), ((1, 10), (True, True, False, False)), ((7, 7), (True, False, False, False)), ((5, 10), (True, True, False, False)), ((4, 10), (True, True, False, False)), ((3, 10), (True, True, False, False)), ((8, 4), (True, False, False, False)), ((5, 12), (False, True, False, False)), ((7, 10), (True, True, False, False)), ((5, 11), (False, True, False, False)), ((12, 6), (False, False, False, False)), ((16, 3), (False, False, False, False)), ((6, 10), (True, True, False, False)), ((5, 10), (False, True, False, False))]",154 items,34.0,45.0,79.0
155,"((7, 12), (True, False, False, False))","((6, 12), (True, False, False, False))",East,"[((7, 11), (True, False, False, False)), ((6, 12), (True, False, False, False))]","[((7, 12), (True, False, False, False)), ((2, 10), (True, True, False, False)), ((1, 10), (True, True, False, False)), ((7, 7), (True, False, False, False)), ((5, 10), (True, True, False, False)), ((4, 10), (True, True, False, False)), ((3, 10), (True, True, False, False)), ((8, 4), (True, False, False, False)), ((5, 12), (False, True, False, False)), ((7, 10), (True, True, False, False)), ((5, 11), (False, True, False, False)), ((12, 6), (False, False, False, False)), ((16, 3), (False, False, False, False)), ((6, 10), (True, True, False, False)), ((5, 10), (False, True, False, False))]","[((1, 10), (True, True, False, False)), ((2, 10), (True, True, False, False)), ((3, 10), (True, True, False, False)), ((7, 7), (True, False, False, False)), ((5, 10), (True, True, False, False)), ((4, 10), (True, True, False, False)), ((6, 10), (True, True, False, False)), ((8, 4), (True, False, False, False)), ((5, 12), (False, True, False, False)), ((7, 10), (True, True, False, False)), ((5, 11), (False, True, False, False)), ((12, 6), (False, False, False, False)), ((16, 3), (False, False, False, False)), ((5, 10), (False, True, False, False))]",155 items,35.0,44.0,79.0
156,"((1, 10), (True, True, False, False))","((1, 11), (True, True, False, False))",South,"[((1, 11), (True, True, False, False)), ((2, 10), (True, True, False, False))]","[((1, 10), (True, True, False, False)), ((2, 10), (True, True, False, False)), ((3, 10), (True, True, False, False)), ((7, 7), (True, False, False, False)), ((5, 10), (True, True, False, False)), ((4, 10), (True, True, False, False)), ((6, 10), (True, True, False, False)), ((8, 4), (True, False, False, False)), ((5, 12), (False, True, False, False)), ((7, 10), (True, True, False, False)), ((5, 11), (False, True, False, False)), ((12, 6), (False, False, False, False)), ((16, 3), (False, False, False, False)), ((5, 10), (False, True, False, False))]","[((2, 10), (True, True, False, False)), ((5, 10), (True, True, False, False)), ((3, 10), (True, True, False, False)), ((7, 7), (True, False, False, False)), ((7, 10), (True, True, False, False)), ((4, 10), (True, True, False, False)), ((6, 10), (True, True, False, False)), ((8, 4), (True, False, False, False)), ((5, 12), (False, True, False, False)), ((5, 10), (False, True, False, False)), ((5, 11), (False, True, False, False)), ((12, 6), (False, False, False, False)), ((16, 3), (False, False, False, False))]",156 items,39.0,40.0,79.0
157,"((2, 10), (True, True, False, False))","((2, 11), (True, True, False, False))",South,"[((2, 11), (True, True, False, False)), ((3, 10), (True, True, False, False)), ((1, 10), (True, True, False, False))]","[((2, 10), (True, True, False, False)), ((5, 10), (True, True, False, False)), ((3, 10), (True, True, False, False)), ((7, 7), (True, False, False, False)), ((7, 10), (True, True, False, False)), ((4, 10), (True, True, False, False)), ((6, 10), (True, True, False, False)), ((8, 4), (True, False, False, False)), ((5, 12), (False, True, False, False)), ((5, 10), (False, True, False, False)), ((5, 11), (False, True, False, False)), ((12, 6), (False, False, False, False)), ((16, 3), (False, False, False, False))]","[((3, 10), (True, True, False, False)), ((5, 10), (True, True, False, False)), ((4, 10), (True, True, False, False)), ((7, 7), (True, False, False, False)), ((7, 10), (True, True, False, False)), ((12, 6), (False, False, False, False)), ((6, 10), (True, True, False, False)), ((8, 4), (True, False, False, False)), ((5, 12), (False, True, False, False)), ((5, 10), (False, True, False, False)), ((5, 11), (False, True, False, False)), ((16, 3), (False, False, False, False))]",157 items,40.0,39.0,79.0
158,"((3, 10), (True, True, False, False))","((3, 11), (True, True, False, False))",South,"[((3, 11), (True, True, False, False)), ((4, 10), (True, True, False, False)), ((2, 10), (True, True, False, False))]","[((3, 10), (True, True, False, False)), ((5, 10), (True, True, False, False)), ((4, 10), (True, True, False, False)), ((7, 7), (True, False, False, False)), ((7, 10), (True, True, False, False)), ((12, 6), (False, False, False, False)), ((6, 10), (True, True, False, False)), ((8, 4), (True, False, False, False)), ((5, 12), (False, True, False, False)), ((5, 10), (False, True, False, False)), ((5, 11), (False, True, False, False)), ((16, 3), (False, False, False, False))]","[((4, 10), (True, True, False, False)), ((5, 10), (True, True, False, False)), ((6, 10), (True, True, False, False)), ((7, 7), (True, False, False, False)), ((7, 10), (True, True, False, False)), ((12, 6), (False, False, False, False)), ((16, 3), (False, False, False, False)), ((8, 4), (True, False, False, False)), ((5, 12), (False, True, False, False)), ((5, 10), (False, True, False, False)), ((5, 11), (False, True, False, False))]",158 items,41.0,38.0,79.0
159,"((4, 10), (True, True, False, False))","((4, 11), (True, True, False, False))",South,"[((4, 11), (True, True, False, False)), ((5, 10), (True, True, False, False)), ((3, 10), (True, True, False, False))]","[((4, 10), (True, True, False, False)), ((5, 10), (True, True, False, False)), ((6, 10), (True, True, False, False)), ((7, 7), (True, False, False, False)), ((7, 10), (True, True, False, False)), ((12, 6), (False, False, False, False)), ((16, 3), (False, False, False, False)), ((8, 4), (True, False, False, False)), ((5, 12), (False, True, False, False)), ((5, 10), (False, True, False, False)), ((5, 11), (False, True, False, False))]","[((5, 10), (True, True, False, False)), ((7, 10), (True, True, False, False)), ((6, 10), (True, True, False, False)), ((7, 7), (True, False, False, False)), ((5, 11), (False, True, False, False)), ((12, 6), (False, False, False, False)), ((16, 3), (False, False, False, False)), ((8, 4), (True, False, False, False)), ((5, 12), (False, True, False, False)), ((5, 10), (False, True, False, False))]",159 items,42.0,37.0,79.0
160,"((5, 10), (True, True, False, False))","((5, 11), (True, True, False, False))",South,"[((5, 11), (True, True, False, False)), ((5, 9), (True, True, False, False)), ((6, 10), (True, True, False, False)), ((4, 10), (True, True, False, False))]","[((5, 10), (True, True, False, False)), ((7, 10), (True, True, False, False)), ((6, 10), (True, True, False, False)), ((7, 7), (True, False, False, False)), ((5, 11), (False, True, False, False)), ((12, 6), (False, False, False, False)), ((16, 3), (False, False, False, False)), ((8, 4), (True, False, False, False)), ((5, 12), (False, True, False, False)), ((5, 10), (False, True, False, False))]","[((6, 10), (True, True, False, False)), ((7, 10), (True, True, False, False)), ((12, 6), (False, False, False, False)), ((7, 7), (True, False, False, False)), ((5, 11), (False, True, False, False)), ((5, 10), (False, True, False, False)), ((16, 3), (False, False, False, False)), ((8, 4), (True, False, False, False)), ((5, 12), (False, True, False, False)), ((5, 9), (True, True, False, False))]",160 items,43.0,36.0,79.0
161,"((6, 10), (True, True, False, False))","((6, 11), (True, True, False, False))",South,"[((6, 11), (True, True, False, False)), ((7, 10), (True, True, False, False)), ((5, 10), (True, True, False, False))]","[((6, 10), (True, True, False, False)), ((7, 10), (True, True, False, False)), ((12, 6), (False, False, False, False)), ((7, 7), (True, False, False, False)), ((5, 11), (False, True, False, False)), ((5, 10), (False, True, False, False)), ((16, 3), (False, False, False, False)), ((8, 4), (True, False, False, False)), ((5, 12), (False, True, False, False)), ((5, 9), (True, True, False, False))]","[((7, 10), (True, True, False, False)), ((7, 7), (True, False, False, False)), ((12, 6), (False, False, False, False)), ((5, 12), (False, True, False, False)), ((5, 11), (False, True, False, False)), ((5, 10), (False, True, False, False)), ((16, 3), (False, False, False, False)), ((8, 4), (True, False, False, False)), ((5, 9), (True, True, False, False))]",161 items,44.0,35.0,79.0
162,"((7, 10), (True, True, False, False))","((7, 11), (True, True, False, False))",South,"[((7, 11), (True, True, False, False)), ((6, 10), (True, True, False, False))]","[((7, 10), (True, True, False, False)), ((7, 7), (True, False, False, False)), ((12, 6), (False, False, False, False)), ((5, 12), (False, True, False, False)), ((5, 11), (False, True, False, False)), ((5, 10), (False, True, False, False)), ((16, 3), (False, False, False, False)), ((8, 4), (True, False, False, False)), ((5, 9), (True, True, False, False))]","[((12, 6), (False, False, False, False)), ((7, 7), (True, False, False, False)), ((5, 10), (False, True, False, False)), ((5, 12), (False, True, False, False)), ((5, 11), (False, True, False, False)), ((5, 9), (True, True, False, False)), ((16, 3), (False, False, False, False)), ((8, 4), (True, False, False, False))]",162 items,45.0,34.0,79.0
163,"((12, 6), (False, False, False, False))","((13, 6), (False, False, False, False))",West,"[((13, 6), (False, False, False, False)), ((11, 6), (False, False, False, False))]","[((12, 6), (False, False, False, False)), ((7, 7), (True, False, False, False)), ((5, 10), (False, True, False, False)), ((5, 12), (False, True, False, False)), ((5, 11), (False, True, False, False)), ((5, 9), (True, True, False, False)), ((16, 3), (False, False, False, False)), ((8, 4), (True, False, False, False))]","[((7, 7), (True, False, False, False)), ((11, 6), (False, False, False, False)), ((5, 10), (False, True, False, False)), ((5, 12), (False, True, False, False)), ((5, 11), (False, True, False, False)), ((5, 9), (True, True, False, False)), ((16, 3), (False, False, False, False)), ((8, 4), (True, False, False, False))]",163 items,14.0,65.0,79.0
164,"((7, 7), (True, False, False, False))","((7, 6), (True, False, False, False))",North,"[((7, 8), (True, False, False, False)), ((7, 6), (True, False, False, False))]","[((7, 7), (True, False, False, False)), ((11, 6), (False, False, False, False)), ((5, 10), (False, True, False, False)), ((5, 12), (False, True, False, False)), ((5, 11), (False, True, False, False)), ((5, 9), (True, True, False, False)), ((16, 3), (False, False, False, False)), ((8, 4), (True, False, False, False))]","[((11, 6), (False, False, False, False)), ((7, 8), (True, False, False, False)), ((5, 10), (False, True, False, False)), ((5, 12), (False, True, False, False)), ((5, 11), (False, True, False, False)), ((5, 9), (True, True, False, False)), ((16, 3), (False, False, False, False)), ((8, 4), (True, False, False, False))]",164 items,30.0,49.0,79.0
165,"((11, 6), (False, False, False, False))","((12, 6), (False, False, False, False))",West,"[((11, 7), (False, False, False, False)), ((12, 6), (False, False, False, False)), ((10, 6), (False, False, False, False))]","[((11, 6), (False, False, False, False)), ((7, 8), (True, False, False, False)), ((5, 10), (False, True, False, False)), ((5, 12), (False, True, False, False)), ((5, 11), (False, True, False, False)), ((5, 9), (True, True, False, False)), ((16, 3), (False, False, False, False)), ((8, 4), (True, False, False, False))]","[((7, 8), (True, False, False, False)), ((10, 6), (False, False, False, False)), ((5, 10), (False, True, False, False)), ((5, 12), (False, True, False, False)), ((5, 11), (False, True, False, False)), ((5, 9), (True, True, False, False)), ((16, 3), (False, False, False, False)), ((8, 4), (True, False, False, False)), ((11, 7), (False, False, False, False))]",165 items,15.0,64.0,79.0
166,"((7, 8), (True, False, False, False))","((7, 7), (True, False, False, False))",North,"[((7, 7), (True, False, False, False))]","[((7, 8), (True, False, False, False)), ((10, 6), (False, False, False, False)), ((5, 10), (False, True, False, False)), ((5, 12), (False, True, False, False)), ((5, 11), (False, True, False, False)), ((5, 9), (True, True, False, False)), ((16, 3), (False, False, False, False)), ((8, 4), (True, False, False, False)), ((11, 7), (False, False, False, False))]","[((10, 6), (False, False, False, False)), ((5, 12), (False, True, False, False)), ((5, 10), (False, True, False, False)), ((11, 7), (False, False, False, False)), ((5, 11), (False, True, False, False)), ((5, 9), (True, True, False, False)), ((16, 3), (False, False, False, False)), ((8, 4), (True, False, False, False))]",166 items,31.0,48.0,79.0
167,"((10, 6), (False, False, False, False))","((11, 6), (False, False, False, False))",West,"[((11, 6), (False, False, False, False)), ((9, 6), (False, False, False, False))]","[((10, 6), (False, False, False, False)), ((5, 12), (False, True, False, False)), ((5, 10), (False, True, False, False)), ((11, 7), (False, False, False, False)), ((5, 11), (False, True, False, False)), ((5, 9), (True, True, False, False)), ((16, 3), (False, False, False, False)), ((8, 4), (True, False, False, False))]","[((9, 6), (False, False, False, False)), ((5, 12), (False, True, False, False)), ((5, 10), (False, True, False, False)), ((5, 11), (False, True, False, False)), ((8, 4), (True, False, False, False)), ((5, 9), (True, True, False, False)), ((16, 3), (False, False, False, False)), ((11, 7), (False, False, False, False))]",167 items,16.0,63.0,79.0
168,"((9, 6), (False, False, False, False))","((10, 6), (False, False, False, False))",West,"[((9, 7), (False, False, False, False)), ((10, 6), (False, False, False, False))]","[((9, 6), (False, False, False, False)), ((5, 12), (False, True, False, False)), ((5, 10), (False, True, False, False)), ((5, 11), (False, True, False, False)), ((8, 4), (True, False, False, False)), ((5, 9), (True, True, False, False)), ((16, 3), (False, False, False, False)), ((11, 7), (False, False, False, False))]","[((5, 12), (False, True, False, False)), ((5, 11), (False, True, False, False)), ((5, 10), (False, True, False, False)), ((11, 7), (False, False, False, False)), ((8, 4), (True, False, False, False)), ((5, 9), (True, True, False, False)), ((16, 3), (False, False, False, False)), ((9, 7), (False, False, False, False))]",168 items,17.0,62.0,79.0
169,"((5, 12), (False, True, False, False))","((4, 12), (False, True, False, False))",East,"[((5, 11), (False, True, False, False)), ((6, 12), (False, True, False, False)), ((4, 12), (False, True, False, False))]","[((5, 12), (False, True, False, False)), ((5, 11), (False, True, False, False)), ((5, 10), (False, True, False, False)), ((11, 7), (False, False, False, False)), ((8, 4), (True, False, False, False)), ((5, 9), (True, True, False, False)), ((16, 3), (False, False, False, False)), ((9, 7), (False, False, False, False))]","[((5, 11), (False, True, False, False)), ((11, 7), (False, False, False, False)), ((5, 10), (False, True, False, False)), ((9, 7), (False, False, False, False)), ((8, 4), (True, False, False, False)), ((5, 9), (True, True, False, False)), ((16, 3), (False, False, False, False)), ((6, 12), (False, True, False, False))]",169 items,27.0,53.0,80.0
170,"((5, 11), (False, True, False, False))","((4, 11), (False, True, False, False))",East,"[((5, 12), (False, True, False, False)), ((5, 10), (False, True, False, False)), ((6, 11), (False, True, False, False)), ((4, 11), (False, True, False, False))]","[((5, 11), (False, True, False, False)), ((11, 7), (False, False, False, False)), ((5, 10), (False, True, False, False)), ((9, 7), (False, False, False, False)), ((8, 4), (True, False, False, False)), ((5, 9), (True, True, False, False)), ((16, 3), (False, False, False, False)), ((6, 12), (False, True, False, False))]","[((5, 10), (False, True, False, False)), ((11, 7), (False, False, False, False)), ((16, 3), (False, False, False, False)), ((9, 7), (False, False, False, False)), ((8, 4), (True, False, False, False)), ((5, 9), (True, True, False, False)), ((6, 12), (False, True, False, False)), ((6, 11), (False, True, False, False))]",170 items,28.0,52.0,80.0
171,"((5, 10), (False, True, False, False))","((4, 10), (False, True, False, False))",East,"[((5, 11), (False, True, False, False)), ((5, 9), (False, True, False, False)), ((6, 10), (False, True, False, False)), ((4, 10), (False, True, False, False))]","[((5, 10), (False, True, False, False)), ((11, 7), (False, False, False, False)), ((16, 3), (False, False, False, False)), ((9, 7), (False, False, False, False)), ((8, 4), (True, False, False, False)), ((5, 9), (True, True, False, False)), ((6, 12), (False, True, False, False)), ((6, 11), (False, True, False, False))]","[((16, 3), (False, False, False, False)), ((11, 7), (False, False, False, False)), ((5, 9), (True, True, False, False)), ((9, 7), (False, False, False, False)), ((8, 4), (True, False, False, False)), ((6, 11), (False, True, False, False)), ((6, 12), (False, True, False, False)), ((5, 9), (False, True, False, False)), ((6, 10), (False, True, False, False))]",171 items,29.0,51.0,80.0
172,"((16, 3), (False, False, False, False))","((16, 2), (False, False, False, False))",North,"[((16, 4), (False, False, False, False)), ((16, 2), (False, False, False, False))]","[((16, 3), (False, False, False, False)), ((11, 7), (False, False, False, False)), ((5, 9), (True, True, False, False)), ((9, 7), (False, False, False, False)), ((8, 4), (True, False, False, False)), ((6, 11), (False, True, False, False)), ((6, 12), (False, True, False, False)), ((5, 9), (False, True, False, False)), ((6, 10), (False, True, False, False))]","[((11, 7), (False, False, False, False)), ((9, 7), (False, False, False, False)), ((5, 9), (True, True, False, False)), ((5, 9), (False, True, False, False)), ((8, 4), (True, False, False, False)), ((6, 11), (False, True, False, False)), ((6, 12), (False, True, False, False)), ((6, 10), (False, True, False, False)), ((16, 4), (False, False, False, False))]",172 items,17.0,63.0,80.0
173,"((11, 7), (False, False, False, False))","((11, 6), (False, False, False, False))",North,"[((11, 8), (False, False, False, False)), ((11, 6), (False, False, False, False))]","[((11, 7), (False, False, False, False)), ((9, 7), (False, False, False, False)), ((5, 9), (True, True, False, False)), ((5, 9), (False, True, False, False)), ((8, 4), (True, False, False, False)), ((6, 11), (False, True, False, False)), ((6, 12), (False, True, False, False)), ((6, 10), (False, True, False, False)), ((16, 4), (False, False, False, False))]","[((9, 7), (False, False, False, False)), ((5, 9), (False, True, False, False)), ((5, 9), (True, True, False, False)), ((11, 8), (False, False, False, False)), ((8, 4), (True, False, False, False)), ((6, 11), (False, True, False, False)), ((6, 12), (False, True, False, False)), ((16, 4), (False, False, False, False)), ((6, 10), (False, True, False, False))]",173 items,16.0,64.0,80.0
174,"((9, 7), (False, False, False, False))","((9, 6), (False, False, False, False))",North,"[((9, 8), (False, False, False, False)), ((9, 6), (False, False, False, False))]","[((9, 7), (False, False, False, False)), ((5, 9), (False, True, False, False)), ((5, 9), (True, True, False, False)), ((11, 8), (False, False, False, False)), ((8, 4), (True, False, False, False)), ((6, 11), (False, True, False, False)), ((6, 12), (False, True, False, False)), ((16, 4), (False, False, False, False)), ((6, 10), (False, True, False, False))]","[((5, 9), (False, True, False, False)), ((11, 8), (False, False, False, False)), ((5, 9), (True, True, False, False)), ((9, 8), (False, False, False, False)), ((8, 4), (True, False, False, False)), ((6, 11), (False, True, False, False)), ((6, 12), (False, True, False, False)), ((16, 4), (False, False, False, False)), ((6, 10), (False, True, False, False))]",174 items,18.0,62.0,80.0
175,"((5, 9), (False, True, False, False))","((5, 10), (False, True, False, False))",South,"[((5, 10), (False, True, False, False)), ((5, 8), (False, True, False, False))]","[((5, 9), (False, True, False, False)), ((11, 8), (False, False, False, False)), ((5, 9), (True, True, False, False)), ((9, 8), (False, False, False, False)), ((8, 4), (True, False, False, False)), ((6, 11), (False, True, False, False)), ((6, 12), (False, True, False, False)), ((16, 4), (False, False, False, False)), ((6, 10), (False, True, False, False))]","[((11, 8), (False, False, False, False)), ((9, 8), (False, False, False, False)), ((5, 9), (True, True, False, False)), ((5, 8), (False, True, False, False)), ((8, 4), (True, False, False, False)), ((6, 11), (False, True, False, False)), ((6, 12), (False, True, False, False)), ((16, 4), (False, False, False, False)), ((6, 10), (False, True, False, False))]",175 items,30.0,50.0,80.0
176,"((11, 8), (False, False, False, False))","((11, 7), (False, False, False, False))",North,"[((11, 9), (False, False, False, False)), ((11, 7), (False, False, False, False)), ((12, 8), (False, False, False, False))]","[((11, 8), (False, False, False, False)), ((9, 8), (False, False, False, False)), ((5, 9), (True, True, False, False)), ((5, 8), (False, True, False, False)), ((8, 4), (True, False, False, False)), ((6, 11), (False, True, False, False)), ((6, 12), (False, True, False, False)), ((16, 4), (False, False, False, False)), ((6, 10), (False, True, False, False))]","[((9, 8), (False, False, False, False)), ((5, 8), (False, True, False, False)), ((5, 9), (True, True, False, False)), ((11, 9), (False, False, False, False)), ((8, 4), (True, False, False, False)), ((6, 11), (False, True, False, False)), ((6, 12), (False, True, False, False)), ((16, 4), (False, False, False, False)), ((6, 10), (False, True, False, False)), ((12, 8), (False, False, False, False))]",176 items,17.0,63.0,80.0
177,"((9, 8), (False, False, False, False))","((9, 7), (False, False, False, False))",North,"[((9, 7), (False, False, False, False))]","[((9, 8), (False, False, False, False)), ((5, 8), (False, True, False, False)), ((5, 9), (True, True, False, False)), ((11, 9), (False, False, False, False)), ((8, 4), (True, False, False, False)), ((6, 11), (False, True, False, False)), ((6, 12), (False, True, False, False)), ((16, 4), (False, False, False, False)), ((6, 10), (False, True, False, False)), ((12, 8), (False, False, False, False))]","[((5, 8), (False, True, False, False)), ((11, 9), (False, False, False, False)), ((5, 9), (True, True, False, False)), ((6, 10), (False, True, False, False)), ((8, 4), (True, False, False, False)), ((6, 11), (False, True, False, False)), ((6, 12), (False, True, False, False)), ((16, 4), (False, False, False, False)), ((12, 8), (False, False, False, False))]",177 items,19.0,61.0,80.0
178,"((5, 8), (False, True, False, False))","((5, 9), (False, True, False, False))",South,"[((5, 9), (False, True, False, False)), ((5, 7), (False, True, False, False))]","[((5, 8), (False, True, False, False)), ((11, 9), (False, False, False, False)), ((5, 9), (True, True, False, False)), ((6, 10), (False, True, False, False)), ((8, 4), (True, False, False, False)), ((6, 11), (False, True, False, False)), ((6, 12), (False, True, False, False)), ((16, 4), (False, False, False, False)), ((12, 8), (False, False, False, False))]","[((11, 9), (False, False, False, False)), ((5, 7), (False, True, False, False)), ((5, 9), (True, True, False, False)), ((8, 4), (True, False, False, False)), ((12, 8), (False, False, False, False)), ((6, 11), (False, True, False, False)), ((6, 12), (False, True, False, False)), ((16, 4), (False, False, False, False)), ((6, 10), (False, True, False, False))]",178 items,31.0,49.0,80.0
179,"((11, 9), (False, False, False, False))","((11, 8), (False, False, False, False))",North,"[((11, 10), (False, False, False, False)), ((11, 8), (False, False, False, False))]","[((11, 9), (False, False, False, False)), ((5, 7), (False, True, False, False)), ((5, 9), (True, True, False, False)), ((8, 4), (True, False, False, False)), ((12, 8), (False, False, False, False)), ((6, 11), (False, True, False, False)), ((6, 12), (False, True, False, False)), ((16, 4), (False, False, False, False)), ((6, 10), (False, True, False, False))]","[((5, 7), (False, True, False, False)), ((11, 10), (False, False, False, False)), ((5, 9), (True, True, False, False)), ((8, 4), (True, False, False, False)), ((12, 8), (False, False, False, False)), ((6, 11), (False, True, False, False)), ((6, 12), (False, True, False, False)), ((16, 4), (False, False, False, False)), ((6, 10), (False, True, False, False))]",179 items,18.0,62.0,80.0
180,"((5, 7), (False, True, False, False))","((5, 8), (False, True, False, False))",South,"[((5, 8), (False, True, False, False)), ((5, 6), (False, True, False, False))]","[((5, 7), (False, True, False, False)), ((11, 10), (False, False, False, False)), ((5, 9), (True, True, False, False)), ((8, 4), (True, False, False, False)), ((12, 8), (False, False, False, False)), ((6, 11), (False, True, False, False)), ((6, 12), (False, True, False, False)), ((16, 4), (False, False, False, False)), ((6, 10), (False, True, False, False))]","[((11, 10), (False, False, False, False)), ((5, 6), (False, True, False, False)), ((5, 9), (True, True, False, False)), ((8, 4), (True, False, False, False)), ((12, 8), (False, False, False, False)), ((6, 11), (False, True, False, False)), ((6, 12), (False, True, False, False)), ((16, 4), (False, False, False, False)), ((6, 10), (False, True, False, False))]",180 items,32.0,48.0,80.0
181,"((11, 10), (False, False, False, False))","((11, 9), (False, False, False, False))",North,"[((11, 11), (False, False, False, False)), ((11, 9), (False, False, False, False)), ((12, 10), (False, False, False, False)), ((10, 10), (False, False, False, False))]","[((11, 10), (False, False, False, False)), ((5, 6), (False, True, False, False)), ((5, 9), (True, True, False, False)), ((8, 4), (True, False, False, False)), ((12, 8), (False, False, False, False)), ((6, 11), (False, True, False, False)), ((6, 12), (False, True, False, False)), ((16, 4), (False, False, False, False)), ((6, 10), (False, True, False, False))]","[((5, 6), (False, True, False, False)), ((11, 11), (False, False, False, False)), ((5, 9), (True, True, False, False)), ((8, 4), (True, False, False, False)), ((10, 10), (False, False, False, False)), ((6, 11), (False, True, False, False)), ((6, 12), (False, True, False, False)), ((16, 4), (False, False, False, False)), ((6, 10), (False, True, False, False)), ((12, 10), (False, False, False, False)), ((12, 8), (False, False, False, False))]",181 items,19.0,61.0,80.0
182,"((5, 6), (False, True, False, False))","((5, 7), (False, True, False, False))",South,"[((5, 7), (False, True, False, False)), ((5, 5), (False, True, False, False)), ((6, 6), (False, True, False, False)), ((4, 6), (False, True, False, False))]","[((5, 6), (False, True, False, False)), ((11, 11), (False, False, False, False)), ((5, 9), (True, True, False, False)), ((8, 4), (True, False, False, False)), ((10, 10), (False, False, False, False)), ((6, 11), (False, True, False, False)), ((6, 12), (False, True, False, False)), ((16, 4), (False, False, False, False)), ((6, 10), (False, True, False, False)), ((12, 10), (False, False, False, False)), ((12, 8), (False, False, False, False))]","[((11, 11), (False, False, False, False)), ((10, 10), (False, False, False, False)), ((4, 6), (False, True, False, False)), ((8, 4), (True, False, False, False)), ((5, 5), (False, True, False, False)), ((5, 9), (True, True, False, False)), ((6, 12), (False, True, False, False)), ((16, 4), (False, False, False, False)), ((6, 10), (False, True, False, False)), ((12, 10), (False, False, False, False)), ((12, 8), (False, False, False, False)), ((6, 6), (False, True, False, False)), ((6, 11), (False, True, False, False))]",182 items,33.0,47.0,80.0
183,"((11, 11), (False, False, False, False))","((11, 10), (False, False, False, False))",North,"[((11, 12), (False, False, False, False)), ((11, 10), (False, False, False, False))]","[((11, 11), (False, False, False, False)), ((10, 10), (False, False, False, False)), ((4, 6), (False, True, False, False)), ((8, 4), (True, False, False, False)), ((5, 5), (False, True, False, False)), ((5, 9), (True, True, False, False)), ((6, 12), (False, True, False, False)), ((16, 4), (False, False, False, False)), ((6, 10), (False, True, False, False)), ((12, 10), (False, False, False, False)), ((12, 8), (False, False, False, False)), ((6, 6), (False, True, False, False)), ((6, 11), (False, True, False, False))]","[((10, 10), (False, False, False, False)), ((5, 5), (False, True, False, False)), ((4, 6), (False, True, False, False)), ((8, 4), (True, False, False, False)), ((6, 11), (False, True, False, False)), ((11, 12), (False, False, False, False)), ((6, 12), (False, True, False, False)), ((16, 4), (False, False, False, False)), ((6, 10), (False, True, False, False)), ((12, 10), (False, False, False, False)), ((12, 8), (False, False, False, False)), ((6, 6), (False, True, False, False)), ((5, 9), (True, True, False, False))]",183 items,20.0,60.0,80.0
184,"((10, 10), (False, False, False, False))","((11, 10), (False, False, False, False))",West,"[((11, 10), (False, False, False, False)), ((9, 10), (False, False, False, False))]","[((10, 10), (False, False, False, False)), ((5, 5), (False, True, False, False)), ((4, 6), (False, True, False, False)), ((8, 4), (True, False, False, False)), ((6, 11), (False, True, False, False)), ((11, 12), (False, False, False, False)), ((6, 12), (False, True, False, False)), ((16, 4), (False, False, False, False)), ((6, 10), (False, True, False, False)), ((12, 10), (False, False, False, False)), ((12, 8), (False, False, False, False)), ((6, 6), (False, True, False, False)), ((5, 9), (True, True, False, False))]","[((5, 5), (False, True, False, False)), ((8, 4), (True, False, False, False)), ((4, 6), (False, True, False, False)), ((5, 9), (True, True, False, False)), ((6, 11), (False, True, False, False)), ((11, 12), (False, False, False, False)), ((6, 12), (False, True, False, False)), ((16, 4), (False, False, False, False)), ((6, 10), (False, True, False, False)), ((12, 10), (False, False, False, False)), ((12, 8), (False, False, False, False)), ((6, 6), (False, True, False, False)), ((9, 10), (False, False, False, False))]",184 items,20.0,60.0,80.0
185,"((5, 5), (False, True, False, False))","((5, 6), (False, True, False, False))",South,"[((5, 6), (False, True, False, False)), ((5, 4), (False, True, False, False))]","[((5, 5), (False, True, False, False)), ((8, 4), (True, False, False, False)), ((4, 6), (False, True, False, False)), ((5, 9), (True, True, False, False)), ((6, 11), (False, True, False, False)), ((11, 12), (False, False, False, False)), ((6, 12), (False, True, False, False)), ((16, 4), (False, False, False, False)), ((6, 10), (False, True, False, False)), ((12, 10), (False, False, False, False)), ((12, 8), (False, False, False, False)), ((6, 6), (False, True, False, False)), ((9, 10), (False, False, False, False))]","[((4, 6), (False, True, False, False)), ((8, 4), (True, False, False, False)), ((11, 12), (False, False, False, False)), ((5, 9), (True, True, False, False)), ((6, 11), (False, True, False, False)), ((9, 10), (False, False, False, False)), ((6, 12), (False, True, False, False)), ((16, 4), (False, False, False, False)), ((6, 10), (False, True, False, False)), ((12, 10), (False, False, False, False)), ((12, 8), (False, False, False, False)), ((6, 6), (False, True, False, False)), ((5, 4), (False, True, False, False))]",185 items,34.0,46.0,80.0
186,"((4, 6), (False, True, False, False))","((5, 6), (False, True, False, False))",West,"[((5, 6), (False, True, False, False)), ((3, 6), (False, True, False, False))]","[((4, 6), (False, True, False, False)), ((8, 4), (True, False, False, False)), ((11, 12), (False, False, False, False)), ((5, 9), (True, True, False, False)), ((6, 11), (False, True, False, False)), ((9, 10), (False, False, False, False)), ((6, 12), (False, True, False, False)), ((16, 4), (False, False, False, False)), ((6, 10), (False, True, False, False)), ((12, 10), (False, False, False, False)), ((12, 8), (False, False, False, False)), ((6, 6), (False, True, False, False)), ((5, 4), (False, True, False, False))]","[((11, 12), (False, False, False, False)), ((8, 4), (True, False, False, False)), ((9, 10), (False, False, False, False)), ((5, 9), (True, True, False, False)), ((6, 11), (False, True, False, False)), ((5, 4), (False, True, False, False)), ((6, 12), (False, True, False, False)), ((16, 4), (False, False, False, False)), ((6, 10), (False, True, False, False)), ((12, 10), (False, False, False, False)), ((12, 8), (False, False, False, False)), ((6, 6), (False, True, False, False)), ((3, 6), (False, True, False, False))]",186 items,34.0,46.0,80.0
187,"((11, 12), (False, False, False, False))","((11, 11), (False, False, False, False))",North,"[((11, 11), (False, False, False, False))]","[((11, 12), (False, False, False, False)), ((8, 4), (True, False, False, False)), ((9, 10), (False, False, False, False)), ((5, 9), (True, True, False, False)), ((6, 11), (False, True, False, False)), ((5, 4), (False, True, False, False)), ((6, 12), (False, True, False, False)), ((16, 4), (False, False, False, False)), ((6, 10), (False, True, False, False)), ((12, 10), (False, False, False, False)), ((12, 8), (False, False, False, False)), ((6, 6), (False, True, False, False)), ((3, 6), (False, True, False, False))]","[((9, 10), (False, False, False, False)), ((8, 4), (True, False, False, False)), ((5, 4), (False, True, False, False)), ((5, 9), (True, True, False, False)), ((6, 11), (False, True, False, False)), ((3, 6), (False, True, False, False)), ((6, 12), (False, True, False, False)), ((16, 4), (False, False, False, False)), ((6, 10), (False, True, False, False)), ((12, 10), (False, False, False, False)), ((12, 8), (False, False, False, False)), ((6, 6), (False, True, False, False))]",187 items,21.0,59.0,80.0
188,"((9, 10), (False, False, False, False))","((10, 10), (False, False, False, False))",West,"[((9, 11), (False, False, False, False)), ((10, 10), (False, False, False, False))]","[((9, 10), (False, False, False, False)), ((8, 4), (True, False, False, False)), ((5, 4), (False, True, False, False)), ((5, 9), (True, True, False, False)), ((6, 11), (False, True, False, False)), ((3, 6), (False, True, False, False)), ((6, 12), (False, True, False, False)), ((16, 4), (False, False, False, False)), ((6, 10), (False, True, False, False)), ((12, 10), (False, False, False, False)), ((12, 8), (False, False, False, False)), ((6, 6), (False, True, False, False))]","[((5, 4), (False, True, False, False)), ((8, 4), (True, False, False, False)), ((3, 6), (False, True, False, False)), ((5, 9), (True, True, False, False)), ((6, 11), (False, True, False, False)), ((9, 11), (False, False, False, False)), ((6, 12), (False, True, False, False)), ((16, 4), (False, False, False, False)), ((6, 10), (False, True, False, False)), ((12, 10), (False, False, False, False)), ((12, 8), (False, False, False, False)), ((6, 6), (False, True, False, False))]",188 items,21.0,59.0,80.0
189,"((5, 4), (False, True, False, False))","((5, 5), (False, True, False, False))",South,"[((5, 5), (False, True, False, False)), ((6, 4), (False, True, False, False)), ((4, 4), (False, True, False, False))]","[((5, 4), (False, True, False, False)), ((8, 4), (True, False, False, False)), ((3, 6), (False, True, False, False)), ((5, 9), (True, True, False, False)), ((6, 11), (False, True, False, False)), ((9, 11), (False, False, False, False)), ((6, 12), (False, True, False, False)), ((16, 4), (False, False, False, False)), ((6, 10), (False, True, False, False)), ((12, 10), (False, False, False, False)), ((12, 8), (False, False, False, False)), ((6, 6), (False, True, False, False))]","[((3, 6), (False, True, False, False)), ((8, 4), (True, False, False, False)), ((9, 11), (False, False, False, False)), ((5, 9), (True, True, False, False)), ((6, 11), (False, True, False, False)), ((4, 4), (False, True, False, False)), ((6, 12), (False, True, False, False)), ((16, 4), (False, False, False, False)), ((6, 10), (False, True, False, False)), ((12, 10), (False, False, False, False)), ((12, 8), (False, False, False, False)), ((6, 4), (False, True, False, False)), ((6, 6), (False, True, False, False))]",189 items,35.0,45.0,80.0
190,"((3, 6), (False, True, False, False))","((4, 6), (False, True, False, False))",West,"[((3, 5), (False, True, False, False)), ((4, 6), (False, True, False, False)), ((2, 6), (False, True, False, False))]","[((3, 6), (False, True, False, False)), ((8, 4), (True, False, False, False)), ((9, 11), (False, False, False, False)), ((5, 9), (True, True, False, False)), ((6, 11), (False, True, False, False)), ((4, 4), (False, True, False, False)), ((6, 12), (False, True, False, False)), ((16, 4), (False, False, False, False)), ((6, 10), (False, True, False, False)), ((12, 10), (False, False, False, False)), ((12, 8), (False, False, False, False)), ((6, 4), (False, True, False, False)), ((6, 6), (False, True, False, False))]","[((9, 11), (False, False, False, False)), ((8, 4), (True, False, False, False)), ((4, 4), (False, True, False, False)), ((5, 9), (True, True, False, False)), ((6, 11), (False, True, False, False)), ((3, 5), (False, True, False, False)), ((2, 6), (False, True, False, False)), ((16, 4), (False, False, False, False)), ((6, 10), (False, True, False, False)), ((12, 10), (False, False, False, False)), ((12, 8), (False, False, False, False)), ((6, 4), (False, True, False, False)), ((6, 6), (False, True, False, False)), ((6, 12), (False, True, False, False))]",190 items,35.0,45.0,80.0
191,"((9, 11), (False, False, False, False))","((9, 10), (False, False, False, False))",North,"[((9, 12), (False, False, False, False)), ((9, 10), (False, False, False, False))]","[((9, 11), (False, False, False, False)), ((8, 4), (True, False, False, False)), ((4, 4), (False, True, False, False)), ((5, 9), (True, True, False, False)), ((6, 11), (False, True, False, False)), ((3, 5), (False, True, False, False)), ((2, 6), (False, True, False, False)), ((16, 4), (False, False, False, False)), ((6, 10), (False, True, False, False)), ((12, 10), (False, False, False, False)), ((12, 8), (False, False, False, False)), ((6, 4), (False, True, False, False)), ((6, 6), (False, True, False, False)), ((6, 12), (False, True, False, False))]","[((4, 4), (False, True, False, False)), ((8, 4), (True, False, False, False)), ((3, 5), (False, True, False, False)), ((5, 9), (True, True, False, False)), ((6, 11), (False, True, False, False)), ((6, 12), (False, True, False, False)), ((2, 6), (False, True, False, False)), ((16, 4), (False, False, False, False)), ((6, 10), (False, True, False, False)), ((12, 10), (False, False, False, False)), ((12, 8), (False, False, False, False)), ((6, 4), (False, True, False, False)), ((6, 6), (False, True, False, False)), ((9, 12), (False, False, False, False))]",191 items,22.0,58.0,80.0
192,"((4, 4), (False, True, False, False))","((5, 4), (False, True, False, False))",West,"[((5, 4), (False, True, False, False)), ((3, 4), (False, True, False, False))]","[((4, 4), (False, True, False, False)), ((8, 4), (True, False, False, False)), ((3, 5), (False, True, False, False)), ((5, 9), (True, True, False, False)), ((6, 11), (False, True, False, False)), ((6, 12), (False, True, False, False)), ((2, 6), (False, True, False, False)), ((16, 4), (False, False, False, False)), ((6, 10), (False, True, False, False)), ((12, 10), (False, False, False, False)), ((12, 8), (False, False, False, False)), ((6, 4), (False, True, False, False)), ((6, 6), (False, True, False, False)), ((9, 12), (False, False, False, False))]","[((3, 5), (False, True, False, False)), ((8, 4), (True, False, False, False)), ((2, 6), (False, True, False, False)), ((5, 9), (True, True, False, False)), ((6, 11), (False, True, False, False)), ((6, 12), (False, True, False, False)), ((9, 12), (False, False, False, False)), ((16, 4), (False, False, False, False)), ((6, 10), (False, True, False, False)), ((12, 10), (False, False, False, False)), ((12, 8), (False, False, False, False)), ((6, 4), (False, True, False, False)), ((6, 6), (False, True, False, False)), ((3, 4), (False, True, False, False))]",192 items,36.0,44.0,80.0
193,"((3, 5), (False, True, False, False))","((3, 6), (False, True, False, False))",South,"[((3, 6), (False, True, False, False)), ((3, 4), (False, True, False, False))]","[((3, 5), (False, True, False, False)), ((8, 4), (True, False, False, False)), ((2, 6), (False, True, False, False)), ((5, 9), (True, True, False, False)), ((6, 11), (False, True, False, False)), ((6, 12), (False, True, False, False)), ((9, 12), (False, False, False, False)), ((16, 4), (False, False, False, False)), ((6, 10), (False, True, False, False)), ((12, 10), (False, False, False, False)), ((12, 8), (False, False, False, False)), ((6, 4), (False, True, False, False)), ((6, 6), (False, True, False, False)), ((3, 4), (False, True, False, False))]","[((2, 6), (False, True, False, False)), ((8, 4), (True, False, False, False)), ((9, 12), (False, False, False, False)), ((5, 9), (True, True, False, False)), ((6, 11), (False, True, False, False)), ((6, 12), (False, True, False, False)), ((3, 4), (False, True, False, False)), ((16, 4), (False, False, False, False)), ((6, 10), (False, True, False, False)), ((12, 10), (False, False, False, False)), ((12, 8), (False, False, False, False)), ((6, 4), (False, True, False, False)), ((6, 6), (False, True, False, False))]",193 items,36.0,44.0,80.0
194,"((2, 6), (False, True, False, False))","((3, 6), (False, True, False, False))",West,"[((3, 6), (False, True, False, False)), ((1, 6), (False, True, False, False))]","[((2, 6), (False, True, False, False)), ((8, 4), (True, False, False, False)), ((9, 12), (False, False, False, False)), ((5, 9), (True, True, False, False)), ((6, 11), (False, True, False, False)), ((6, 12), (False, True, False, False)), ((3, 4), (False, True, False, False)), ((16, 4), (False, False, False, False)), ((6, 10), (False, True, False, False)), ((12, 10), (False, False, False, False)), ((12, 8), (False, False, False, False)), ((6, 4), (False, True, False, False)), ((6, 6), (False, True, False, False))]","[((9, 12), (False, False, False, False)), ((8, 4), (True, False, False, False)), ((3, 4), (False, True, False, False)), ((5, 9), (True, True, False, False)), ((6, 11), (False, True, False, False)), ((1, 6), (False, True, False, False)), ((6, 6), (False, True, False, False)), ((16, 4), (False, False, False, False)), ((6, 10), (False, True, False, False)), ((12, 10), (False, False, False, False)), ((12, 8), (False, False, False, False)), ((6, 4), (False, True, False, False)), ((6, 12), (False, True, False, False))]",194 items,36.0,44.0,80.0
195,"((9, 12), (False, False, False, False))","((9, 11), (False, False, False, False))",North,"[((9, 11), (False, False, False, False))]","[((9, 12), (False, False, False, False)), ((8, 4), (True, False, False, False)), ((3, 4), (False, True, False, False)), ((5, 9), (True, True, False, False)), ((6, 11), (False, True, False, False)), ((1, 6), (False, True, False, False)), ((6, 6), (False, True, False, False)), ((16, 4), (False, False, False, False)), ((6, 10), (False, True, False, False)), ((12, 10), (False, False, False, False)), ((12, 8), (False, False, False, False)), ((6, 4), (False, True, False, False)), ((6, 12), (False, True, False, False))]","[((3, 4), (False, True, False, False)), ((8, 4), (True, False, False, False)), ((1, 6), (False, True, False, False)), ((5, 9), (True, True, False, False)), ((6, 11), (False, True, False, False)), ((6, 12), (False, True, False, False)), ((6, 6), (False, True, False, False)), ((16, 4), (False, False, False, False)), ((6, 10), (False, True, False, False)), ((12, 10), (False, False, False, False)), ((12, 8), (False, False, False, False)), ((6, 4), (False, True, False, False))]",195 items,23.0,57.0,80.0
196,"((3, 4), (False, True, False, False))","((4, 4), (False, True, False, False))",West,"[((3, 5), (False, True, False, False)), ((3, 3), (False, True, False, False)), ((4, 4), (False, True, False, False))]","[((3, 4), (False, True, False, False)), ((8, 4), (True, False, False, False)), ((1, 6), (False, True, False, False)), ((5, 9), (True, True, False, False)), ((6, 11), (False, True, False, False)), ((6, 12), (False, True, False, False)), ((6, 6), (False, True, False, False)), ((16, 4), (False, False, False, False)), ((6, 10), (False, True, False, False)), ((12, 10), (False, False, False, False)), ((12, 8), (False, False, False, False)), ((6, 4), (False, True, False, False))]","[((1, 6), (False, True, False, False)), ((8, 4), (True, False, False, False)), ((3, 3), (False, True, False, False)), ((5, 9), (True, True, False, False)), ((6, 11), (False, True, False, False)), ((6, 12), (False, True, False, False)), ((6, 6), (False, True, False, False)), ((16, 4), (False, False, False, False)), ((6, 10), (False, True, False, False)), ((12, 10), (False, False, False, False)), ((12, 8), (False, False, False, False)), ((6, 4), (False, True, False, False))]",196 items,37.0,43.0,80.0
197,"((1, 6), (False, True, False, False))","((2, 6), (False, True, False, False))",West,"[((1, 7), (False, True, False, False)), ((2, 6), (False, True, False, False))]","[((1, 6), (False, True, False, False)), ((8, 4), (True, False, False, False)), ((3, 3), (False, True, False, False)), ((5, 9), (True, True, False, False)), ((6, 11), (False, True, False, False)), ((6, 12), (False, True, False, False)), ((6, 6), (False, True, False, False)), ((16, 4), (False, False, False, False)), ((6, 10), (False, True, False, False)), ((12, 10), (False, False, False, False)), ((12, 8), (False, False, False, False)), ((6, 4), (False, True, False, False))]","[((3, 3), (False, True, False, False)), ((8, 4), (True, False, False, False)), ((6, 12), (False, True, False, False)), ((5, 9), (True, True, False, False)), ((6, 11), (False, True, False, False)), ((6, 4), (False, True, False, False)), ((6, 6), (False, True, False, False)), ((16, 4), (False, False, False, False)), ((6, 10), (False, True, False, False)), ((12, 10), (False, False, False, False)), ((12, 8), (False, False, False, False)), ((1, 7), (False, True, False, False))]",197 items,37.0,43.0,80.0
198,"((3, 3), (False, True, False, False))","((3, 4), (False, True, False, False))",South,"[((3, 4), (False, True, False, False)), ((3, 2), (False, True, False, False))]","[((3, 3), (False, True, False, False)), ((8, 4), (True, False, False, False)), ((6, 12), (False, True, False, False)), ((5, 9), (True, True, False, False)), ((6, 11), (False, True, False, False)), ((6, 4), (False, True, False, False)), ((6, 6), (False, True, False, False)), ((16, 4), (False, False, False, False)), ((6, 10), (False, True, False, False)), ((12, 10), (False, False, False, False)), ((12, 8), (False, False, False, False)), ((1, 7), (False, True, False, False))]","[((3, 2), (False, True, False, False)), ((5, 9), (True, True, False, False)), ((8, 4), (True, False, False, False)), ((6, 10), (False, True, False, False)), ((6, 11), (False, True, False, False)), ((6, 12), (False, True, False, False)), ((6, 6), (False, True, False, False)), ((16, 4), (False, False, False, False)), ((1, 7), (False, True, False, False)), ((12, 10), (False, False, False, False)), ((12, 8), (False, False, False, False)), ((6, 4), (False, True, False, False))]",198 items,38.0,42.0,80.0
199,"((3, 2), (False, True, False, False))","((3, 3), (False, True, False, False))",South,"[((3, 3), (False, True, False, False)), ((3, 1), (False, True, False, False)), ((2, 2), (False, True, False, False))]","[((3, 2), (False, True, False, False)), ((5, 9), (True, True, False, False)), ((8, 4), (True, False, False, False)), ((6, 10), (False, True, False, False)), ((6, 11), (False, True, False, False)), ((6, 12), (False, True, False, False)), ((6, 6), (False, True, False, False)), ((16, 4), (False, False, False, False)), ((1, 7), (False, True, False, False)), ((12, 10), (False, False, False, False)), ((12, 8), (False, False, False, False)), ((6, 4), (False, True, False, False))]","[((3, 1), (False, True, False, False)), ((5, 9), (True, True, False, False)), ((2, 2), (False, True, False, False)), ((6, 10), (False, True, False, False)), ((6, 11), (False, True, False, False)), ((8, 4), (True, False, False, False)), ((6, 6), (False, True, False, False)), ((16, 4), (False, False, False, False)), ((1, 7), (False, True, False, False)), ((12, 10), (False, False, False, False)), ((12, 8), (False, False, False, False)), ((6, 4), (False, True, False, False)), ((6, 12), (False, True, False, False))]",199 items,39.0,41.0,80.0
200,"((3, 1), (False, True, False, False))","((3, 2), (False, True, False, False))",South,"[((3, 2), (False, True, False, False)), ((2, 1), (False, True, False, False))]","[((3, 1), (False, True, False, False)), ((5, 9), (True, True, False, False)), ((2, 2), (False, True, False, False)), ((6, 10), (False, True, False, False)), ((6, 11), (False, True, False, False)), ((8, 4), (True, False, False, False)), ((6, 6), (False, True, False, False)), ((16, 4), (False, False, False, False)), ((1, 7), (False, True, False, False)), ((12, 10), (False, False, False, False)), ((12, 8), (False, False, False, False)), ((6, 4), (False, True, False, False)), ((6, 12), (False, True, False, False))]","[((2, 2), (False, True, False, False)), ((5, 9), (True, True, False, False)), ((2, 1), (False, True, False, False)), ((6, 10), (False, True, False, False)), ((6, 11), (False, True, False, False)), ((8, 4), (True, False, False, False)), ((6, 6), (False, True, False, False)), ((16, 4), (False, False, False, False)), ((1, 7), (False, True, False, False)), ((12, 10), (False, False, False, False)), ((12, 8), (False, False, False, False)), ((6, 4), (False, True, False, False)), ((6, 12), (False, True, False, False))]",200 items,40.0,40.0,80.0
201,"((2, 2), (False, True, False, False))","((3, 2), (False, True, False, False))",West,"[((2, 1), (False, True, False, False)), ((3, 2), (False, True, False, False)), ((1, 2), (False, True, False, False))]","[((2, 2), (False, True, False, False)), ((5, 9), (True, True, False, False)), ((2, 1), (False, True, False, False)), ((6, 10), (False, True, False, False)), ((6, 11), (False, True, False, False)), ((8, 4), (True, False, False, False)), ((6, 6), (False, True, False, False)), ((16, 4), (False, False, False, False)), ((1, 7), (False, True, False, False)), ((12, 10), (False, False, False, False)), ((12, 8), (False, False, False, False)), ((6, 4), (False, True, False, False)), ((6, 12), (False, True, False, False))]","[((2, 1), (False, True, False, False)), ((5, 9), (True, True, False, False)), ((1, 2), (False, True, False, False)), ((6, 10), (False, True, False, False)), ((6, 11), (False, True, False, False)), ((8, 4), (True, False, False, False)), ((6, 6), (False, True, False, False)), ((16, 4), (False, False, False, False)), ((1, 7), (False, True, False, False)), ((12, 10), (False, False, False, False)), ((12, 8), (False, False, False, False)), ((6, 4), (False, True, False, False)), ((6, 12), (False, True, False, False))]",201 items,40.0,40.0,80.0
202,"((2, 1), (False, True, False, False))","((3, 1), (False, True, False, False))",West,"[((2, 2), (False, True, False, False)), ((3, 1), (False, True, False, False)), ((1, 1), (True, True, False, False))]","[((2, 1), (False, True, False, False)), ((5, 9), (True, True, False, False)), ((1, 2), (False, True, False, False)), ((6, 10), (False, True, False, False)), ((6, 11), (False, True, False, False)), ((8, 4), (True, False, False, False)), ((6, 6), (False, True, False, False)), ((16, 4), (False, False, False, False)), ((1, 7), (False, True, False, False)), ((12, 10), (False, False, False, False)), ((12, 8), (False, False, False, False)), ((6, 4), (False, True, False, False)), ((6, 12), (False, True, False, False))]","[((1, 2), (False, True, False, False)), ((5, 9), (True, True, False, False)), ((1, 1), (True, True, False, False)), ((6, 10), (False, True, False, False)), ((6, 11), (False, True, False, False)), ((8, 4), (True, False, False, False)), ((6, 6), (False, True, False, False)), ((16, 4), (False, False, False, False)), ((1, 7), (False, True, False, False)), ((12, 10), (False, False, False, False)), ((12, 8), (False, False, False, False)), ((6, 4), (False, True, False, False)), ((6, 12), (False, True, False, False))]",202 items,41.0,39.0,80.0
203,"((1, 2), (False, True, False, False))","((2, 2), (False, True, False, False))",West,"[((1, 3), (False, True, False, False)), ((1, 1), (True, True, False, False)), ((2, 2), (False, True, False, False))]","[((1, 2), (False, True, False, False)), ((5, 9), (True, True, False, False)), ((1, 1), (True, True, False, False)), ((6, 10), (False, True, False, False)), ((6, 11), (False, True, False, False)), ((8, 4), (True, False, False, False)), ((6, 6), (False, True, False, False)), ((16, 4), (False, False, False, False)), ((1, 7), (False, True, False, False)), ((12, 10), (False, False, False, False)), ((12, 8), (False, False, False, False)), ((6, 4), (False, True, False, False)), ((6, 12), (False, True, False, False))]","[((1, 1), (True, True, False, False)), ((5, 9), (True, True, False, False)), ((8, 4), (True, False, False, False)), ((6, 10), (False, True, False, False)), ((6, 11), (False, True, False, False)), ((6, 12), (False, True, False, False)), ((6, 6), (False, True, False, False)), ((16, 4), (False, False, False, False)), ((1, 7), (False, True, False, False)), ((12, 10), (False, False, False, False)), ((12, 8), (False, False, False, False)), ((6, 4), (False, True, False, False)), ((1, 3), (False, True, False, False))]",203 items,41.0,39.0,80.0
204,"((1, 1), (True, True, False, False))","((2, 1), (False, True, False, False))",West,"[((1, 2), (True, True, False, False)), ((2, 1), (True, True, False, False))]","[((1, 1), (True, True, False, False)), ((5, 9), (True, True, False, False)), ((8, 4), (True, False, False, False)), ((6, 10), (False, True, False, False)), ((6, 11), (False, True, False, False)), ((6, 12), (False, True, False, False)), ((6, 6), (False, True, False, False)), ((16, 4), (False, False, False, False)), ((1, 7), (False, True, False, False)), ((12, 10), (False, False, False, False)), ((12, 8), (False, False, False, False)), ((6, 4), (False, True, False, False)), ((1, 3), (False, True, False, False))]","[((2, 1), (True, True, False, False)), ((5, 9), (True, True, False, False)), ((8, 4), (True, False, False, False)), ((6, 10), (False, True, False, False)), ((6, 11), (False, True, False, False)), ((6, 4), (False, True, False, False)), ((6, 12), (False, True, False, False)), ((16, 4), (False, False, False, False)), ((1, 7), (False, True, False, False)), ((12, 10), (False, False, False, False)), ((12, 8), (False, False, False, False)), ((1, 3), (False, True, False, False)), ((1, 2), (True, True, False, False)), ((6, 6), (False, True, False, False))]",204 items,42.0,38.0,80.0
205,"((2, 1), (True, True, False, False))","((1, 1), (True, True, False, False))",East,"[((2, 2), (True, True, False, False)), ((3, 1), (True, True, False, False)), ((1, 1), (True, True, False, False))]","[((2, 1), (True, True, False, False)), ((5, 9), (True, True, False, False)), ((8, 4), (True, False, False, False)), ((6, 10), (False, True, False, False)), ((6, 11), (False, True, False, False)), ((6, 4), (False, True, False, False)), ((6, 12), (False, True, False, False)), ((16, 4), (False, False, False, False)), ((1, 7), (False, True, False, False)), ((12, 10), (False, False, False, False)), ((12, 8), (False, False, False, False)), ((1, 3), (False, True, False, False)), ((1, 2), (True, True, False, False)), ((6, 6), (False, True, False, False))]","[((3, 1), (True, True, False, False)), ((5, 9), (True, True, False, False)), ((8, 4), (True, False, False, False)), ((6, 10), (False, True, False, False)), ((6, 11), (False, True, False, False)), ((6, 4), (False, True, False, False)), ((6, 12), (False, True, False, False)), ((16, 4), (False, False, False, False)), ((1, 7), (False, True, False, False)), ((12, 10), (False, False, False, False)), ((12, 8), (False, False, False, False)), ((1, 3), (False, True, False, False)), ((1, 2), (True, True, False, False)), ((2, 2), (True, True, False, False)), ((6, 6), (False, True, False, False))]",205 items,43.0,37.0,80.0
206,"((3, 1), (True, True, False, False))","((2, 1), (True, True, False, False))",East,"[((3, 2), (True, True, False, False)), ((2, 1), (True, True, False, False))]","[((3, 1), (True, True, False, False)), ((5, 9), (True, True, False, False)), ((8, 4), (True, False, False, False)), ((6, 10), (False, True, False, False)), ((6, 11), (False, True, False, False)), ((6, 4), (False, True, False, False)), ((6, 12), (False, True, False, False)), ((16, 4), (False, False, False, False)), ((1, 7), (False, True, False, False)), ((12, 10), (False, False, False, False)), ((12, 8), (False, False, False, False)), ((1, 3), (False, True, False, False)), ((1, 2), (True, True, False, False)), ((2, 2), (True, True, False, False)), ((6, 6), (False, True, False, False))]","[((8, 4), (True, False, False, False)), ((5, 9), (True, True, False, False)), ((6, 12), (False, True, False, False)), ((6, 10), (False, True, False, False)), ((6, 11), (False, True, False, False)), ((6, 4), (False, True, False, False)), ((6, 6), (False, True, False, False)), ((16, 4), (False, False, False, False)), ((1, 7), (False, True, False, False)), ((12, 10), (False, False, False, False)), ((12, 8), (False, False, False, False)), ((1, 3), (False, True, False, False)), ((1, 2), (True, True, False, False)), ((2, 2), (True, True, False, False)), ((3, 2), (True, True, False, False))]",206 items,44.0,36.0,80.0
207,"((8, 4), (True, False, False, False))","((7, 4), (True, False, False, False))",East,"[((9, 4), (True, False, False, False)), ((7, 4), (True, False, False, False))]","[((8, 4), (True, False, False, False)), ((5, 9), (True, True, False, False)), ((6, 12), (False, True, False, False)), ((6, 10), (False, True, False, False)), ((6, 11), (False, True, False, False)), ((6, 4), (False, True, False, False)), ((6, 6), (False, True, False, False)), ((16, 4), (False, False, False, False)), ((1, 7), (False, True, False, False)), ((12, 10), (False, False, False, False)), ((12, 8), (False, False, False, False)), ((1, 3), (False, True, False, False)), ((1, 2), (True, True, False, False)), ((2, 2), (True, True, False, False)), ((3, 2), (True, True, False, False))]","[((5, 9), (True, True, False, False)), ((6, 11), (False, True, False, False)), ((6, 12), (False, True, False, False)), ((6, 10), (False, True, False, False)), ((12, 8), (False, False, False, False)), ((6, 4), (False, True, False, False)), ((6, 6), (False, True, False, False)), ((16, 4), (False, False, False, False)), ((1, 7), (False, True, False, False)), ((12, 10), (False, False, False, False)), ((3, 2), (True, True, False, False)), ((1, 3), (False, True, False, False)), ((1, 2), (True, True, False, False)), ((2, 2), (True, True, False, False)), ((9, 4), (True, False, False, False))]",207 items,28.0,53.0,81.0
208,"((5, 9), (True, True, False, False))","((5, 10), (True, True, False, False))",South,"[((5, 10), (True, True, False, False)), ((5, 8), (True, True, False, False))]","[((5, 9), (True, True, False, False)), ((6, 11), (False, True, False, False)), ((6, 12), (False, True, False, False)), ((6, 10), (False, True, False, False)), ((12, 8), (False, False, False, False)), ((6, 4), (False, True, False, False)), ((6, 6), (False, True, False, False)), ((16, 4), (False, False, False, False)), ((1, 7), (False, True, False, False)), ((12, 10), (False, False, False, False)), ((3, 2), (True, True, False, False)), ((1, 3), (False, True, False, False)), ((1, 2), (True, True, False, False)), ((2, 2), (True, True, False, False)), ((9, 4), (True, False, False, False))]","[((6, 12), (False, True, False, False)), ((6, 11), (False, True, False, False)), ((6, 6), (False, True, False, False)), ((6, 10), (False, True, False, False)), ((12, 8), (False, False, False, False)), ((6, 4), (False, True, False, False)), ((2, 2), (True, True, False, False)), ((16, 4), (False, False, False, False)), ((1, 7), (False, True, False, False)), ((12, 10), (False, False, False, False)), ((3, 2), (True, True, False, False)), ((1, 3), (False, True, False, False)), ((1, 2), (True, True, False, False)), ((9, 4), (True, False, False, False)), ((5, 8), (True, True, False, False))]",208 items,44.0,37.0,81.0
209,"((6, 12), (False, True, False, False))","((5, 12), (False, True, False, False))",East,"[((6, 11), (False, True, False, False)), ((7, 12), (False, True, False, False)), ((5, 12), (False, True, False, False))]","[((6, 12), (False, True, False, False)), ((6, 11), (False, True, False, False)), ((6, 6), (False, True, False, False)), ((6, 10), (False, True, False, False)), ((12, 8), (False, False, False, False)), ((6, 4), (False, True, False, False)), ((2, 2), (True, True, False, False)), ((16, 4), (False, False, False, False)), ((1, 7), (False, True, False, False)), ((12, 10), (False, False, False, False)), ((3, 2), (True, True, False, False)), ((1, 3), (False, True, False, False)), ((1, 2), (True, True, False, False)), ((9, 4), (True, False, False, False)), ((5, 8), (True, True, False, False))]","[((6, 11), (False, True, False, False)), ((6, 10), (False, True, False, False)), ((6, 6), (False, True, False, False)), ((16, 4), (False, False, False, False)), ((12, 8), (False, False, False, False)), ((6, 4), (False, True, False, False)), ((2, 2), (True, True, False, False)), ((5, 8), (True, True, False, False)), ((1, 7), (False, True, False, False)), ((12, 10), (False, False, False, False)), ((3, 2), (True, True, False, False)), ((1, 3), (False, True, False, False)), ((1, 2), (True, True, False, False)), ((9, 4), (True, False, False, False)), ((7, 12), (False, True, False, False))]",209 items,28.0,54.0,82.0
210,"((6, 11), (False, True, False, False))","((5, 11), (False, True, False, False))",East,"[((6, 12), (False, True, False, False)), ((6, 10), (False, True, False, False)), ((7, 11), (False, True, False, False)), ((5, 11), (False, True, False, False))]","[((6, 11), (False, True, False, False)), ((6, 10), (False, True, False, False)), ((6, 6), (False, True, False, False)), ((16, 4), (False, False, False, False)), ((12, 8), (False, False, False, False)), ((6, 4), (False, True, False, False)), ((2, 2), (True, True, False, False)), ((5, 8), (True, True, False, False)), ((1, 7), (False, True, False, False)), ((12, 10), (False, False, False, False)), ((3, 2), (True, True, False, False)), ((1, 3), (False, True, False, False)), ((1, 2), (True, True, False, False)), ((9, 4), (True, False, False, False)), ((7, 12), (False, True, False, False))]","[((6, 10), (False, True, False, False)), ((16, 4), (False, False, False, False)), ((6, 6), (False, True, False, False)), ((1, 7), (False, True, False, False)), ((12, 8), (False, False, False, False)), ((6, 4), (False, True, False, False)), ((2, 2), (True, True, False, False)), ((5, 8), (True, True, False, False)), ((7, 12), (False, True, False, False)), ((12, 10), (False, False, False, False)), ((3, 2), (True, True, False, False)), ((1, 3), (False, True, False, False)), ((1, 2), (True, True, False, False)), ((9, 4), (True, False, False, False)), ((7, 11), (False, True, False, False))]",210 items,29.0,53.0,82.0
211,"((6, 10), (False, True, False, False))","((5, 10), (False, True, False, False))",East,"[((6, 11), (False, True, False, False)), ((7, 10), (False, True, False, False)), ((5, 10), (False, True, False, False))]","[((6, 10), (False, True, False, False)), ((16, 4), (False, False, False, False)), ((6, 6), (False, True, False, False)), ((1, 7), (False, True, False, False)), ((12, 8), (False, False, False, False)), ((6, 4), (False, True, False, False)), ((2, 2), (True, True, False, False)), ((5, 8), (True, True, False, False)), ((7, 12), (False, True, False, False)), ((12, 10), (False, False, False, False)), ((3, 2), (True, True, False, False)), ((1, 3), (False, True, False, False)), ((1, 2), (True, True, False, False)), ((9, 4), (True, False, False, False)), ((7, 11), (False, True, False, False))]","[((16, 4), (False, False, False, False)), ((12, 8), (False, False, False, False)), ((6, 6), (False, True, False, False)), ((1, 7), (False, True, False, False)), ((12, 10), (False, False, False, False)), ((6, 4), (False, True, False, False)), ((2, 2), (True, True, False, False)), ((5, 8), (True, True, False, False)), ((7, 12), (False, True, False, False)), ((7, 11), (False, True, False, False)), ((3, 2), (True, True, False, False)), ((1, 3), (False, True, False, False)), ((1, 2), (True, True, False, False)), ((9, 4), (True, False, False, False)), ((7, 10), (False, True, False, False))]",211 items,30.0,52.0,82.0
212,"((16, 4), (False, False, False, False))","((16, 3), (False, False, False, False))",North,"[((16, 3), (False, False, False, False)), ((17, 4), (False, False, False, False))]","[((16, 4), (False, False, False, False)), ((12, 8), (False, False, False, False)), ((6, 6), (False, True, False, False)), ((1, 7), (False, True, False, False)), ((12, 10), (False, False, False, False)), ((6, 4), (False, True, False, False)), ((2, 2), (True, True, False, False)), ((5, 8), (True, True, False, False)), ((7, 12), (False, True, False, False)), ((7, 11), (False, True, False, False)), ((3, 2), (True, True, False, False)), ((1, 3), (False, True, False, False)), ((1, 2), (True, True, False, False)), ((9, 4), (True, False, False, False)), ((7, 10), (False, True, False, False))]","[((12, 8), (False, False, False, False)), ((12, 10), (False, False, False, False)), ((6, 6), (False, True, False, False)), ((1, 7), (False, True, False, False)), ((3, 2), (True, True, False, False)), ((6, 4), (False, True, False, False)), ((2, 2), (True, True, False, False)), ((5, 8), (True, True, False, False)), ((7, 12), (False, True, False, False)), ((7, 11), (False, True, False, False)), ((7, 10), (False, True, False, False)), ((1, 3), (False, True, False, False)), ((1, 2), (True, True, False, False)), ((9, 4), (True, False, False, False)), ((17, 4), (False, False, False, False))]",212 items,18.0,64.0,82.0
213,"((12, 8), (False, False, False, False))","((11, 8), (False, False, False, False))",East,"[((13, 8), (False, False, False, False)), ((11, 8), (False, False, False, False))]","[((12, 8), (False, False, False, False)), ((12, 10), (False, False, False, False)), ((6, 6), (False, True, False, False)), ((1, 7), (False, True, False, False)), ((3, 2), (True, True, False, False)), ((6, 4), (False, True, False, False)), ((2, 2), (True, True, False, False)), ((5, 8), (True, True, False, False)), ((7, 12), (False, True, False, False)), ((7, 11), (False, True, False, False)), ((7, 10), (False, True, False, False)), ((1, 3), (False, True, False, False)), ((1, 2), (True, True, False, False)), ((9, 4), (True, False, False, False)), ((17, 4), (False, False, False, False))]","[((12, 10), (False, False, False, False)), ((1, 7), (False, True, False, False)), ((6, 6), (False, True, False, False)), ((17, 4), (False, False, False, False)), ((3, 2), (True, True, False, False)), ((6, 4), (False, True, False, False)), ((2, 2), (True, True, False, False)), ((5, 8), (True, True, False, False)), ((7, 12), (False, True, False, False)), ((7, 11), (False, True, False, False)), ((7, 10), (False, True, False, False)), ((1, 3), (False, True, False, False)), ((1, 2), (True, True, False, False)), ((9, 4), (True, False, False, False)), ((13, 8), (False, False, False, False))]",213 items,18.0,64.0,82.0
214,"((12, 10), (False, False, False, False))","((11, 10), (False, False, False, False))",East,"[((13, 10), (False, False, False, False)), ((11, 10), (False, False, False, False))]","[((12, 10), (False, False, False, False)), ((1, 7), (False, True, False, False)), ((6, 6), (False, True, False, False)), ((17, 4), (False, False, False, False)), ((3, 2), (True, True, False, False)), ((6, 4), (False, True, False, False)), ((2, 2), (True, True, False, False)), ((5, 8), (True, True, False, False)), ((7, 12), (False, True, False, False)), ((7, 11), (False, True, False, False)), ((7, 10), (False, True, False, False)), ((1, 3), (False, True, False, False)), ((1, 2), (True, True, False, False)), ((9, 4), (True, False, False, False)), ((13, 8), (False, False, False, False))]","[((6, 6), (False, True, False, False)), ((1, 7), (False, True, False, False)), ((6, 4), (False, True, False, False)), ((17, 4), (False, False, False, False)), ((3, 2), (True, True, False, False)), ((1, 3), (False, True, False, False)), ((2, 2), (True, True, False, False)), ((5, 8), (True, True, False, False)), ((7, 12), (False, True, False, False)), ((7, 11), (False, True, False, False)), ((7, 10), (False, True, False, False)), ((13, 8), (False, False, False, False)), ((1, 2), (True, True, False, False)), ((9, 4), (True, False, False, False)), ((13, 10), (False, False, False, False))]",214 items,20.0,62.0,82.0
215,"((6, 6), (False, True, False, False))","((5, 6), (False, True, False, False))",East,"[((7, 6), (False, True, False, False)), ((5, 6), (False, True, False, False))]","[((6, 6), (False, True, False, False)), ((1, 7), (False, True, False, False)), ((6, 4), (False, True, False, False)), ((17, 4), (False, False, False, False)), ((3, 2), (True, True, False, False)), ((1, 3), (False, True, False, False)), ((2, 2), (True, True, False, False)), ((5, 8), (True, True, False, False)), ((7, 12), (False, True, False, False)), ((7, 11), (False, True, False, False)), ((7, 10), (False, True, False, False)), ((13, 8), (False, False, False, False)), ((1, 2), (True, True, False, False)), ((9, 4), (True, False, False, False)), ((13, 10), (False, False, False, False))]","[((6, 4), (False, True, False, False)), ((1, 7), (False, True, False, False)), ((1, 3), (False, True, False, False)), ((17, 4), (False, False, False, False)), ((3, 2), (True, True, False, False)), ((1, 2), (True, True, False, False)), ((2, 2), (True, True, False, False)), ((5, 8), (True, True, False, False)), ((7, 12), (False, True, False, False)), ((7, 11), (False, True, False, False)), ((7, 10), (False, True, False, False)), ((13, 8), (False, False, False, False)), ((13, 10), (False, False, False, False)), ((9, 4), (True, False, False, False)), ((7, 6), (False, True, False, False))]",215 items,34.0,48.0,82.0
216,"((6, 4), (False, True, False, False))","((5, 4), (False, True, False, False))",East,"[((7, 4), (False, True, False, False)), ((5, 4), (False, True, False, False))]","[((6, 4), (False, True, False, False)), ((1, 7), (False, True, False, False)), ((1, 3), (False, True, False, False)), ((17, 4), (False, False, False, False)), ((3, 2), (True, True, False, False)), ((1, 2), (True, True, False, False)), ((2, 2), (True, True, False, False)), ((5, 8), (True, True, False, False)), ((7, 12), (False, True, False, False)), ((7, 11), (False, True, False, False)), ((7, 10), (False, True, False, False)), ((13, 8), (False, False, False, False)), ((13, 10), (False, False, False, False)), ((9, 4), (True, False, False, False)), ((7, 6), (False, True, False, False))]","[((1, 7), (False, True, False, False)), ((3, 2), (True, True, False, False)), ((1, 3), (False, True, False, False)), ((17, 4), (False, False, False, False)), ((7, 11), (False, True, False, False)), ((1, 2), (True, True, False, False)), ((2, 2), (True, True, False, False)), ((5, 8), (True, True, False, False)), ((7, 12), (False, True, False, False)), ((7, 6), (False, True, False, False)), ((7, 10), (False, True, False, False)), ((13, 8), (False, False, False, False)), ((13, 10), (False, False, False, False)), ((9, 4), (True, False, False, False)), ((7, 4), (False, True, False, False))]",216 items,36.0,46.0,82.0
217,"((1, 7), (False, True, False, False))","((1, 6), (False, True, False, False))",North,"[((1, 8), (False, True, False, False)), ((1, 6), (False, True, False, False))]","[((1, 7), (False, True, False, False)), ((3, 2), (True, True, False, False)), ((1, 3), (False, True, False, False)), ((17, 4), (False, False, False, False)), ((7, 11), (False, True, False, False)), ((1, 2), (True, True, False, False)), ((2, 2), (True, True, False, False)), ((5, 8), (True, True, False, False)), ((7, 12), (False, True, False, False)), ((7, 6), (False, True, False, False)), ((7, 10), (False, True, False, False)), ((13, 8), (False, False, False, False)), ((13, 10), (False, False, False, False)), ((9, 4), (True, False, False, False)), ((7, 4), (False, True, False, False))]","[((1, 3), (False, True, False, False)), ((3, 2), (True, True, False, False)), ((1, 2), (True, True, False, False)), ((17, 4), (False, False, False, False)), ((7, 11), (False, True, False, False)), ((13, 8), (False, False, False, False)), ((2, 2), (True, True, False, False)), ((5, 8), (True, True, False, False)), ((7, 12), (False, True, False, False)), ((7, 6), (False, True, False, False)), ((7, 10), (False, True, False, False)), ((7, 4), (False, True, False, False)), ((13, 10), (False, False, False, False)), ((9, 4), (True, False, False, False)), ((1, 8), (False, True, False, False))]",217 items,38.0,44.0,82.0
218,"((1, 3), (False, True, False, False))","((1, 2), (False, True, False, False))",North,"[((1, 4), (False, True, False, False)), ((1, 2), (False, True, False, False))]","[((1, 3), (False, True, False, False)), ((3, 2), (True, True, False, False)), ((1, 2), (True, True, False, False)), ((17, 4), (False, False, False, False)), ((7, 11), (False, True, False, False)), ((13, 8), (False, False, False, False)), ((2, 2), (True, True, False, False)), ((5, 8), (True, True, False, False)), ((7, 12), (False, True, False, False)), ((7, 6), (False, True, False, False)), ((7, 10), (False, True, False, False)), ((7, 4), (False, True, False, False)), ((13, 10), (False, False, False, False)), ((9, 4), (True, False, False, False)), ((1, 8), (False, True, False, False))]","[((1, 2), (True, True, False, False)), ((3, 2), (True, True, False, False)), ((2, 2), (True, True, False, False)), ((17, 4), (False, False, False, False)), ((7, 11), (False, True, False, False)), ((13, 8), (False, False, False, False)), ((9, 4), (True, False, False, False)), ((5, 8), (True, True, False, False)), ((7, 12), (False, True, False, False)), ((7, 6), (False, True, False, False)), ((7, 10), (False, True, False, False)), ((7, 4), (False, True, False, False)), ((13, 10), (False, False, False, False)), ((1, 8), (False, True, False, False)), ((1, 4), (False, True, False, False))]",218 items,42.0,40.0,82.0
219,"((1, 2), (True, True, False, False))","((1, 1), (True, True, False, False))",North,"[((1, 3), (True, True, False, False)), ((1, 1), (True, True, False, False)), ((2, 2), (True, True, False, False))]","[((1, 2), (True, True, False, False)), ((3, 2), (True, True, False, False)), ((2, 2), (True, True, False, False)), ((17, 4), (False, False, False, False)), ((7, 11), (False, True, False, False)), ((13, 8), (False, False, False, False)), ((9, 4), (True, False, False, False)), ((5, 8), (True, True, False, False)), ((7, 12), (False, True, False, False)), ((7, 6), (False, True, False, False)), ((7, 10), (False, True, False, False)), ((7, 4), (False, True, False, False)), ((13, 10), (False, False, False, False)), ((1, 8), (False, True, False, False)), ((1, 4), (False, True, False, False))]","[((2, 2), (True, True, False, False)), ((3, 2), (True, True, False, False)), ((9, 4), (True, False, False, False)), ((17, 4), (False, False, False, False)), ((7, 11), (False, True, False, False)), ((13, 8), (False, False, False, False)), ((1, 8), (False, True, False, False)), ((5, 8), (True, True, False, False)), ((7, 12), (False, True, False, False)), ((7, 6), (False, True, False, False)), ((7, 10), (False, True, False, False)), ((7, 4), (False, True, False, False)), ((13, 10), (False, False, False, False)), ((1, 4), (False, True, False, False)), ((1, 3), (True, True, False, False))]",219 items,43.0,39.0,82.0
220,"((2, 2), (True, True, False, False))","((2, 1), (True, True, False, False))",North,"[((2, 1), (True, True, False, False)), ((3, 2), (True, True, False, False)), ((1, 2), (True, True, False, False))]","[((2, 2), (True, True, False, False)), ((3, 2), (True, True, False, False)), ((9, 4), (True, False, False, False)), ((17, 4), (False, False, False, False)), ((7, 11), (False, True, False, False)), ((13, 8), (False, False, False, False)), ((1, 8), (False, True, False, False)), ((5, 8), (True, True, False, False)), ((7, 12), (False, True, False, False)), ((7, 6), (False, True, False, False)), ((7, 10), (False, True, False, False)), ((7, 4), (False, True, False, False)), ((13, 10), (False, False, False, False)), ((1, 4), (False, True, False, False)), ((1, 3), (True, True, False, False))]","[((3, 2), (True, True, False, False)), ((17, 4), (False, False, False, False)), ((9, 4), (True, False, False, False)), ((5, 8), (True, True, False, False)), ((7, 11), (False, True, False, False)), ((13, 8), (False, False, False, False)), ((1, 8), (False, True, False, False)), ((1, 3), (True, True, False, False)), ((7, 12), (False, True, False, False)), ((7, 6), (False, True, False, False)), ((7, 10), (False, True, False, False)), ((7, 4), (False, True, False, False)), ((13, 10), (False, False, False, False)), ((1, 4), (False, True, False, False))]",220 items,44.0,38.0,82.0
221,"((3, 2), (True, True, False, False))","((3, 1), (True, True, False, False))",North,"[((3, 3), (True, True, False, False)), ((3, 1), (True, True, False, False)), ((2, 2), (True, True, False, False))]","[((3, 2), (True, True, False, False)), ((17, 4), (False, False, False, False)), ((9, 4), (True, False, False, False)), ((5, 8), (True, True, False, False)), ((7, 11), (False, True, False, False)), ((13, 8), (False, False, False, False)), ((1, 8), (False, True, False, False)), ((1, 3), (True, True, False, False)), ((7, 12), (False, True, False, False)), ((7, 6), (False, True, False, False)), ((7, 10), (False, True, False, False)), ((7, 4), (False, True, False, False)), ((13, 10), (False, False, False, False)), ((1, 4), (False, True, False, False))]","[((17, 4), (False, False, False, False)), ((5, 8), (True, True, False, False)), ((9, 4), (True, False, False, False)), ((7, 12), (False, True, False, False)), ((7, 11), (False, True, False, False)), ((13, 8), (False, False, False, False)), ((1, 8), (False, True, False, False)), ((1, 3), (True, True, False, False)), ((1, 4), (False, True, False, False)), ((7, 6), (False, True, False, False)), ((7, 10), (False, True, False, False)), ((7, 4), (False, True, False, False)), ((13, 10), (False, False, False, False)), ((3, 3), (True, True, False, False))]",221 items,45.0,37.0,82.0
222,"((17, 4), (False, False, False, False))","((16, 4), (False, False, False, False))",East,"[((18, 4), (False, False, False, False)), ((16, 4), (False, False, False, False))]","[((17, 4), (False, False, False, False)), ((5, 8), (True, True, False, False)), ((9, 4), (True, False, False, False)), ((7, 12), (False, True, False, False)), ((7, 11), (False, True, False, False)), ((13, 8), (False, False, False, False)), ((1, 8), (False, True, False, False)), ((1, 3), (True, True, False, False)), ((1, 4), (False, True, False, False)), ((7, 6), (False, True, False, False)), ((7, 10), (False, True, False, False)), ((7, 4), (False, True, False, False)), ((13, 10), (False, False, False, False)), ((3, 3), (True, True, False, False))]","[((18, 4), (False, False, False, False)), ((5, 8), (True, True, False, False)), ((9, 4), (True, False, False, False)), ((7, 12), (False, True, False, False)), ((7, 11), (False, True, False, False)), ((13, 10), (False, False, False, False)), ((13, 8), (False, False, False, False)), ((1, 3), (True, True, False, False)), ((1, 4), (False, True, False, False)), ((7, 6), (False, True, False, False)), ((7, 10), (False, True, False, False)), ((7, 4), (False, True, False, False)), ((3, 3), (True, True, False, False)), ((1, 8), (False, True, False, False))]",222 items,19.0,63.0,82.0
223,"((18, 4), (False, False, False, False))","((17, 4), (False, False, False, False))",East,"[((18, 5), (False, False, False, False)), ((18, 3), (False, False, False, False)), ((19, 4), (False, False, False, False)), ((17, 4), (False, False, False, False))]","[((18, 4), (False, False, False, False)), ((5, 8), (True, True, False, False)), ((9, 4), (True, False, False, False)), ((7, 12), (False, True, False, False)), ((7, 11), (False, True, False, False)), ((13, 10), (False, False, False, False)), ((13, 8), (False, False, False, False)), ((1, 3), (True, True, False, False)), ((1, 4), (False, True, False, False)), ((7, 6), (False, True, False, False)), ((7, 10), (False, True, False, False)), ((7, 4), (False, True, False, False)), ((3, 3), (True, True, False, False)), ((1, 8), (False, True, False, False))]",16 items,223 items,20.0,62.0,82.0
224,"((18, 3), (False, False, False, False))","((18, 4), (False, False, False, False))",South,"[((18, 4), (False, False, False, False)), ((18, 2), (False, False, False, False))]",16 items,16 items,224 items,21.0,61.0,82.0
225,"((19, 4), (False, False, False, False))","((18, 4), (False, False, False, False))",East,"[((20, 4), (False, False, False, False)), ((18, 4), (False, False, False, False))]",16 items,16 items,225 items,21.0,61.0,82.0
226,"((18, 2), (False, False, False, False))","((18, 3), (False, False, False, False))",South,"[((18, 3), (False, False, False, False)), ((18, 1), (False, False, False, False))]",16 items,16 items,226 items,22.0,60.0,82.0
227,"((20, 4), (False, False, False, False))","((19, 4), (False, False, False, False))",East,"[((19, 4), (False, False, False, False))]",16 items,"[((18, 1), (False, False, False, False)), ((5, 8), (True, True, False, False)), ((9, 4), (True, False, False, False)), ((7, 12), (False, True, False, False)), ((7, 11), (False, True, False, False)), ((13, 10), (False, False, False, False)), ((13, 8), (False, False, False, False)), ((1, 3), (True, True, False, False)), ((1, 4), (False, True, False, False)), ((7, 6), (False, True, False, False)), ((7, 10), (False, True, False, False)), ((7, 4), (False, True, False, False)), ((3, 3), (True, True, False, False)), ((18, 5), (False, False, False, False)), ((1, 8), (False, True, False, False))]",227 items,22.0,60.0,82.0
228,"((18, 1), (False, False, False, False))","((18, 2), (False, False, False, False))",South,"[((18, 2), (False, False, False, False))]","[((18, 1), (False, False, False, False)), ((5, 8), (True, True, False, False)), ((9, 4), (True, False, False, False)), ((7, 12), (False, True, False, False)), ((7, 11), (False, True, False, False)), ((13, 10), (False, False, False, False)), ((13, 8), (False, False, False, False)), ((1, 3), (True, True, False, False)), ((1, 4), (False, True, False, False)), ((7, 6), (False, True, False, False)), ((7, 10), (False, True, False, False)), ((7, 4), (False, True, False, False)), ((3, 3), (True, True, False, False)), ((18, 5), (False, False, False, False)), ((1, 8), (False, True, False, False))]","[((9, 4), (True, False, False, False)), ((5, 8), (True, True, False, False)), ((13, 8), (False, False, False, False)), ((7, 12), (False, True, False, False)), ((7, 11), (False, True, False, False)), ((13, 10), (False, False, False, False)), ((1, 8), (False, True, False, False)), ((1, 3), (True, True, False, False)), ((1, 4), (False, True, False, False)), ((7, 6), (False, True, False, False)), ((7, 10), (False, True, False, False)), ((7, 4), (False, True, False, False)), ((3, 3), (True, True, False, False)), ((18, 5), (False, False, False, False))]",228 items,23.0,59.0,82.0
229,"((9, 4), (True, False, False, False))","((8, 4), (True, False, False, False))",East,"[((9, 3), (True, False, False, False)), ((10, 4), (True, False, False, False)), ((8, 4), (True, False, False, False))]","[((9, 4), (True, False, False, False)), ((5, 8), (True, True, False, False)), ((13, 8), (False, False, False, False)), ((7, 12), (False, True, False, False)), ((7, 11), (False, True, False, False)), ((13, 10), (False, False, False, False)), ((1, 8), (False, True, False, False)), ((1, 3), (True, True, False, False)), ((1, 4), (False, True, False, False)), ((7, 6), (False, True, False, False)), ((7, 10), (False, True, False, False)), ((7, 4), (False, True, False, False)), ((3, 3), (True, True, False, False)), ((18, 5), (False, False, False, False))]","[((5, 8), (True, True, False, False)), ((7, 12), (False, True, False, False)), ((13, 8), (False, False, False, False)), ((1, 4), (False, True, False, False)), ((7, 11), (False, True, False, False)), ((13, 10), (False, False, False, False)), ((1, 8), (False, True, False, False)), ((1, 3), (True, True, False, False)), ((18, 5), (False, False, False, False)), ((7, 6), (False, True, False, False)), ((7, 10), (False, True, False, False)), ((7, 4), (False, True, False, False)), ((3, 3), (True, True, False, False)), ((9, 3), (True, False, False, False)), ((10, 4), (True, False, False, False))]",229 items,29.0,54.0,83.0
230,"((5, 8), (True, True, False, False))","((5, 9), (True, True, False, False))",South,"[((5, 9), (True, True, False, False)), ((5, 7), (True, True, False, False))]","[((5, 8), (True, True, False, False)), ((7, 12), (False, True, False, False)), ((13, 8), (False, False, False, False)), ((1, 4), (False, True, False, False)), ((7, 11), (False, True, False, False)), ((13, 10), (False, False, False, False)), ((1, 8), (False, True, False, False)), ((1, 3), (True, True, False, False)), ((18, 5), (False, False, False, False)), ((7, 6), (False, True, False, False)), ((7, 10), (False, True, False, False)), ((7, 4), (False, True, False, False)), ((3, 3), (True, True, False, False)), ((9, 3), (True, False, False, False)), ((10, 4), (True, False, False, False))]","[((7, 12), (False, True, False, False)), ((7, 11), (False, True, False, False)), ((13, 8), (False, False, False, False)), ((1, 4), (False, True, False, False)), ((7, 10), (False, True, False, False)), ((13, 10), (False, False, False, False)), ((1, 8), (False, True, False, False)), ((1, 3), (True, True, False, False)), ((18, 5), (False, False, False, False)), ((7, 6), (False, True, False, False)), ((10, 4), (True, False, False, False)), ((7, 4), (False, True, False, False)), ((3, 3), (True, True, False, False)), ((9, 3), (True, False, False, False)), ((5, 7), (True, True, False, False))]",230 items,45.0,38.0,83.0
231,"((7, 12), (False, True, False, False))","((6, 12), (False, True, False, False))",East,"[((7, 11), (False, True, False, False)), ((6, 12), (False, True, False, False))]","[((7, 12), (False, True, False, False)), ((7, 11), (False, True, False, False)), ((13, 8), (False, False, False, False)), ((1, 4), (False, True, False, False)), ((7, 10), (False, True, False, False)), ((13, 10), (False, False, False, False)), ((1, 8), (False, True, False, False)), ((1, 3), (True, True, False, False)), ((18, 5), (False, False, False, False)), ((7, 6), (False, True, False, False)), ((10, 4), (True, False, False, False)), ((7, 4), (False, True, False, False)), ((3, 3), (True, True, False, False)), ((9, 3), (True, False, False, False)), ((5, 7), (True, True, False, False))]","[((7, 11), (False, True, False, False)), ((7, 10), (False, True, False, False)), ((13, 8), (False, False, False, False)), ((1, 4), (False, True, False, False)), ((7, 6), (False, True, False, False)), ((13, 10), (False, False, False, False)), ((1, 8), (False, True, False, False)), ((1, 3), (True, True, False, False)), ((18, 5), (False, False, False, False)), ((5, 7), (True, True, False, False)), ((10, 4), (True, False, False, False)), ((7, 4), (False, True, False, False)), ((3, 3), (True, True, False, False)), ((9, 3), (True, False, False, False))]",231 items,29.0,55.0,84.0
232,"((7, 11), (False, True, False, False))","((6, 11), (False, True, False, False))",East,"[((7, 12), (False, True, False, False)), ((7, 10), (False, True, False, False)), ((6, 11), (False, True, False, False))]","[((7, 11), (False, True, False, False)), ((7, 10), (False, True, False, False)), ((13, 8), (False, False, False, False)), ((1, 4), (False, True, False, False)), ((7, 6), (False, True, False, False)), ((13, 10), (False, False, False, False)), ((1, 8), (False, True, False, False)), ((1, 3), (True, True, False, False)), ((18, 5), (False, False, False, False)), ((5, 7), (True, True, False, False)), ((10, 4), (True, False, False, False)), ((7, 4), (False, True, False, False)), ((3, 3), (True, True, False, False)), ((9, 3), (True, False, False, False))]","[((7, 10), (False, True, False, False)), ((7, 6), (False, True, False, False)), ((13, 8), (False, False, False, False)), ((1, 4), (False, True, False, False)), ((9, 3), (True, False, False, False)), ((13, 10), (False, False, False, False)), ((1, 8), (False, True, False, False)), ((1, 3), (True, True, False, False)), ((18, 5), (False, False, False, False)), ((5, 7), (True, True, False, False)), ((10, 4), (True, False, False, False)), ((7, 4), (False, True, False, False)), ((3, 3), (True, True, False, False))]",232 items,30.0,54.0,84.0
233,"((7, 10), (False, True, False, False))","((6, 10), (False, True, False, False))",East,"[((7, 11), (False, True, False, False)), ((6, 10), (False, True, False, False))]","[((7, 10), (False, True, False, False)), ((7, 6), (False, True, False, False)), ((13, 8), (False, False, False, False)), ((1, 4), (False, True, False, False)), ((9, 3), (True, False, False, False)), ((13, 10), (False, False, False, False)), ((1, 8), (False, True, False, False)), ((1, 3), (True, True, False, False)), ((18, 5), (False, False, False, False)), ((5, 7), (True, True, False, False)), ((10, 4), (True, False, False, False)), ((7, 4), (False, True, False, False)), ((3, 3), (True, True, False, False))]","[((13, 8), (False, False, False, False)), ((7, 6), (False, True, False, False)), ((13, 10), (False, False, False, False)), ((1, 4), (False, True, False, False)), ((9, 3), (True, False, False, False)), ((7, 4), (False, True, False, False)), ((1, 8), (False, True, False, False)), ((1, 3), (True, True, False, False)), ((18, 5), (False, False, False, False)), ((5, 7), (True, True, False, False)), ((10, 4), (True, False, False, False)), ((3, 3), (True, True, False, False))]",233 items,31.0,53.0,84.0
234,"((13, 8), (False, False, False, False))","((12, 8), (False, False, False, False))",East,"[((12, 8), (False, False, False, False))]","[((13, 8), (False, False, False, False)), ((7, 6), (False, True, False, False)), ((13, 10), (False, False, False, False)), ((1, 4), (False, True, False, False)), ((9, 3), (True, False, False, False)), ((7, 4), (False, True, False, False)), ((1, 8), (False, True, False, False)), ((1, 3), (True, True, False, False)), ((18, 5), (False, False, False, False)), ((5, 7), (True, True, False, False)), ((10, 4), (True, False, False, False)), ((3, 3), (True, True, False, False))]","[((13, 10), (False, False, False, False)), ((7, 6), (False, True, False, False)), ((7, 4), (False, True, False, False)), ((1, 4), (False, True, False, False)), ((9, 3), (True, False, False, False)), ((3, 3), (True, True, False, False)), ((1, 8), (False, True, False, False)), ((1, 3), (True, True, False, False)), ((18, 5), (False, False, False, False)), ((5, 7), (True, True, False, False)), ((10, 4), (True, False, False, False))]",234 items,19.0,65.0,84.0
235,"((13, 10), (False, False, False, False))","((12, 10), (False, False, False, False))",East,"[((14, 10), (False, False, False, False)), ((12, 10), (False, False, False, False))]","[((13, 10), (False, False, False, False)), ((7, 6), (False, True, False, False)), ((7, 4), (False, True, False, False)), ((1, 4), (False, True, False, False)), ((9, 3), (True, False, False, False)), ((3, 3), (True, True, False, False)), ((1, 8), (False, True, False, False)), ((1, 3), (True, True, False, False)), ((18, 5), (False, False, False, False)), ((5, 7), (True, True, False, False)), ((10, 4), (True, False, False, False))]","[((7, 6), (False, True, False, False)), ((1, 4), (False, True, False, False)), ((7, 4), (False, True, False, False)), ((1, 3), (True, True, False, False)), ((9, 3), (True, False, False, False)), ((3, 3), (True, True, False, False)), ((1, 8), (False, True, False, False)), ((10, 4), (True, False, False, False)), ((18, 5), (False, False, False, False)), ((5, 7), (True, True, False, False)), ((14, 10), (False, False, False, False))]",235 items,21.0,63.0,84.0
236,"((7, 6), (False, True, False, False))","((6, 6), (False, True, False, False))",East,"[((7, 7), (False, True, False, False)), ((6, 6), (False, True, False, False))]","[((7, 6), (False, True, False, False)), ((1, 4), (False, True, False, False)), ((7, 4), (False, True, False, False)), ((1, 3), (True, True, False, False)), ((9, 3), (True, False, False, False)), ((3, 3), (True, True, False, False)), ((1, 8), (False, True, False, False)), ((10, 4), (True, False, False, False)), ((18, 5), (False, False, False, False)), ((5, 7), (True, True, False, False)), ((14, 10), (False, False, False, False))]","[((7, 4), (False, True, False, False)), ((1, 4), (False, True, False, False)), ((1, 8), (False, True, False, False)), ((1, 3), (True, True, False, False)), ((9, 3), (True, False, False, False)), ((3, 3), (True, True, False, False)), ((14, 10), (False, False, False, False)), ((10, 4), (True, False, False, False)), ((18, 5), (False, False, False, False)), ((5, 7), (True, True, False, False)), ((7, 7), (False, True, False, False))]",236 items,35.0,49.0,84.0
237,"((7, 4), (False, True, False, False))","((6, 4), (False, True, False, False))",East,"[((8, 4), (False, True, False, False)), ((6, 4), (False, True, False, False))]","[((7, 4), (False, True, False, False)), ((1, 4), (False, True, False, False)), ((1, 8), (False, True, False, False)), ((1, 3), (True, True, False, False)), ((9, 3), (True, False, False, False)), ((3, 3), (True, True, False, False)), ((14, 10), (False, False, False, False)), ((10, 4), (True, False, False, False)), ((18, 5), (False, False, False, False)), ((5, 7), (True, True, False, False)), ((7, 7), (False, True, False, False))]","[((1, 8), (False, True, False, False)), ((1, 4), (False, True, False, False)), ((3, 3), (True, True, False, False)), ((1, 3), (True, True, False, False)), ((9, 3), (True, False, False, False)), ((7, 7), (False, True, False, False)), ((14, 10), (False, False, False, False)), ((10, 4), (True, False, False, False)), ((18, 5), (False, False, False, False)), ((5, 7), (True, True, False, False)), ((8, 4), (False, True, False, False))]",237 items,37.0,47.0,84.0
238,"((1, 8), (False, True, False, False))","((1, 7), (False, True, False, False))",North,"[((1, 7), (False, True, False, False)), ((2, 8), (False, True, False, False))]","[((1, 8), (False, True, False, False)), ((1, 4), (False, True, False, False)), ((3, 3), (True, True, False, False)), ((1, 3), (True, True, False, False)), ((9, 3), (True, False, False, False)), ((7, 7), (False, True, False, False)), ((14, 10), (False, False, False, False)), ((10, 4), (True, False, False, False)), ((18, 5), (False, False, False, False)), ((5, 7), (True, True, False, False)), ((8, 4), (False, True, False, False))]","[((1, 4), (False, True, False, False)), ((1, 3), (True, True, False, False)), ((3, 3), (True, True, False, False)), ((18, 5), (False, False, False, False)), ((9, 3), (True, False, False, False)), ((7, 7), (False, True, False, False)), ((14, 10), (False, False, False, False)), ((10, 4), (True, False, False, False)), ((8, 4), (False, True, False, False)), ((5, 7), (True, True, False, False)), ((2, 8), (False, True, False, False))]",238 items,39.0,45.0,84.0
239,"((1, 4), (False, True, False, False))","((1, 3), (False, True, False, False))",North,"[((1, 3), (False, True, False, False))]","[((1, 4), (False, True, False, False)), ((1, 3), (True, True, False, False)), ((3, 3), (True, True, False, False)), ((18, 5), (False, False, False, False)), ((9, 3), (True, False, False, False)), ((7, 7), (False, True, False, False)), ((14, 10), (False, False, False, False)), ((10, 4), (True, False, False, False)), ((8, 4), (False, True, False, False)), ((5, 7), (True, True, False, False)), ((2, 8), (False, True, False, False))]","[((1, 3), (True, True, False, False)), ((18, 5), (False, False, False, False)), ((3, 3), (True, True, False, False)), ((10, 4), (True, False, False, False)), ((9, 3), (True, False, False, False)), ((7, 7), (False, True, False, False)), ((14, 10), (False, False, False, False)), ((2, 8), (False, True, False, False)), ((8, 4), (False, True, False, False)), ((5, 7), (True, True, False, False))]",239 items,43.0,41.0,84.0
240,"((1, 3), (True, True, False, False))","((1, 2), (True, True, False, False))",North,"[((1, 4), (True, True, False, False)), ((1, 2), (True, True, False, False))]","[((1, 3), (True, True, False, False)), ((18, 5), (False, False, False, False)), ((3, 3), (True, True, False, False)), ((10, 4), (True, False, False, False)), ((9, 3), (True, False, False, False)), ((7, 7), (False, True, False, False)), ((14, 10), (False, False, False, False)), ((2, 8), (False, True, False, False)), ((8, 4), (False, True, False, False)), ((5, 7), (True, True, False, False))]","[((3, 3), (True, True, False, False)), ((18, 5), (False, False, False, False)), ((5, 7), (True, True, False, False)), ((10, 4), (True, False, False, False)), ((9, 3), (True, False, False, False)), ((7, 7), (False, True, False, False)), ((14, 10), (False, False, False, False)), ((2, 8), (False, True, False, False)), ((8, 4), (False, True, False, False)), ((1, 4), (True, True, False, False))]",240 items,44.0,40.0,84.0
241,"((3, 3), (True, True, False, False))","((3, 2), (True, True, False, False))",North,"[((3, 4), (True, True, False, False)), ((3, 2), (True, True, False, False))]","[((3, 3), (True, True, False, False)), ((18, 5), (False, False, False, False)), ((5, 7), (True, True, False, False)), ((10, 4), (True, False, False, False)), ((9, 3), (True, False, False, False)), ((7, 7), (False, True, False, False)), ((14, 10), (False, False, False, False)), ((2, 8), (False, True, False, False)), ((8, 4), (False, True, False, False)), ((1, 4), (True, True, False, False))]","[((18, 5), (False, False, False, False)), ((9, 3), (True, False, False, False)), ((5, 7), (True, True, False, False)), ((10, 4), (True, False, False, False)), ((1, 4), (True, True, False, False)), ((7, 7), (False, True, False, False)), ((14, 10), (False, False, False, False)), ((2, 8), (False, True, False, False)), ((8, 4), (False, True, False, False)), ((3, 4), (True, True, False, False))]",241 items,46.0,38.0,84.0
242,"((18, 5), (False, False, False, False))","((18, 4), (False, False, False, False))",North,"[((18, 6), (False, False, False, False)), ((18, 4), (False, False, False, False))]","[((18, 5), (False, False, False, False)), ((9, 3), (True, False, False, False)), ((5, 7), (True, True, False, False)), ((10, 4), (True, False, False, False)), ((1, 4), (True, True, False, False)), ((7, 7), (False, True, False, False)), ((14, 10), (False, False, False, False)), ((2, 8), (False, True, False, False)), ((8, 4), (False, True, False, False)), ((3, 4), (True, True, False, False))]","[((9, 3), (True, False, False, False)), ((10, 4), (True, False, False, False)), ((5, 7), (True, True, False, False)), ((8, 4), (False, True, False, False)), ((1, 4), (True, True, False, False)), ((7, 7), (False, True, False, False)), ((14, 10), (False, False, False, False)), ((2, 8), (False, True, False, False)), ((3, 4), (True, True, False, False)), ((18, 6), (False, False, False, False))]",242 items,21.0,63.0,84.0
243,"((9, 3), (True, False, False, False))","((9, 4), (True, False, False, False))",South,"[((9, 4), (True, False, False, False)), ((9, 2), (True, False, False, False))]","[((9, 3), (True, False, False, False)), ((10, 4), (True, False, False, False)), ((5, 7), (True, True, False, False)), ((8, 4), (False, True, False, False)), ((1, 4), (True, True, False, False)), ((7, 7), (False, True, False, False)), ((14, 10), (False, False, False, False)), ((2, 8), (False, True, False, False)), ((3, 4), (True, True, False, False)), ((18, 6), (False, False, False, False))]","[((10, 4), (True, False, False, False)), ((8, 4), (False, True, False, False)), ((5, 7), (True, True, False, False)), ((2, 8), (False, True, False, False)), ((1, 4), (True, True, False, False)), ((7, 7), (False, True, False, False)), ((14, 10), (False, False, False, False)), ((18, 6), (False, False, False, False)), ((3, 4), (True, True, False, False)), ((9, 2), (True, False, False, False))]",243 items,30.0,55.0,85.0
244,"((10, 4), (True, False, False, False))","((9, 4), (True, False, False, False))",East,"[((11, 4), (True, False, False, False)), ((9, 4), (True, False, False, False))]","[((10, 4), (True, False, False, False)), ((8, 4), (False, True, False, False)), ((5, 7), (True, True, False, False)), ((2, 8), (False, True, False, False)), ((1, 4), (True, True, False, False)), ((7, 7), (False, True, False, False)), ((14, 10), (False, False, False, False)), ((18, 6), (False, False, False, False)), ((3, 4), (True, True, False, False)), ((9, 2), (True, False, False, False))]","[((5, 7), (True, True, False, False)), ((8, 4), (False, True, False, False)), ((14, 10), (False, False, False, False)), ((2, 8), (False, True, False, False)), ((1, 4), (True, True, False, False)), ((7, 7), (False, True, False, False)), ((9, 2), (True, False, False, False)), ((18, 6), (False, False, False, False)), ((3, 4), (True, True, False, False)), ((11, 4), (True, False, False, False))]",244 items,30.0,55.0,85.0
245,"((5, 7), (True, True, False, False))","((5, 8), (True, True, False, False))",South,"[((5, 8), (True, True, False, False)), ((5, 6), (True, True, False, False))]","[((5, 7), (True, True, False, False)), ((8, 4), (False, True, False, False)), ((14, 10), (False, False, False, False)), ((2, 8), (False, True, False, False)), ((1, 4), (True, True, False, False)), ((7, 7), (False, True, False, False)), ((9, 2), (True, False, False, False)), ((18, 6), (False, False, False, False)), ((3, 4), (True, True, False, False)), ((11, 4), (True, False, False, False))]","[((14, 10), (False, False, False, False)), ((8, 4), (False, True, False, False)), ((7, 7), (False, True, False, False)), ((2, 8), (False, True, False, False)), ((1, 4), (True, True, False, False)), ((11, 4), (True, False, False, False)), ((9, 2), (True, False, False, False)), ((18, 6), (False, False, False, False)), ((3, 4), (True, True, False, False)), ((5, 6), (True, True, False, False))]",245 items,46.0,39.0,85.0
246,"((14, 10), (False, False, False, False))","((13, 10), (False, False, False, False))",East,"[((15, 10), (False, False, False, False)), ((13, 10), (False, False, False, False))]","[((14, 10), (False, False, False, False)), ((8, 4), (False, True, False, False)), ((7, 7), (False, True, False, False)), ((2, 8), (False, True, False, False)), ((1, 4), (True, True, False, False)), ((11, 4), (True, False, False, False)), ((9, 2), (True, False, False, False)), ((18, 6), (False, False, False, False)), ((3, 4), (True, True, False, False)), ((5, 6), (True, True, False, False))]","[((7, 7), (False, True, False, False)), ((8, 4), (False, True, False, False)), ((5, 6), (True, True, False, False)), ((2, 8), (False, True, False, False)), ((1, 4), (True, True, False, False)), ((11, 4), (True, False, False, False)), ((9, 2), (True, False, False, False)), ((18, 6), (False, False, False, False)), ((3, 4), (True, True, False, False)), ((15, 10), (False, False, False, False))]",246 items,22.0,64.0,86.0
247,"((7, 7), (False, True, False, False))","((7, 6), (False, True, False, False))",North,"[((7, 8), (False, True, False, False)), ((7, 6), (False, True, False, False))]","[((7, 7), (False, True, False, False)), ((8, 4), (False, True, False, False)), ((5, 6), (True, True, False, False)), ((2, 8), (False, True, False, False)), ((1, 4), (True, True, False, False)), ((11, 4), (True, False, False, False)), ((9, 2), (True, False, False, False)), ((18, 6), (False, False, False, False)), ((3, 4), (True, True, False, False)), ((15, 10), (False, False, False, False))]","[((8, 4), (False, True, False, False)), ((2, 8), (False, True, False, False)), ((5, 6), (True, True, False, False)), ((3, 4), (True, True, False, False)), ((1, 4), (True, True, False, False)), ((11, 4), (True, False, False, False)), ((9, 2), (True, False, False, False)), ((18, 6), (False, False, False, False)), ((15, 10), (False, False, False, False)), ((7, 8), (False, True, False, False))]",247 items,36.0,50.0,86.0
248,"((8, 4), (False, True, False, False))","((7, 4), (False, True, False, False))",East,"[((9, 4), (False, True, False, False)), ((7, 4), (False, True, False, False))]","[((8, 4), (False, True, False, False)), ((2, 8), (False, True, False, False)), ((5, 6), (True, True, False, False)), ((3, 4), (True, True, False, False)), ((1, 4), (True, True, False, False)), ((11, 4), (True, False, False, False)), ((9, 2), (True, False, False, False)), ((18, 6), (False, False, False, False)), ((15, 10), (False, False, False, False)), ((7, 8), (False, True, False, False))]","[((2, 8), (False, True, False, False)), ((1, 4), (True, True, False, False)), ((5, 6), (True, True, False, False)), ((3, 4), (True, True, False, False)), ((7, 8), (False, True, False, False)), ((11, 4), (True, False, False, False)), ((9, 2), (True, False, False, False)), ((18, 6), (False, False, False, False)), ((15, 10), (False, False, False, False)), ((9, 4), (False, True, False, False))]",248 items,38.0,48.0,86.0
249,"((2, 8), (False, True, False, False))","((1, 8), (False, True, False, False))",East,"[((3, 8), (False, True, False, False)), ((1, 8), (False, True, False, False))]","[((2, 8), (False, True, False, False)), ((1, 4), (True, True, False, False)), ((5, 6), (True, True, False, False)), ((3, 4), (True, True, False, False)), ((7, 8), (False, True, False, False)), ((11, 4), (True, False, False, False)), ((9, 2), (True, False, False, False)), ((18, 6), (False, False, False, False)), ((15, 10), (False, False, False, False)), ((9, 4), (False, True, False, False))]","[((1, 4), (True, True, False, False)), ((3, 4), (True, True, False, False)), ((5, 6), (True, True, False, False)), ((18, 6), (False, False, False, False)), ((7, 8), (False, True, False, False)), ((11, 4), (True, False, False, False)), ((9, 2), (True, False, False, False)), ((9, 4), (False, True, False, False)), ((15, 10), (False, False, False, False)), ((3, 8), (False, True, False, False))]",249 items,40.0,46.0,86.0
250,"((1, 4), (True, True, False, False))","((1, 3), (True, True, False, False))",North,"[((1, 3), (True, True, False, False))]","[((1, 4), (True, True, False, False)), ((3, 4), (True, True, False, False)), ((5, 6), (True, True, False, False)), ((18, 6), (False, False, False, False)), ((7, 8), (False, True, False, False)), ((11, 4), (True, False, False, False)), ((9, 2), (True, False, False, False)), ((9, 4), (False, True, False, False)), ((15, 10), (False, False, False, False)), ((3, 8), (False, True, False, False))]","[((3, 4), (True, True, False, False)), ((18, 6), (False, False, False, False)), ((5, 6), (True, True, False, False)), ((15, 10), (False, False, False, False)), ((7, 8), (False, True, False, False)), ((11, 4), (True, False, False, False)), ((9, 2), (True, False, False, False)), ((9, 4), (False, True, False, False)), ((3, 8), (False, True, False, False))]",250 items,45.0,41.0,86.0
251,"((3, 4), (True, True, False, False))","((3, 3), (True, True, False, False))",North,"[((3, 5), (True, True, False, False)), ((3, 3), (True, True, False, False)), ((4, 4), (True, True, False, False))]","[((3, 4), (True, True, False, False)), ((18, 6), (False, False, False, False)), ((5, 6), (True, True, False, False)), ((15, 10), (False, False, False, False)), ((7, 8), (False, True, False, False)), ((11, 4), (True, False, False, False)), ((9, 2), (True, False, False, False)), ((9, 4), (False, True, False, False)), ((3, 8), (False, True, False, False))]","[((18, 6), (False, False, False, False)), ((4, 4), (True, True, False, False)), ((5, 6), (True, True, False, False)), ((9, 4), (False, True, False, False)), ((15, 10), (False, False, False, False)), ((11, 4), (True, False, False, False)), ((9, 2), (True, False, False, False)), ((3, 8), (False, True, False, False)), ((3, 5), (True, True, False, False)), ((7, 8), (False, True, False, False))]",251 items,47.0,39.0,86.0
252,"((18, 6), (False, False, False, False))","((18, 5), (False, False, False, False))",North,"[((18, 5), (False, False, False, False)), ((19, 6), (False, False, False, False)), ((17, 6), (False, False, False, False))]","[((18, 6), (False, False, False, False)), ((4, 4), (True, True, False, False)), ((5, 6), (True, True, False, False)), ((9, 4), (False, True, False, False)), ((15, 10), (False, False, False, False)), ((11, 4), (True, False, False, False)), ((9, 2), (True, False, False, False)), ((3, 8), (False, True, False, False)), ((3, 5), (True, True, False, False)), ((7, 8), (False, True, False, False))]","[((5, 6), (True, True, False, False)), ((4, 4), (True, True, False, False)), ((9, 2), (True, False, False, False)), ((9, 4), (False, True, False, False)), ((19, 6), (False, False, False, False)), ((11, 4), (True, False, False, False)), ((7, 8), (False, True, False, False)), ((3, 8), (False, True, False, False)), ((3, 5), (True, True, False, False)), ((15, 10), (False, False, False, False)), ((17, 6), (False, False, False, False))]",252 items,22.0,64.0,86.0
253,"((5, 6), (True, True, False, False))","((5, 7), (True, True, False, False))",South,"[((5, 7), (True, True, False, False)), ((5, 5), (True, True, False, False)), ((6, 6), (True, True, False, False)), ((4, 6), (True, True, False, False))]","[((5, 6), (True, True, False, False)), ((4, 4), (True, True, False, False)), ((9, 2), (True, False, False, False)), ((9, 4), (False, True, False, False)), ((19, 6), (False, False, False, False)), ((11, 4), (True, False, False, False)), ((7, 8), (False, True, False, False)), ((3, 8), (False, True, False, False)), ((3, 5), (True, True, False, False)), ((15, 10), (False, False, False, False)), ((17, 6), (False, False, False, False))]","[((4, 4), (True, True, False, False)), ((19, 6), (False, False, False, False)), ((6, 6), (True, True, False, False)), ((9, 4), (False, True, False, False)), ((5, 5), (True, True, False, False)), ((9, 2), (True, False, False, False)), ((7, 8), (False, True, False, False)), ((3, 8), (False, True, False, False)), ((3, 5), (True, True, False, False)), ((17, 6), (False, False, False, False)), ((15, 10), (False, False, False, False)), ((11, 4), (True, False, False, False)), ((4, 6), (True, True, False, False))]",253 items,47.0,39.0,86.0
254,"((4, 4), (True, True, False, False))","((3, 4), (True, True, False, False))",East,"[((5, 4), (True, True, False, False)), ((3, 4), (True, True, False, False))]","[((4, 4), (True, True, False, False)), ((19, 6), (False, False, False, False)), ((6, 6), (True, True, False, False)), ((9, 4), (False, True, False, False)), ((5, 5), (True, True, False, False)), ((9, 2), (True, False, False, False)), ((7, 8), (False, True, False, False)), ((3, 8), (False, True, False, False)), ((3, 5), (True, True, False, False)), ((17, 6), (False, False, False, False)), ((15, 10), (False, False, False, False)), ((11, 4), (True, False, False, False)), ((4, 6), (True, True, False, False))]","[((19, 6), (False, False, False, False)), ((5, 5), (True, True, False, False)), ((6, 6), (True, True, False, False)), ((9, 4), (False, True, False, False)), ((15, 10), (False, False, False, False)), ((5, 4), (True, True, False, False)), ((7, 8), (False, True, False, False)), ((3, 8), (False, True, False, False)), ((3, 5), (True, True, False, False)), ((17, 6), (False, False, False, False)), ((4, 6), (True, True, False, False)), ((11, 4), (True, False, False, False)), ((9, 2), (True, False, False, False))]",254 items,48.0,38.0,86.0
255,"((19, 6), (False, False, False, False))","((18, 6), (False, False, False, False))",East,"[((20, 6), (False, False, False, False)), ((18, 6), (False, False, False, False))]","[((19, 6), (False, False, False, False)), ((5, 5), (True, True, False, False)), ((6, 6), (True, True, False, False)), ((9, 4), (False, True, False, False)), ((15, 10), (False, False, False, False)), ((5, 4), (True, True, False, False)), ((7, 8), (False, True, False, False)), ((3, 8), (False, True, False, False)), ((3, 5), (True, True, False, False)), ((17, 6), (False, False, False, False)), ((4, 6), (True, True, False, False)), ((11, 4), (True, False, False, False)), ((9, 2), (True, False, False, False))]","[((5, 5), (True, True, False, False)), ((9, 2), (True, False, False, False)), ((6, 6), (True, True, False, False)), ((9, 4), (False, True, False, False)), ((15, 10), (False, False, False, False)), ((5, 4), (True, True, False, False)), ((7, 8), (False, True, False, False)), ((3, 8), (False, True, False, False)), ((3, 5), (True, True, False, False)), ((17, 6), (False, False, False, False)), ((4, 6), (True, True, False, False)), ((11, 4), (True, False, False, False)), ((20, 6), (False, False, False, False))]",255 items,23.0,63.0,86.0
256,"((5, 5), (True, True, False, False))","((5, 6), (True, True, False, False))",South,"[((5, 6), (True, True, False, False)), ((5, 4), (True, True, False, False))]","[((5, 5), (True, True, False, False)), ((9, 2), (True, False, False, False)), ((6, 6), (True, True, False, False)), ((9, 4), (False, True, False, False)), ((15, 10), (False, False, False, False)), ((5, 4), (True, True, False, False)), ((7, 8), (False, True, False, False)), ((3, 8), (False, True, False, False)), ((3, 5), (True, True, False, False)), ((17, 6), (False, False, False, False)), ((4, 6), (True, True, False, False)), ((11, 4), (True, False, False, False)), ((20, 6), (False, False, False, False))]","[((6, 6), (True, True, False, False)), ((9, 2), (True, False, False, False)), ((5, 4), (True, True, False, False)), ((9, 4), (False, True, False, False)), ((15, 10), (False, False, False, False)), ((20, 6), (False, False, False, False)), ((7, 8), (False, True, False, False)), ((3, 8), (False, True, False, False)), ((3, 5), (True, True, False, False)), ((17, 6), (False, False, False, False)), ((4, 6), (True, True, False, False)), ((11, 4), (True, False, False, False))]",256 items,48.0,38.0,86.0
257,"((6, 6), (True, True, False, False))","((5, 6), (True, True, False, False))",East,"[((7, 6), (True, True, False, False)), ((5, 6), (True, True, False, False))]","[((6, 6), (True, True, False, False)), ((9, 2), (True, False, False, False)), ((5, 4), (True, True, False, False)), ((9, 4), (False, True, False, False)), ((15, 10), (False, False, False, False)), ((20, 6), (False, False, False, False)), ((7, 8), (False, True, False, False)), ((3, 8), (False, True, False, False)), ((3, 5), (True, True, False, False)), ((17, 6), (False, False, False, False)), ((4, 6), (True, True, False, False)), ((11, 4), (True, False, False, False))]","[((5, 4), (True, True, False, False)), ((9, 2), (True, False, False, False)), ((20, 6), (False, False, False, False)), ((9, 4), (False, True, False, False)), ((15, 10), (False, False, False, False)), ((7, 6), (True, True, False, False)), ((7, 8), (False, True, False, False)), ((3, 8), (False, True, False, False)), ((3, 5), (True, True, False, False)), ((17, 6), (False, False, False, False)), ((4, 6), (True, True, False, False)), ((11, 4), (True, False, False, False))]",257 items,48.0,38.0,86.0
258,"((5, 4), (True, True, False, False))","((4, 4), (True, True, False, False))",East,"[((5, 5), (True, True, False, False)), ((6, 4), (True, True, False, False)), ((4, 4), (True, True, False, False))]","[((5, 4), (True, True, False, False)), ((9, 2), (True, False, False, False)), ((20, 6), (False, False, False, False)), ((9, 4), (False, True, False, False)), ((15, 10), (False, False, False, False)), ((7, 6), (True, True, False, False)), ((7, 8), (False, True, False, False)), ((3, 8), (False, True, False, False)), ((3, 5), (True, True, False, False)), ((17, 6), (False, False, False, False)), ((4, 6), (True, True, False, False)), ((11, 4), (True, False, False, False))]","[((20, 6), (False, False, False, False)), ((9, 2), (True, False, False, False)), ((7, 6), (True, True, False, False)), ((9, 4), (False, True, False, False)), ((15, 10), (False, False, False, False)), ((6, 4), (True, True, False, False)), ((7, 8), (False, True, False, False)), ((3, 8), (False, True, False, False)), ((3, 5), (True, True, False, False)), ((17, 6), (False, False, False, False)), ((4, 6), (True, True, False, False)), ((11, 4), (True, False, False, False))]",258 items,49.0,37.0,86.0
259,"((20, 6), (False, False, False, False))","((19, 6), (False, False, False, False))",East,"[((20, 7), (False, False, False, False)), ((19, 6), (False, False, False, False))]","[((20, 6), (False, False, False, False)), ((9, 2), (True, False, False, False)), ((7, 6), (True, True, False, False)), ((9, 4), (False, True, False, False)), ((15, 10), (False, False, False, False)), ((6, 4), (True, True, False, False)), ((7, 8), (False, True, False, False)), ((3, 8), (False, True, False, False)), ((3, 5), (True, True, False, False)), ((17, 6), (False, False, False, False)), ((4, 6), (True, True, False, False)), ((11, 4), (True, False, False, False))]","[((7, 6), (True, True, False, False)), ((9, 2), (True, False, False, False)), ((6, 4), (True, True, False, False)), ((9, 4), (False, True, False, False)), ((15, 10), (False, False, False, False)), ((11, 4), (True, False, False, False)), ((7, 8), (False, True, False, False)), ((3, 8), (False, True, False, False)), ((3, 5), (True, True, False, False)), ((17, 6), (False, False, False, False)), ((4, 6), (True, True, False, False)), ((20, 7), (False, False, False, False))]",259 items,24.0,62.0,86.0
260,"((7, 6), (True, True, False, False))","((6, 6), (True, True, False, False))",East,"[((7, 7), (True, True, False, False)), ((6, 6), (True, True, False, False))]","[((7, 6), (True, True, False, False)), ((9, 2), (True, False, False, False)), ((6, 4), (True, True, False, False)), ((9, 4), (False, True, False, False)), ((15, 10), (False, False, False, False)), ((11, 4), (True, False, False, False)), ((7, 8), (False, True, False, False)), ((3, 8), (False, True, False, False)), ((3, 5), (True, True, False, False)), ((17, 6), (False, False, False, False)), ((4, 6), (True, True, False, False)), ((20, 7), (False, False, False, False))]","[((6, 4), (True, True, False, False)), ((9, 2), (True, False, False, False)), ((11, 4), (True, False, False, False)), ((9, 4), (False, True, False, False)), ((15, 10), (False, False, False, False)), ((20, 7), (False, False, False, False)), ((7, 8), (False, True, False, False)), ((3, 8), (False, True, False, False)), ((3, 5), (True, True, False, False)), ((17, 6), (False, False, False, False)), ((4, 6), (True, True, False, False)), ((7, 7), (True, True, False, False))]",260 items,49.0,37.0,86.0
261,"((6, 4), (True, True, False, False))","((5, 4), (True, True, False, False))",East,"[((7, 4), (True, True, False, False)), ((5, 4), (True, True, False, False))]","[((6, 4), (True, True, False, False)), ((9, 2), (True, False, False, False)), ((11, 4), (True, False, False, False)), ((9, 4), (False, True, False, False)), ((15, 10), (False, False, False, False)), ((20, 7), (False, False, False, False)), ((7, 8), (False, True, False, False)), ((3, 8), (False, True, False, False)), ((3, 5), (True, True, False, False)), ((17, 6), (False, False, False, False)), ((4, 6), (True, True, False, False)), ((7, 7), (True, True, False, False))]","[((7, 4), (True, True, False, False)), ((15, 10), (False, False, False, False)), ((9, 2), (True, False, False, False)), ((9, 4), (False, True, False, False)), ((7, 7), (True, True, False, False)), ((11, 4), (True, False, False, False)), ((7, 8), (False, True, False, False)), ((3, 8), (False, True, False, False)), ((3, 5), (True, True, False, False)), ((17, 6), (False, False, False, False)), ((4, 6), (True, True, False, False)), ((20, 7), (False, False, False, False))]",261 items,50.0,36.0,86.0
262,"((7, 4), (True, True, False, False))","((6, 4), (True, True, False, False))",East,"[((8, 4), (True, True, False, False)), ((6, 4), (True, True, False, False))]","[((7, 4), (True, True, False, False)), ((15, 10), (False, False, False, False)), ((9, 2), (True, False, False, False)), ((9, 4), (False, True, False, False)), ((7, 7), (True, True, False, False)), ((11, 4), (True, False, False, False)), ((7, 8), (False, True, False, False)), ((3, 8), (False, True, False, False)), ((3, 5), (True, True, False, False)), ((17, 6), (False, False, False, False)), ((4, 6), (True, True, False, False)), ((20, 7), (False, False, False, False))]","[((8, 4), (True, True, False, False)), ((15, 10), (False, False, False, False)), ((9, 2), (True, False, False, False)), ((9, 4), (False, True, False, False)), ((7, 7), (True, True, False, False)), ((11, 4), (True, False, False, False)), ((7, 8), (False, True, False, False)), ((3, 8), (False, True, False, False)), ((3, 5), (True, True, False, False)), ((17, 6), (False, False, False, False)), ((4, 6), (True, True, False, False)), ((20, 7), (False, False, False, False))]",262 items,51.0,35.0,86.0
263,"((8, 4), (True, True, False, False))","((7, 4), (True, True, False, False))",East,"[((9, 4), (True, True, False, False)), ((7, 4), (True, True, False, False))]","[((8, 4), (True, True, False, False)), ((15, 10), (False, False, False, False)), ((9, 2), (True, False, False, False)), ((9, 4), (False, True, False, False)), ((7, 7), (True, True, False, False)), ((11, 4), (True, False, False, False)), ((7, 8), (False, True, False, False)), ((3, 8), (False, True, False, False)), ((3, 5), (True, True, False, False)), ((17, 6), (False, False, False, False)), ((4, 6), (True, True, False, False)), ((20, 7), (False, False, False, False))]","[((9, 4), (True, True, False, False)), ((15, 10), (False, False, False, False)), ((9, 2), (True, False, False, False)), ((9, 4), (False, True, False, False)), ((7, 7), (True, True, False, False)), ((11, 4), (True, False, False, False)), ((7, 8), (False, True, False, False)), ((3, 8), (False, True, False, False)), ((3, 5), (True, True, False, False)), ((17, 6), (False, False, False, False)), ((4, 6), (True, True, False, False)), ((20, 7), (False, False, False, False))]",263 items,52.0,34.0,86.0
264,"((9, 4), (True, True, False, False))","((8, 4), (True, True, False, False))",East,"[((9, 3), (True, True, False, False)), ((10, 4), (True, True, False, False)), ((8, 4), (True, True, False, False))]","[((9, 4), (True, True, False, False)), ((15, 10), (False, False, False, False)), ((9, 2), (True, False, False, False)), ((9, 4), (False, True, False, False)), ((7, 7), (True, True, False, False)), ((11, 4), (True, False, False, False)), ((7, 8), (False, True, False, False)), ((3, 8), (False, True, False, False)), ((3, 5), (True, True, False, False)), ((17, 6), (False, False, False, False)), ((4, 6), (True, True, False, False)), ((20, 7), (False, False, False, False))]","[((9, 3), (True, True, False, False)), ((15, 10), (False, False, False, False)), ((10, 4), (True, True, False, False)), ((9, 4), (False, True, False, False)), ((7, 7), (True, True, False, False)), ((9, 2), (True, False, False, False)), ((7, 8), (False, True, False, False)), ((3, 8), (False, True, False, False)), ((3, 5), (True, True, False, False)), ((17, 6), (False, False, False, False)), ((4, 6), (True, True, False, False)), ((20, 7), (False, False, False, False)), ((11, 4), (True, False, False, False))]",264 items,53.0,33.0,86.0
265,"((9, 3), (True, True, False, False))","((9, 4), (True, True, False, False))",South,"[((9, 4), (True, True, False, False)), ((9, 2), (True, True, False, False))]","[((9, 3), (True, True, False, False)), ((15, 10), (False, False, False, False)), ((10, 4), (True, True, False, False)), ((9, 4), (False, True, False, False)), ((7, 7), (True, True, False, False)), ((9, 2), (True, False, False, False)), ((7, 8), (False, True, False, False)), ((3, 8), (False, True, False, False)), ((3, 5), (True, True, False, False)), ((17, 6), (False, False, False, False)), ((4, 6), (True, True, False, False)), ((20, 7), (False, False, False, False)), ((11, 4), (True, False, False, False))]","[((10, 4), (True, True, False, False)), ((15, 10), (False, False, False, False)), ((9, 2), (True, True, False, False)), ((9, 4), (False, True, False, False)), ((7, 7), (True, True, False, False)), ((9, 2), (True, False, False, False)), ((7, 8), (False, True, False, False)), ((3, 8), (False, True, False, False)), ((3, 5), (True, True, False, False)), ((17, 6), (False, False, False, False)), ((4, 6), (True, True, False, False)), ((20, 7), (False, False, False, False)), ((11, 4), (True, False, False, False))]",265 items,54.0,32.0,86.0
266,"((10, 4), (True, True, False, False))","((9, 4), (True, True, False, False))",East,"[((11, 4), (True, True, False, False)), ((9, 4), (True, True, False, False))]","[((10, 4), (True, True, False, False)), ((15, 10), (False, False, False, False)), ((9, 2), (True, True, False, False)), ((9, 4), (False, True, False, False)), ((7, 7), (True, True, False, False)), ((9, 2), (True, False, False, False)), ((7, 8), (False, True, False, False)), ((3, 8), (False, True, False, False)), ((3, 5), (True, True, False, False)), ((17, 6), (False, False, False, False)), ((4, 6), (True, True, False, False)), ((20, 7), (False, False, False, False)), ((11, 4), (True, False, False, False))]","[((9, 2), (True, True, False, False)), ((15, 10), (False, False, False, False)), ((11, 4), (True, True, False, False)), ((9, 4), (False, True, False, False)), ((7, 7), (True, True, False, False)), ((9, 2), (True, False, False, False)), ((7, 8), (False, True, False, False)), ((3, 8), (False, True, False, False)), ((3, 5), (True, True, False, False)), ((17, 6), (False, False, False, False)), ((4, 6), (True, True, False, False)), ((20, 7), (False, False, False, False)), ((11, 4), (True, False, False, False))]",266 items,54.0,32.0,86.0
267,"((9, 2), (True, True, False, False))","((9, 3), (True, True, False, False))",South,"[((9, 3), (True, True, False, False)), ((8, 2), (True, True, False, False))]","[((9, 2), (True, True, False, False)), ((15, 10), (False, False, False, False)), ((11, 4), (True, True, False, False)), ((9, 4), (False, True, False, False)), ((7, 7), (True, True, False, False)), ((9, 2), (True, False, False, False)), ((7, 8), (False, True, False, False)), ((3, 8), (False, True, False, False)), ((3, 5), (True, True, False, False)), ((17, 6), (False, False, False, False)), ((4, 6), (True, True, False, False)), ((20, 7), (False, False, False, False)), ((11, 4), (True, False, False, False))]","[((11, 4), (True, True, False, False)), ((15, 10), (False, False, False, False)), ((9, 2), (True, False, False, False)), ((9, 4), (False, True, False, False)), ((7, 7), (True, True, False, False)), ((11, 4), (True, False, False, False)), ((7, 8), (False, True, False, False)), ((3, 8), (False, True, False, False)), ((3, 5), (True, True, False, False)), ((17, 6), (False, False, False, False)), ((4, 6), (True, True, False, False)), ((20, 7), (False, False, False, False)), ((8, 2), (True, True, False, False))]",267 items,55.0,31.0,86.0
268,"((11, 4), (True, True, False, False))","((10, 4), (True, True, False, False))",East,"[((11, 3), (True, True, False, False)), ((12, 4), (True, True, False, False)), ((10, 4), (True, True, False, False))]","[((11, 4), (True, True, False, False)), ((15, 10), (False, False, False, False)), ((9, 2), (True, False, False, False)), ((9, 4), (False, True, False, False)), ((7, 7), (True, True, False, False)), ((11, 4), (True, False, False, False)), ((7, 8), (False, True, False, False)), ((3, 8), (False, True, False, False)), ((3, 5), (True, True, False, False)), ((17, 6), (False, False, False, False)), ((4, 6), (True, True, False, False)), ((20, 7), (False, False, False, False)), ((8, 2), (True, True, False, False))]","[((11, 3), (True, True, False, False)), ((15, 10), (False, False, False, False)), ((12, 4), (True, True, False, False)), ((9, 4), (False, True, False, False)), ((7, 7), (True, True, False, False)), ((11, 4), (True, False, False, False)), ((9, 2), (True, False, False, False)), ((3, 8), (False, True, False, False)), ((3, 5), (True, True, False, False)), ((17, 6), (False, False, False, False)), ((4, 6), (True, True, False, False)), ((8, 2), (True, True, False, False)), ((20, 7), (False, False, False, False)), ((7, 8), (False, True, False, False))]",268 items,55.0,31.0,86.0
269,"((11, 3), (True, True, False, False))","((11, 4), (True, True, False, False))",South,"[((11, 4), (True, True, False, False)), ((11, 2), (True, True, False, False))]","[((11, 3), (True, True, False, False)), ((15, 10), (False, False, False, False)), ((12, 4), (True, True, False, False)), ((9, 4), (False, True, False, False)), ((7, 7), (True, True, False, False)), ((11, 4), (True, False, False, False)), ((9, 2), (True, False, False, False)), ((3, 8), (False, True, False, False)), ((3, 5), (True, True, False, False)), ((17, 6), (False, False, False, False)), ((4, 6), (True, True, False, False)), ((8, 2), (True, True, False, False)), ((20, 7), (False, False, False, False)), ((7, 8), (False, True, False, False))]","[((12, 4), (True, True, False, False)), ((15, 10), (False, False, False, False)), ((11, 2), (True, True, False, False)), ((9, 4), (False, True, False, False)), ((7, 7), (True, True, False, False)), ((11, 4), (True, False, False, False)), ((9, 2), (True, False, False, False)), ((3, 8), (False, True, False, False)), ((3, 5), (True, True, False, False)), ((17, 6), (False, False, False, False)), ((4, 6), (True, True, False, False)), ((8, 2), (True, True, False, False)), ((20, 7), (False, False, False, False)), ((7, 8), (False, True, False, False))]",269 items,56.0,30.0,86.0
270,"((12, 4), (True, True, False, False))","((11, 4), (True, True, False, False))",East,"[((13, 4), (True, True, False, False)), ((11, 4), (True, True, False, False))]","[((12, 4), (True, True, False, False)), ((15, 10), (False, False, False, False)), ((11, 2), (True, True, False, False)), ((9, 4), (False, True, False, False)), ((7, 7), (True, True, False, False)), ((11, 4), (True, False, False, False)), ((9, 2), (True, False, False, False)), ((3, 8), (False, True, False, False)), ((3, 5), (True, True, False, False)), ((17, 6), (False, False, False, False)), ((4, 6), (True, True, False, False)), ((8, 2), (True, True, False, False)), ((20, 7), (False, False, False, False)), ((7, 8), (False, True, False, False))]","[((11, 2), (True, True, False, False)), ((15, 10), (False, False, False, False)), ((13, 4), (True, True, False, False)), ((9, 4), (False, True, False, False)), ((7, 7), (True, True, False, False)), ((11, 4), (True, False, False, False)), ((9, 2), (True, False, False, False)), ((3, 8), (False, True, False, False)), ((3, 5), (True, True, False, False)), ((17, 6), (False, False, False, False)), ((4, 6), (True, True, False, False)), ((8, 2), (True, True, False, False)), ((20, 7), (False, False, False, False)), ((7, 8), (False, True, False, False))]",270 items,56.0,30.0,86.0
271,"((11, 2), (True, True, False, False))","((11, 3), (True, True, False, False))",South,"[((11, 3), (True, True, False, False)), ((11, 1), (True, True, False, False)), ((12, 2), (True, True, False, False))]","[((11, 2), (True, True, False, False)), ((15, 10), (False, False, False, False)), ((13, 4), (True, True, False, False)), ((9, 4), (False, True, False, False)), ((7, 7), (True, True, False, False)), ((11, 4), (True, False, False, False)), ((9, 2), (True, False, False, False)), ((3, 8), (False, True, False, False)), ((3, 5), (True, True, False, False)), ((17, 6), (False, False, False, False)), ((4, 6), (True, True, False, False)), ((8, 2), (True, True, False, False)), ((20, 7), (False, False, False, False)), ((7, 8), (False, True, False, False))]","[((13, 4), (True, True, False, False)), ((15, 10), (False, False, False, False)), ((11, 1), (True, True, False, False)), ((9, 4), (False, True, False, False)), ((7, 7), (True, True, False, False)), ((11, 4), (True, False, False, False)), ((12, 2), (True, True, False, False)), ((3, 8), (False, True, False, False)), ((3, 5), (True, True, False, False)), ((17, 6), (False, False, False, False)), ((4, 6), (True, True, False, False)), ((8, 2), (True, True, False, False)), ((20, 7), (False, False, False, False)), ((7, 8), (False, True, False, False)), ((9, 2), (True, False, False, False))]",271 items,57.0,29.0,86.0
272,"((13, 4), (True, True, False, False))","((12, 4), (True, True, False, False))",East,"[((13, 5), (True, True, False, False)), ((12, 4), (True, True, False, False))]","[((13, 4), (True, True, False, False)), ((15, 10), (False, False, False, False)), ((11, 1), (True, True, False, False)), ((9, 4), (False, True, False, False)), ((7, 7), (True, True, False, False)), ((11, 4), (True, False, False, False)), ((12, 2), (True, True, False, False)), ((3, 8), (False, True, False, False)), ((3, 5), (True, True, False, False)), ((17, 6), (False, False, False, False)), ((4, 6), (True, True, False, False)), ((8, 2), (True, True, False, False)), ((20, 7), (False, False, False, False)), ((7, 8), (False, True, False, False)), ((9, 2), (True, False, False, False))]","[((11, 1), (True, True, False, False)), ((15, 10), (False, False, False, False)), ((12, 2), (True, True, False, False)), ((9, 4), (False, True, False, False)), ((7, 7), (True, True, False, False)), ((11, 4), (True, False, False, False)), ((9, 2), (True, False, False, False)), ((3, 8), (False, True, False, False)), ((3, 5), (True, True, False, False)), ((17, 6), (False, False, False, False)), ((4, 6), (True, True, False, False)), ((8, 2), (True, True, False, False)), ((20, 7), (False, False, False, False)), ((7, 8), (False, True, False, False)), ((13, 5), (True, True, False, False))]",272 items,57.0,29.0,86.0
273,"((11, 1), (True, True, False, False))","((11, 2), (True, True, False, False))",South,"[((11, 2), (True, True, False, False)), ((12, 1), (True, True, False, False))]","[((11, 1), (True, True, False, False)), ((15, 10), (False, False, False, False)), ((12, 2), (True, True, False, False)), ((9, 4), (False, True, False, False)), ((7, 7), (True, True, False, False)), ((11, 4), (True, False, False, False)), ((9, 2), (True, False, False, False)), ((3, 8), (False, True, False, False)), ((3, 5), (True, True, False, False)), ((17, 6), (False, False, False, False)), ((4, 6), (True, True, False, False)), ((8, 2), (True, True, False, False)), ((20, 7), (False, False, False, False)), ((7, 8), (False, True, False, False)), ((13, 5), (True, True, False, False))]","[((12, 2), (True, True, False, False)), ((15, 10), (False, False, False, False)), ((12, 1), (True, True, False, False)), ((9, 4), (False, True, False, False)), ((7, 7), (True, True, False, False)), ((11, 4), (True, False, False, False)), ((9, 2), (True, False, False, False)), ((3, 8), (False, True, False, False)), ((3, 5), (True, True, False, False)), ((17, 6), (False, False, False, False)), ((4, 6), (True, True, False, False)), ((8, 2), (True, True, False, False)), ((20, 7), (False, False, False, False)), ((13, 5), (True, True, False, False)), ((7, 8), (False, True, False, False))]",273 items,58.0,28.0,86.0
274,"((12, 2), (True, True, False, False))","((11, 2), (True, True, False, False))",East,"[((12, 1), (True, True, False, False)), ((13, 2), (True, True, False, False)), ((11, 2), (True, True, False, False))]","[((12, 2), (True, True, False, False)), ((15, 10), (False, False, False, False)), ((12, 1), (True, True, False, False)), ((9, 4), (False, True, False, False)), ((7, 7), (True, True, False, False)), ((11, 4), (True, False, False, False)), ((9, 2), (True, False, False, False)), ((3, 8), (False, True, False, False)), ((3, 5), (True, True, False, False)), ((17, 6), (False, False, False, False)), ((4, 6), (True, True, False, False)), ((8, 2), (True, True, False, False)), ((20, 7), (False, False, False, False)), ((13, 5), (True, True, False, False)), ((7, 8), (False, True, False, False))]","[((12, 1), (True, True, False, False)), ((15, 10), (False, False, False, False)), ((13, 2), (True, True, False, False)), ((9, 4), (False, True, False, False)), ((7, 7), (True, True, False, False)), ((11, 4), (True, False, False, False)), ((9, 2), (True, False, False, False)), ((3, 8), (False, True, False, False)), ((3, 5), (True, True, False, False)), ((17, 6), (False, False, False, False)), ((4, 6), (True, True, False, False)), ((8, 2), (True, True, False, False)), ((20, 7), (False, False, False, False)), ((13, 5), (True, True, False, False)), ((7, 8), (False, True, False, False))]",274 items,58.0,28.0,86.0
275,"((12, 1), (True, True, False, False))","((11, 1), (True, True, False, False))",East,"[((12, 2), (True, True, False, False)), ((13, 1), (True, True, False, False)), ((11, 1), (True, True, False, False))]","[((12, 1), (True, True, False, False)), ((15, 10), (False, False, False, False)), ((13, 2), (True, True, False, False)), ((9, 4), (False, True, False, False)), ((7, 7), (True, True, False, False)), ((11, 4), (True, False, False, False)), ((9, 2), (True, False, False, False)), ((3, 8), (False, True, False, False)), ((3, 5), (True, True, False, False)), ((17, 6), (False, False, False, False)), ((4, 6), (True, True, False, False)), ((8, 2), (True, True, False, False)), ((20, 7), (False, False, False, False)), ((13, 5), (True, True, False, False)), ((7, 8), (False, True, False, False))]","[((13, 2), (True, True, False, False)), ((15, 10), (False, False, False, False)), ((13, 1), (True, True, False, False)), ((9, 4), (False, True, False, False)), ((7, 7), (True, True, False, False)), ((11, 4), (True, False, False, False)), ((9, 2), (True, False, False, False)), ((3, 8), (False, True, False, False)), ((3, 5), (True, True, False, False)), ((17, 6), (False, False, False, False)), ((4, 6), (True, True, False, False)), ((8, 2), (True, True, False, False)), ((20, 7), (False, False, False, False)), ((13, 5), (True, True, False, False)), ((7, 8), (False, True, False, False))]",275 items,59.0,27.0,86.0
276,"((13, 2), (True, True, False, False))","((12, 2), (True, True, False, False))",East,"[((13, 1), (True, True, False, False)), ((14, 2), (True, True, False, False)), ((12, 2), (True, True, False, False))]","[((13, 2), (True, True, False, False)), ((15, 10), (False, False, False, False)), ((13, 1), (True, True, False, False)), ((9, 4), (False, True, False, False)), ((7, 7), (True, True, False, False)), ((11, 4), (True, False, False, False)), ((9, 2), (True, False, False, False)), ((3, 8), (False, True, False, False)), ((3, 5), (True, True, False, False)), ((17, 6), (False, False, False, False)), ((4, 6), (True, True, False, False)), ((8, 2), (True, True, False, False)), ((20, 7), (False, False, False, False)), ((13, 5), (True, True, False, False)), ((7, 8), (False, True, False, False))]","[((13, 1), (True, True, False, False)), ((15, 10), (False, False, False, False)), ((14, 2), (True, True, False, False)), ((9, 4), (False, True, False, False)), ((7, 7), (True, True, False, False)), ((11, 4), (True, False, False, False)), ((9, 2), (True, False, False, False)), ((3, 8), (False, True, False, False)), ((3, 5), (True, True, False, False)), ((17, 6), (False, False, False, False)), ((4, 6), (True, True, False, False)), ((8, 2), (True, True, False, False)), ((20, 7), (False, False, False, False)), ((13, 5), (True, True, False, False)), ((7, 8), (False, True, False, False))]",276 items,59.0,27.0,86.0
277,"((13, 1), (True, True, False, False))","((12, 1), (True, True, False, False))",East,"[((13, 2), (True, True, False, False)), ((14, 1), (True, True, False, False)), ((12, 1), (True, True, False, False))]","[((13, 1), (True, True, False, False)), ((15, 10), (False, False, False, False)), ((14, 2), (True, True, False, False)), ((9, 4), (False, True, False, False)), ((7, 7), (True, True, False, False)), ((11, 4), (True, False, False, False)), ((9, 2), (True, False, False, False)), ((3, 8), (False, True, False, False)), ((3, 5), (True, True, False, False)), ((17, 6), (False, False, False, False)), ((4, 6), (True, True, False, False)), ((8, 2), (True, True, False, False)), ((20, 7), (False, False, False, False)), ((13, 5), (True, True, False, False)), ((7, 8), (False, True, False, False))]","[((14, 2), (True, True, False, False)), ((15, 10), (False, False, False, False)), ((14, 1), (True, True, False, False)), ((9, 4), (False, True, False, False)), ((7, 7), (True, True, False, False)), ((11, 4), (True, False, False, False)), ((9, 2), (True, False, False, False)), ((3, 8), (False, True, False, False)), ((3, 5), (True, True, False, False)), ((17, 6), (False, False, False, False)), ((4, 6), (True, True, False, False)), ((8, 2), (True, True, False, False)), ((20, 7), (False, False, False, False)), ((13, 5), (True, True, False, False)), ((7, 8), (False, True, False, False))]",277 items,60.0,26.0,86.0
278,"((14, 2), (True, True, False, False))","((13, 2), (True, True, False, False))",East,"[((14, 1), (True, True, False, False)), ((15, 2), (True, True, False, False)), ((13, 2), (True, True, False, False))]","[((14, 2), (True, True, False, False)), ((15, 10), (False, False, False, False)), ((14, 1), (True, True, False, False)), ((9, 4), (False, True, False, False)), ((7, 7), (True, True, False, False)), ((11, 4), (True, False, False, False)), ((9, 2), (True, False, False, False)), ((3, 8), (False, True, False, False)), ((3, 5), (True, True, False, False)), ((17, 6), (False, False, False, False)), ((4, 6), (True, True, False, False)), ((8, 2), (True, True, False, False)), ((20, 7), (False, False, False, False)), ((13, 5), (True, True, False, False)), ((7, 8), (False, True, False, False))]","[((14, 1), (True, True, False, False)), ((15, 10), (False, False, False, False)), ((15, 2), (True, True, False, False)), ((9, 4), (False, True, False, False)), ((7, 7), (True, True, False, False)), ((11, 4), (True, False, False, False)), ((9, 2), (True, False, False, False)), ((3, 8), (False, True, False, False)), ((3, 5), (True, True, False, False)), ((17, 6), (False, False, False, False)), ((4, 6), (True, True, False, False)), ((8, 2), (True, True, False, False)), ((20, 7), (False, False, False, False)), ((13, 5), (True, True, False, False)), ((7, 8), (False, True, False, False))]",278 items,60.0,26.0,86.0
279,"((14, 1), (True, True, False, False))","((13, 1), (True, True, False, False))",East,"[((14, 2), (True, True, False, False)), ((15, 1), (True, True, False, False)), ((13, 1), (True, True, False, False))]","[((14, 1), (True, True, False, False)), ((15, 10), (False, False, False, False)), ((15, 2), (True, True, False, False)), ((9, 4), (False, True, False, False)), ((7, 7), (True, True, False, False)), ((11, 4), (True, False, False, False)), ((9, 2), (True, False, False, False)), ((3, 8), (False, True, False, False)), ((3, 5), (True, True, False, False)), ((17, 6), (False, False, False, False)), ((4, 6), (True, True, False, False)), ((8, 2), (True, True, False, False)), ((20, 7), (False, False, False, False)), ((13, 5), (True, True, False, False)), ((7, 8), (False, True, False, False))]","[((15, 2), (True, True, False, False)), ((15, 10), (False, False, False, False)), ((15, 1), (True, True, False, False)), ((9, 4), (False, True, False, False)), ((7, 7), (True, True, False, False)), ((11, 4), (True, False, False, False)), ((9, 2), (True, False, False, False)), ((3, 8), (False, True, False, False)), ((3, 5), (True, True, False, False)), ((17, 6), (False, False, False, False)), ((4, 6), (True, True, False, False)), ((8, 2), (True, True, False, False)), ((20, 7), (False, False, False, False)), ((13, 5), (True, True, False, False)), ((7, 8), (False, True, False, False))]",279 items,61.0,25.0,86.0
280,"((15, 2), (True, True, False, False))","((14, 2), (True, True, False, False))",East,"[((15, 1), (True, True, False, False)), ((16, 2), (True, True, False, False)), ((14, 2), (True, True, False, False))]","[((15, 2), (True, True, False, False)), ((15, 10), (False, False, False, False)), ((15, 1), (True, True, False, False)), ((9, 4), (False, True, False, False)), ((7, 7), (True, True, False, False)), ((11, 4), (True, False, False, False)), ((9, 2), (True, False, False, False)), ((3, 8), (False, True, False, False)), ((3, 5), (True, True, False, False)), ((17, 6), (False, False, False, False)), ((4, 6), (True, True, False, False)), ((8, 2), (True, True, False, False)), ((20, 7), (False, False, False, False)), ((13, 5), (True, True, False, False)), ((7, 8), (False, True, False, False))]","[((15, 1), (True, True, False, False)), ((15, 10), (False, False, False, False)), ((16, 2), (True, True, False, False)), ((9, 4), (False, True, False, False)), ((7, 7), (True, True, False, False)), ((11, 4), (True, False, False, False)), ((9, 2), (True, False, False, False)), ((3, 8), (False, True, False, False)), ((3, 5), (True, True, False, False)), ((17, 6), (False, False, False, False)), ((4, 6), (True, True, False, False)), ((8, 2), (True, True, False, False)), ((20, 7), (False, False, False, False)), ((13, 5), (True, True, False, False)), ((7, 8), (False, True, False, False))]",280 items,61.0,25.0,86.0
281,"((15, 1), (True, True, False, False))","((14, 1), (True, True, False, False))",East,"[((15, 2), (True, True, False, False)), ((16, 1), (True, True, False, False)), ((14, 1), (True, True, False, False))]","[((15, 1), (True, True, False, False)), ((15, 10), (False, False, False, False)), ((16, 2), (True, True, False, False)), ((9, 4), (False, True, False, False)), ((7, 7), (True, True, False, False)), ((11, 4), (True, False, False, False)), ((9, 2), (True, False, False, False)), ((3, 8), (False, True, False, False)), ((3, 5), (True, True, False, False)), ((17, 6), (False, False, False, False)), ((4, 6), (True, True, False, False)), ((8, 2), (True, True, False, False)), ((20, 7), (False, False, False, False)), ((13, 5), (True, True, False, False)), ((7, 8), (False, True, False, False))]","[((16, 2), (True, True, False, False)), ((15, 10), (False, False, False, False)), ((16, 1), (True, True, False, False)), ((9, 4), (False, True, False, False)), ((7, 7), (True, True, False, False)), ((11, 4), (True, False, False, False)), ((9, 2), (True, False, False, False)), ((3, 8), (False, True, False, False)), ((3, 5), (True, True, False, False)), ((17, 6), (False, False, False, False)), ((4, 6), (True, True, False, False)), ((8, 2), (True, True, False, False)), ((20, 7), (False, False, False, False)), ((13, 5), (True, True, False, False)), ((7, 8), (False, True, False, False))]",281 items,62.0,24.0,86.0
282,"((16, 2), (True, True, False, False))","((15, 2), (True, True, False, False))",East,"[((16, 3), (True, True, False, False)), ((16, 1), (True, True, False, False)), ((15, 2), (True, True, False, False))]","[((16, 2), (True, True, False, False)), ((15, 10), (False, False, False, False)), ((16, 1), (True, True, False, False)), ((9, 4), (False, True, False, False)), ((7, 7), (True, True, False, False)), ((11, 4), (True, False, False, False)), ((9, 2), (True, False, False, False)), ((3, 8), (False, True, False, False)), ((3, 5), (True, True, False, False)), ((17, 6), (False, False, False, False)), ((4, 6), (True, True, False, False)), ((8, 2), (True, True, False, False)), ((20, 7), (False, False, False, False)), ((13, 5), (True, True, False, False)), ((7, 8), (False, True, False, False))]","[((16, 1), (True, True, False, False)), ((15, 10), (False, False, False, False)), ((9, 2), (True, False, False, False)), ((9, 4), (False, True, False, False)), ((7, 7), (True, True, False, False)), ((11, 4), (True, False, False, False)), ((7, 8), (False, True, False, False)), ((3, 8), (False, True, False, False)), ((3, 5), (True, True, False, False)), ((17, 6), (False, False, False, False)), ((4, 6), (True, True, False, False)), ((8, 2), (True, True, False, False)), ((20, 7), (False, False, False, False)), ((13, 5), (True, True, False, False)), ((16, 3), (True, True, False, False))]",282 items,62.0,24.0,86.0
283,"((16, 1), (True, True, False, False))","((15, 1), (True, True, False, False))",East,"[((16, 2), (True, True, False, False)), ((15, 1), (True, True, False, False))]","[((16, 1), (True, True, False, False)), ((15, 10), (False, False, False, False)), ((9, 2), (True, False, False, False)), ((9, 4), (False, True, False, False)), ((7, 7), (True, True, False, False)), ((11, 4), (True, False, False, False)), ((7, 8), (False, True, False, False)), ((3, 8), (False, True, False, False)), ((3, 5), (True, True, False, False)), ((17, 6), (False, False, False, False)), ((4, 6), (True, True, False, False)), ((8, 2), (True, True, False, False)), ((20, 7), (False, False, False, False)), ((13, 5), (True, True, False, False)), ((16, 3), (True, True, False, False))]","[((9, 2), (True, False, False, False)), ((15, 10), (False, False, False, False)), ((11, 4), (True, False, False, False)), ((9, 4), (False, True, False, False)), ((7, 7), (True, True, False, False)), ((20, 7), (False, False, False, False)), ((7, 8), (False, True, False, False)), ((3, 8), (False, True, False, False)), ((3, 5), (True, True, False, False)), ((17, 6), (False, False, False, False)), ((4, 6), (True, True, False, False)), ((8, 2), (True, True, False, False)), ((16, 3), (True, True, False, False)), ((13, 5), (True, True, False, False))]",283 items,63.0,23.0,86.0
284,"((9, 2), (True, False, False, False))","((9, 3), (True, False, False, False))",South,"[((9, 3), (True, False, False, False)), ((8, 2), (True, False, False, False))]","[((9, 2), (True, False, False, False)), ((15, 10), (False, False, False, False)), ((11, 4), (True, False, False, False)), ((9, 4), (False, True, False, False)), ((7, 7), (True, True, False, False)), ((20, 7), (False, False, False, False)), ((7, 8), (False, True, False, False)), ((3, 8), (False, True, False, False)), ((3, 5), (True, True, False, False)), ((17, 6), (False, False, False, False)), ((4, 6), (True, True, False, False)), ((8, 2), (True, True, False, False)), ((16, 3), (True, True, False, False)), ((13, 5), (True, True, False, False))]","[((11, 4), (True, False, False, False)), ((15, 10), (False, False, False, False)), ((20, 7), (False, False, False, False)), ((9, 4), (False, True, False, False)), ((7, 7), (True, True, False, False)), ((8, 2), (True, True, False, False)), ((8, 2), (True, False, False, False)), ((3, 8), (False, True, False, False)), ((3, 5), (True, True, False, False)), ((17, 6), (False, False, False, False)), ((4, 6), (True, True, False, False)), ((13, 5), (True, True, False, False)), ((16, 3), (True, True, False, False)), ((7, 8), (False, True, False, False))]",284 items,31.0,56.0,87.0
285,"((11, 4), (True, False, False, False))","((10, 4), (True, False, False, False))",East,"[((11, 3), (True, False, False, False)), ((12, 4), (True, False, False, False)), ((10, 4), (True, False, False, False))]","[((11, 4), (True, False, False, False)), ((15, 10), (False, False, False, False)), ((20, 7), (False, False, False, False)), ((9, 4), (False, True, False, False)), ((7, 7), (True, True, False, False)), ((8, 2), (True, True, False, False)), ((8, 2), (True, False, False, False)), ((3, 8), (False, True, False, False)), ((3, 5), (True, True, False, False)), ((17, 6), (False, False, False, False)), ((4, 6), (True, True, False, False)), ((13, 5), (True, True, False, False)), ((16, 3), (True, True, False, False)), ((7, 8), (False, True, False, False))]","[((15, 10), (False, False, False, False)), ((7, 7), (True, True, False, False)), ((20, 7), (False, False, False, False)), ((9, 4), (False, True, False, False)), ((7, 8), (False, True, False, False)), ((8, 2), (True, True, False, False)), ((8, 2), (True, False, False, False)), ((3, 8), (False, True, False, False)), ((3, 5), (True, True, False, False)), ((17, 6), (False, False, False, False)), ((4, 6), (True, True, False, False)), ((13, 5), (True, True, False, False)), ((16, 3), (True, True, False, False)), ((11, 3), (True, False, False, False)), ((12, 4), (True, False, False, False))]",285 items,31.0,56.0,87.0
286,"((15, 10), (False, False, False, False))","((14, 10), (False, False, False, False))",East,"[((15, 9), (False, False, False, False)), ((16, 10), (False, False, False, False)), ((14, 10), (False, False, False, False))]","[((15, 10), (False, False, False, False)), ((7, 7), (True, True, False, False)), ((20, 7), (False, False, False, False)), ((9, 4), (False, True, False, False)), ((7, 8), (False, True, False, False)), ((8, 2), (True, True, False, False)), ((8, 2), (True, False, False, False)), ((3, 8), (False, True, False, False)), ((3, 5), (True, True, False, False)), ((17, 6), (False, False, False, False)), ((4, 6), (True, True, False, False)), ((13, 5), (True, True, False, False)), ((16, 3), (True, True, False, False)), ((11, 3), (True, False, False, False)), ((12, 4), (True, False, False, False))]",16 items,286 items,23.0,64.0,87.0
287,"((20, 7), (False, False, False, False))","((20, 6), (False, False, False, False))",North,"[((20, 8), (False, False, False, False)), ((20, 6), (False, False, False, False))]",16 items,16 items,287 items,25.0,62.0,87.0
288,"((7, 7), (True, True, False, False))","((7, 6), (True, True, False, False))",North,"[((7, 8), (True, True, False, False)), ((7, 6), (True, True, False, False))]",16 items,16 items,288 items,50.0,37.0,87.0
289,"((8, 2), (True, False, False, False))","((9, 2), (True, False, False, False))",West,"[((9, 2), (True, False, False, False)), ((7, 2), (True, False, False, False))]",16 items,16 items,289 items,32.0,55.0,87.0
290,"((16, 10), (False, False, False, False))","((15, 10), (False, False, False, False))",East,"[((15, 10), (False, False, False, False))]",16 items,"[((20, 8), (False, False, False, False)), ((7, 8), (True, True, False, False)), ((3, 8), (False, True, False, False)), ((7, 2), (True, False, False, False)), ((7, 8), (False, True, False, False)), ((8, 2), (True, True, False, False)), ((11, 3), (True, False, False, False)), ((9, 4), (False, True, False, False)), ((3, 5), (True, True, False, False)), ((17, 6), (False, False, False, False)), ((4, 6), (True, True, False, False)), ((13, 5), (True, True, False, False)), ((16, 3), (True, True, False, False)), ((12, 4), (True, False, False, False)), ((15, 9), (False, False, False, False))]",290 items,24.0,63.0,87.0
291,"((20, 8), (False, False, False, False))","((20, 7), (False, False, False, False))",North,"[((20, 7), (False, False, False, False)), ((21, 8), (False, False, False, False))]","[((20, 8), (False, False, False, False)), ((7, 8), (True, True, False, False)), ((3, 8), (False, True, False, False)), ((7, 2), (True, False, False, False)), ((7, 8), (False, True, False, False)), ((8, 2), (True, True, False, False)), ((11, 3), (True, False, False, False)), ((9, 4), (False, True, False, False)), ((3, 5), (True, True, False, False)), ((17, 6), (False, False, False, False)), ((4, 6), (True, True, False, False)), ((13, 5), (True, True, False, False)), ((16, 3), (True, True, False, False)), ((12, 4), (True, False, False, False)), ((15, 9), (False, False, False, False))]","[((7, 8), (True, True, False, False)), ((7, 2), (True, False, False, False)), ((21, 8), (False, False, False, False)), ((9, 4), (False, True, False, False)), ((7, 8), (False, True, False, False)), ((8, 2), (True, True, False, False)), ((3, 8), (False, True, False, False)), ((15, 9), (False, False, False, False)), ((3, 5), (True, True, False, False)), ((17, 6), (False, False, False, False)), ((4, 6), (True, True, False, False)), ((13, 5), (True, True, False, False)), ((16, 3), (True, True, False, False)), ((12, 4), (True, False, False, False)), ((11, 3), (True, False, False, False))]",291 items,26.0,61.0,87.0
292,"((7, 8), (True, True, False, False))","((7, 7), (True, True, False, False))",North,"[((7, 7), (True, True, False, False))]","[((7, 8), (True, True, False, False)), ((7, 2), (True, False, False, False)), ((21, 8), (False, False, False, False)), ((9, 4), (False, True, False, False)), ((7, 8), (False, True, False, False)), ((8, 2), (True, True, False, False)), ((3, 8), (False, True, False, False)), ((15, 9), (False, False, False, False)), ((3, 5), (True, True, False, False)), ((17, 6), (False, False, False, False)), ((4, 6), (True, True, False, False)), ((13, 5), (True, True, False, False)), ((16, 3), (True, True, False, False)), ((12, 4), (True, False, False, False)), ((11, 3), (True, False, False, False))]","[((7, 2), (True, False, False, False)), ((7, 8), (False, True, False, False)), ((21, 8), (False, False, False, False)), ((9, 4), (False, True, False, False)), ((17, 6), (False, False, False, False)), ((8, 2), (True, True, False, False)), ((3, 8), (False, True, False, False)), ((15, 9), (False, False, False, False)), ((3, 5), (True, True, False, False)), ((11, 3), (True, False, False, False)), ((4, 6), (True, True, False, False)), ((13, 5), (True, True, False, False)), ((16, 3), (True, True, False, False)), ((12, 4), (True, False, False, False))]",292 items,51.0,36.0,87.0
293,"((7, 2), (True, False, False, False))","((8, 2), (True, False, False, False))",West,"[((8, 2), (True, False, False, False)), ((6, 2), (True, False, False, False))]","[((7, 2), (True, False, False, False)), ((7, 8), (False, True, False, False)), ((21, 8), (False, False, False, False)), ((9, 4), (False, True, False, False)), ((17, 6), (False, False, False, False)), ((8, 2), (True, True, False, False)), ((3, 8), (False, True, False, False)), ((15, 9), (False, False, False, False)), ((3, 5), (True, True, False, False)), ((11, 3), (True, False, False, False)), ((4, 6), (True, True, False, False)), ((13, 5), (True, True, False, False)), ((16, 3), (True, True, False, False)), ((12, 4), (True, False, False, False))]","[((21, 8), (False, False, False, False)), ((7, 8), (False, True, False, False)), ((6, 2), (True, False, False, False)), ((9, 4), (False, True, False, False)), ((17, 6), (False, False, False, False)), ((8, 2), (True, True, False, False)), ((3, 8), (False, True, False, False)), ((15, 9), (False, False, False, False)), ((3, 5), (True, True, False, False)), ((11, 3), (True, False, False, False)), ((4, 6), (True, True, False, False)), ((13, 5), (True, True, False, False)), ((16, 3), (True, True, False, False)), ((12, 4), (True, False, False, False))]",293 items,33.0,54.0,87.0
294,"((21, 8), (False, False, False, False))","((20, 8), (False, False, False, False))",East,"[((22, 8), (False, False, False, False)), ((20, 8), (False, False, False, False))]","[((21, 8), (False, False, False, False)), ((7, 8), (False, True, False, False)), ((6, 2), (True, False, False, False)), ((9, 4), (False, True, False, False)), ((17, 6), (False, False, False, False)), ((8, 2), (True, True, False, False)), ((3, 8), (False, True, False, False)), ((15, 9), (False, False, False, False)), ((3, 5), (True, True, False, False)), ((11, 3), (True, False, False, False)), ((4, 6), (True, True, False, False)), ((13, 5), (True, True, False, False)), ((16, 3), (True, True, False, False)), ((12, 4), (True, False, False, False))]","[((6, 2), (True, False, False, False)), ((7, 8), (False, True, False, False)), ((22, 8), (False, False, False, False)), ((9, 4), (False, True, False, False)), ((17, 6), (False, False, False, False)), ((8, 2), (True, True, False, False)), ((3, 8), (False, True, False, False)), ((15, 9), (False, False, False, False)), ((3, 5), (True, True, False, False)), ((11, 3), (True, False, False, False)), ((4, 6), (True, True, False, False)), ((13, 5), (True, True, False, False)), ((16, 3), (True, True, False, False)), ((12, 4), (True, False, False, False))]",294 items,27.0,60.0,87.0
295,"((6, 2), (True, False, False, False))","((7, 2), (True, False, False, False))",West,"[((7, 2), (True, False, False, False)), ((5, 2), (True, False, False, False))]","[((6, 2), (True, False, False, False)), ((7, 8), (False, True, False, False)), ((22, 8), (False, False, False, False)), ((9, 4), (False, True, False, False)), ((17, 6), (False, False, False, False)), ((8, 2), (True, True, False, False)), ((3, 8), (False, True, False, False)), ((15, 9), (False, False, False, False)), ((3, 5), (True, True, False, False)), ((11, 3), (True, False, False, False)), ((4, 6), (True, True, False, False)), ((13, 5), (True, True, False, False)), ((16, 3), (True, True, False, False)), ((12, 4), (True, False, False, False))]","[((22, 8), (False, False, False, False)), ((7, 8), (False, True, False, False)), ((5, 2), (True, False, False, False)), ((9, 4), (False, True, False, False)), ((17, 6), (False, False, False, False)), ((8, 2), (True, True, False, False)), ((3, 8), (False, True, False, False)), ((15, 9), (False, False, False, False)), ((3, 5), (True, True, False, False)), ((11, 3), (True, False, False, False)), ((4, 6), (True, True, False, False)), ((13, 5), (True, True, False, False)), ((16, 3), (True, True, False, False)), ((12, 4), (True, False, False, False))]",295 items,34.0,53.0,87.0
296,"((22, 8), (False, False, False, False))","((21, 8), (False, False, False, False))",East,"[((23, 8), (False, False, False, False)), ((21, 8), (False, False, False, False))]","[((22, 8), (False, False, False, False)), ((7, 8), (False, True, False, False)), ((5, 2), (True, False, False, False)), ((9, 4), (False, True, False, False)), ((17, 6), (False, False, False, False)), ((8, 2), (True, True, False, False)), ((3, 8), (False, True, False, False)), ((15, 9), (False, False, False, False)), ((3, 5), (True, True, False, False)), ((11, 3), (True, False, False, False)), ((4, 6), (True, True, False, False)), ((13, 5), (True, True, False, False)), ((16, 3), (True, True, False, False)), ((12, 4), (True, False, False, False))]","[((5, 2), (True, False, False, False)), ((7, 8), (False, True, False, False)), ((23, 8), (False, False, False, False)), ((9, 4), (False, True, False, False)), ((17, 6), (False, False, False, False)), ((8, 2), (True, True, False, False)), ((3, 8), (False, True, False, False)), ((15, 9), (False, False, False, False)), ((3, 5), (True, True, False, False)), ((11, 3), (True, False, False, False)), ((4, 6), (True, True, False, False)), ((13, 5), (True, True, False, False)), ((16, 3), (True, True, False, False)), ((12, 4), (True, False, False, False))]",296 items,28.0,59.0,87.0
297,"((5, 2), (True, False, False, False))","((6, 2), (True, False, False, False))",West,"[((5, 1), (True, False, False, False)), ((6, 2), (True, False, False, False))]","[((5, 2), (True, False, False, False)), ((7, 8), (False, True, False, False)), ((23, 8), (False, False, False, False)), ((9, 4), (False, True, False, False)), ((17, 6), (False, False, False, False)), ((8, 2), (True, True, False, False)), ((3, 8), (False, True, False, False)), ((15, 9), (False, False, False, False)), ((3, 5), (True, True, False, False)), ((11, 3), (True, False, False, False)), ((4, 6), (True, True, False, False)), ((13, 5), (True, True, False, False)), ((16, 3), (True, True, False, False)), ((12, 4), (True, False, False, False))]","[((23, 8), (False, False, False, False)), ((7, 8), (False, True, False, False)), ((3, 8), (False, True, False, False)), ((9, 4), (False, True, False, False)), ((17, 6), (False, False, False, False)), ((8, 2), (True, True, False, False)), ((12, 4), (True, False, False, False)), ((15, 9), (False, False, False, False)), ((3, 5), (True, True, False, False)), ((11, 3), (True, False, False, False)), ((4, 6), (True, True, False, False)), ((13, 5), (True, True, False, False)), ((16, 3), (True, True, False, False)), ((5, 1), (True, False, False, False))]",297 items,35.0,52.0,87.0
298,"((23, 8), (False, False, False, False))","((22, 8), (False, False, False, False))",East,"[((24, 8), (False, False, False, False)), ((22, 8), (False, False, False, False))]","[((23, 8), (False, False, False, False)), ((7, 8), (False, True, False, False)), ((3, 8), (False, True, False, False)), ((9, 4), (False, True, False, False)), ((17, 6), (False, False, False, False)), ((8, 2), (True, True, False, False)), ((12, 4), (True, False, False, False)), ((15, 9), (False, False, False, False)), ((3, 5), (True, True, False, False)), ((11, 3), (True, False, False, False)), ((4, 6), (True, True, False, False)), ((13, 5), (True, True, False, False)), ((16, 3), (True, True, False, False)), ((5, 1), (True, False, False, False))]","[((24, 8), (False, False, False, False)), ((9, 4), (False, True, False, False)), ((7, 8), (False, True, False, False)), ((3, 5), (True, True, False, False)), ((17, 6), (False, False, False, False)), ((8, 2), (True, True, False, False)), ((3, 8), (False, True, False, False)), ((15, 9), (False, False, False, False)), ((5, 1), (True, False, False, False)), ((11, 3), (True, False, False, False)), ((4, 6), (True, True, False, False)), ((13, 5), (True, True, False, False)), ((16, 3), (True, True, False, False)), ((12, 4), (True, False, False, False))]",298 items,29.0,58.0,87.0
299,"((24, 8), (False, False, False, False))","((23, 8), (False, False, False, False))",East,"[((24, 9), (False, False, False, False)), ((24, 7), (False, False, False, False)), ((23, 8), (False, False, False, False))]","[((24, 8), (False, False, False, False)), ((9, 4), (False, True, False, False)), ((7, 8), (False, True, False, False)), ((3, 5), (True, True, False, False)), ((17, 6), (False, False, False, False)), ((8, 2), (True, True, False, False)), ((3, 8), (False, True, False, False)), ((15, 9), (False, False, False, False)), ((5, 1), (True, False, False, False)), ((11, 3), (True, False, False, False)), ((4, 6), (True, True, False, False)), ((13, 5), (True, True, False, False)), ((16, 3), (True, True, False, False)), ((12, 4), (True, False, False, False))]","[((24, 9), (False, False, False, False)), ((9, 4), (False, True, False, False)), ((7, 8), (False, True, False, False)), ((3, 5), (True, True, False, False)), ((17, 6), (False, False, False, False)), ((8, 2), (True, True, False, False)), ((3, 8), (False, True, False, False)), ((15, 9), (False, False, False, False)), ((5, 1), (True, False, False, False)), ((11, 3), (True, False, False, False)), ((4, 6), (True, True, False, False)), ((13, 5), (True, True, False, False)), ((16, 3), (True, True, False, False)), ((12, 4), (True, False, False, False)), ((24, 7), (False, False, False, False))]",299 items,30.0,57.0,87.0
300,"((24, 9), (False, False, False, False))","((24, 8), (False, False, False, False))",North,"[((24, 10), (False, False, False, False)), ((24, 8), (False, False, False, False))]","[((24, 9), (False, False, False, False)), ((9, 4), (False, True, False, False)), ((7, 8), (False, True, False, False)), ((3, 5), (True, True, False, False)), ((17, 6), (False, False, False, False)), ((8, 2), (True, True, False, False)), ((3, 8), (False, True, False, False)), ((15, 9), (False, False, False, False)), ((5, 1), (True, False, False, False)), ((11, 3), (True, False, False, False)), ((4, 6), (True, True, False, False)), ((13, 5), (True, True, False, False)), ((16, 3), (True, True, False, False)), ((12, 4), (True, False, False, False)), ((24, 7), (False, False, False, False))]","[((24, 10), (False, False, False, False)), ((9, 4), (False, True, False, False)), ((7, 8), (False, True, False, False)), ((3, 5), (True, True, False, False)), ((17, 6), (False, False, False, False)), ((8, 2), (True, True, False, False)), ((3, 8), (False, True, False, False)), ((15, 9), (False, False, False, False)), ((5, 1), (True, False, False, False)), ((11, 3), (True, False, False, False)), ((4, 6), (True, True, False, False)), ((13, 5), (True, True, False, False)), ((16, 3), (True, True, False, False)), ((24, 7), (False, False, False, False)), ((12, 4), (True, False, False, False))]",300 items,31.0,56.0,87.0
301,"((24, 10), (False, False, False, False))","((24, 9), (False, False, False, False))",North,"[((24, 9), (False, False, False, False))]","[((24, 10), (False, False, False, False)), ((9, 4), (False, True, False, False)), ((7, 8), (False, True, False, False)), ((3, 5), (True, True, False, False)), ((17, 6), (False, False, False, False)), ((8, 2), (True, True, False, False)), ((3, 8), (False, True, False, False)), ((15, 9), (False, False, False, False)), ((5, 1), (True, False, False, False)), ((11, 3), (True, False, False, False)), ((4, 6), (True, True, False, False)), ((13, 5), (True, True, False, False)), ((16, 3), (True, True, False, False)), ((24, 7), (False, False, False, False)), ((12, 4), (True, False, False, False))]","[((7, 8), (False, True, False, False)), ((9, 4), (False, True, False, False)), ((3, 8), (False, True, False, False)), ((3, 5), (True, True, False, False)), ((17, 6), (False, False, False, False)), ((8, 2), (True, True, False, False)), ((12, 4), (True, False, False, False)), ((15, 9), (False, False, False, False)), ((5, 1), (True, False, False, False)), ((11, 3), (True, False, False, False)), ((4, 6), (True, True, False, False)), ((13, 5), (True, True, False, False)), ((16, 3), (True, True, False, False)), ((24, 7), (False, False, False, False))]",301 items,32.0,55.0,87.0
302,"((7, 8), (False, True, False, False))","((7, 7), (False, True, False, False))",North,"[((7, 7), (False, True, False, False))]","[((7, 8), (False, True, False, False)), ((9, 4), (False, True, False, False)), ((3, 8), (False, True, False, False)), ((3, 5), (True, True, False, False)), ((17, 6), (False, False, False, False)), ((8, 2), (True, True, False, False)), ((12, 4), (True, False, False, False)), ((15, 9), (False, False, False, False)), ((5, 1), (True, False, False, False)), ((11, 3), (True, False, False, False)), ((4, 6), (True, True, False, False)), ((13, 5), (True, True, False, False)), ((16, 3), (True, True, False, False)), ((24, 7), (False, False, False, False))]","[((9, 4), (False, True, False, False)), ((3, 5), (True, True, False, False)), ((3, 8), (False, True, False, False)), ((15, 9), (False, False, False, False)), ((17, 6), (False, False, False, False)), ((8, 2), (True, True, False, False)), ((12, 4), (True, False, False, False)), ((24, 7), (False, False, False, False)), ((5, 1), (True, False, False, False)), ((11, 3), (True, False, False, False)), ((4, 6), (True, True, False, False)), ((13, 5), (True, True, False, False)), ((16, 3), (True, True, False, False))]",302 items,37.0,51.0,88.0
303,"((9, 4), (False, True, False, False))","((8, 4), (False, True, False, False))",East,"[((9, 3), (False, True, False, False)), ((10, 4), (False, True, False, False)), ((8, 4), (False, True, False, False))]","[((9, 4), (False, True, False, False)), ((3, 5), (True, True, False, False)), ((3, 8), (False, True, False, False)), ((15, 9), (False, False, False, False)), ((17, 6), (False, False, False, False)), ((8, 2), (True, True, False, False)), ((12, 4), (True, False, False, False)), ((24, 7), (False, False, False, False)), ((5, 1), (True, False, False, False)), ((11, 3), (True, False, False, False)), ((4, 6), (True, True, False, False)), ((13, 5), (True, True, False, False)), ((16, 3), (True, True, False, False))]","[((3, 8), (False, True, False, False)), ((3, 5), (True, True, False, False)), ((8, 2), (True, True, False, False)), ((15, 9), (False, False, False, False)), ((17, 6), (False, False, False, False)), ((13, 5), (True, True, False, False)), ((12, 4), (True, False, False, False)), ((24, 7), (False, False, False, False)), ((5, 1), (True, False, False, False)), ((11, 3), (True, False, False, False)), ((4, 6), (True, True, False, False)), ((16, 3), (True, True, False, False)), ((9, 3), (False, True, False, False)), ((10, 4), (False, True, False, False))]",303 items,39.0,49.0,88.0
304,"((3, 8), (False, True, False, False))","((2, 8), (False, True, False, False))",East,"[((2, 8), (False, True, False, False))]","[((3, 8), (False, True, False, False)), ((3, 5), (True, True, False, False)), ((8, 2), (True, True, False, False)), ((15, 9), (False, False, False, False)), ((17, 6), (False, False, False, False)), ((13, 5), (True, True, False, False)), ((12, 4), (True, False, False, False)), ((24, 7), (False, False, False, False)), ((5, 1), (True, False, False, False)), ((11, 3), (True, False, False, False)), ((4, 6), (True, True, False, False)), ((16, 3), (True, True, False, False)), ((9, 3), (False, True, False, False)), ((10, 4), (False, True, False, False))]","[((3, 5), (True, True, False, False)), ((17, 6), (False, False, False, False)), ((8, 2), (True, True, False, False)), ((15, 9), (False, False, False, False)), ((4, 6), (True, True, False, False)), ((13, 5), (True, True, False, False)), ((12, 4), (True, False, False, False)), ((24, 7), (False, False, False, False)), ((5, 1), (True, False, False, False)), ((11, 3), (True, False, False, False)), ((10, 4), (False, True, False, False)), ((16, 3), (True, True, False, False)), ((9, 3), (False, True, False, False))]",304 items,41.0,47.0,88.0
305,"((3, 5), (True, True, False, False))","((3, 4), (True, True, False, False))",North,"[((3, 6), (True, True, False, False)), ((3, 4), (True, True, False, False))]","[((3, 5), (True, True, False, False)), ((17, 6), (False, False, False, False)), ((8, 2), (True, True, False, False)), ((15, 9), (False, False, False, False)), ((4, 6), (True, True, False, False)), ((13, 5), (True, True, False, False)), ((12, 4), (True, False, False, False)), ((24, 7), (False, False, False, False)), ((5, 1), (True, False, False, False)), ((11, 3), (True, False, False, False)), ((10, 4), (False, True, False, False)), ((16, 3), (True, True, False, False)), ((9, 3), (False, True, False, False))]","[((17, 6), (False, False, False, False)), ((4, 6), (True, True, False, False)), ((8, 2), (True, True, False, False)), ((15, 9), (False, False, False, False)), ((9, 3), (False, True, False, False)), ((13, 5), (True, True, False, False)), ((12, 4), (True, False, False, False)), ((24, 7), (False, False, False, False)), ((5, 1), (True, False, False, False)), ((11, 3), (True, False, False, False)), ((10, 4), (False, True, False, False)), ((16, 3), (True, True, False, False)), ((3, 6), (True, True, False, False))]",305 items,48.0,40.0,88.0
306,"((17, 6), (False, False, False, False))","((18, 6), (False, False, False, False))",West,"[((18, 6), (False, False, False, False)), ((16, 6), (False, False, False, False))]","[((17, 6), (False, False, False, False)), ((4, 6), (True, True, False, False)), ((8, 2), (True, True, False, False)), ((15, 9), (False, False, False, False)), ((9, 3), (False, True, False, False)), ((13, 5), (True, True, False, False)), ((12, 4), (True, False, False, False)), ((24, 7), (False, False, False, False)), ((5, 1), (True, False, False, False)), ((11, 3), (True, False, False, False)), ((10, 4), (False, True, False, False)), ((16, 3), (True, True, False, False)), ((3, 6), (True, True, False, False))]","[((4, 6), (True, True, False, False)), ((9, 3), (False, True, False, False)), ((8, 2), (True, True, False, False)), ((15, 9), (False, False, False, False)), ((11, 3), (True, False, False, False)), ((13, 5), (True, True, False, False)), ((12, 4), (True, False, False, False)), ((24, 7), (False, False, False, False)), ((5, 1), (True, False, False, False)), ((3, 6), (True, True, False, False)), ((10, 4), (False, True, False, False)), ((16, 3), (True, True, False, False)), ((16, 6), (False, False, False, False))]",306 items,23.0,65.0,88.0
307,"((4, 6), (True, True, False, False))","((5, 6), (True, True, False, False))",West,"[((5, 6), (True, True, False, False)), ((3, 6), (True, True, False, False))]","[((4, 6), (True, True, False, False)), ((9, 3), (False, True, False, False)), ((8, 2), (True, True, False, False)), ((15, 9), (False, False, False, False)), ((11, 3), (True, False, False, False)), ((13, 5), (True, True, False, False)), ((12, 4), (True, False, False, False)), ((24, 7), (False, False, False, False)), ((5, 1), (True, False, False, False)), ((3, 6), (True, True, False, False)), ((10, 4), (False, True, False, False)), ((16, 3), (True, True, False, False)), ((16, 6), (False, False, False, False))]","[((8, 2), (True, True, False, False)), ((9, 3), (False, True, False, False)), ((13, 5), (True, True, False, False)), ((15, 9), (False, False, False, False)), ((11, 3), (True, False, False, False)), ((16, 3), (True, True, False, False)), ((12, 4), (True, False, False, False)), ((24, 7), (False, False, False, False)), ((5, 1), (True, False, False, False)), ((3, 6), (True, True, False, False)), ((10, 4), (False, True, False, False)), ((16, 6), (False, False, False, False))]",307 items,48.0,40.0,88.0
308,"((8, 2), (True, True, False, False))","((9, 2), (True, True, False, False))",West,"[((9, 2), (True, True, False, False)), ((7, 2), (True, True, False, False))]","[((8, 2), (True, True, False, False)), ((9, 3), (False, True, False, False)), ((13, 5), (True, True, False, False)), ((15, 9), (False, False, False, False)), ((11, 3), (True, False, False, False)), ((16, 3), (True, True, False, False)), ((12, 4), (True, False, False, False)), ((24, 7), (False, False, False, False)), ((5, 1), (True, False, False, False)), ((3, 6), (True, True, False, False)), ((10, 4), (False, True, False, False)), ((16, 6), (False, False, False, False))]","[((13, 5), (True, True, False, False)), ((9, 3), (False, True, False, False)), ((16, 3), (True, True, False, False)), ((15, 9), (False, False, False, False)), ((11, 3), (True, False, False, False)), ((16, 6), (False, False, False, False)), ((12, 4), (True, False, False, False)), ((24, 7), (False, False, False, False)), ((5, 1), (True, False, False, False)), ((3, 6), (True, True, False, False)), ((10, 4), (False, True, False, False)), ((7, 2), (True, True, False, False))]",308 items,56.0,32.0,88.0
309,"((13, 5), (True, True, False, False))","((13, 4), (True, True, False, False))",North,"[((13, 6), (True, True, False, False)), ((13, 4), (True, True, False, False))]","[((13, 5), (True, True, False, False)), ((9, 3), (False, True, False, False)), ((16, 3), (True, True, False, False)), ((15, 9), (False, False, False, False)), ((11, 3), (True, False, False, False)), ((16, 6), (False, False, False, False)), ((12, 4), (True, False, False, False)), ((24, 7), (False, False, False, False)), ((5, 1), (True, False, False, False)), ((3, 6), (True, True, False, False)), ((10, 4), (False, True, False, False)), ((7, 2), (True, True, False, False))]","[((16, 3), (True, True, False, False)), ((9, 3), (False, True, False, False)), ((12, 4), (True, False, False, False)), ((15, 9), (False, False, False, False)), ((11, 3), (True, False, False, False)), ((16, 6), (False, False, False, False)), ((7, 2), (True, True, False, False)), ((24, 7), (False, False, False, False)), ((5, 1), (True, False, False, False)), ((3, 6), (True, True, False, False)), ((10, 4), (False, True, False, False)), ((13, 6), (True, True, False, False))]",309 items,58.0,30.0,88.0
310,"((16, 3), (True, True, False, False))","((16, 2), (True, True, False, False))",North,"[((16, 4), (True, True, False, False)), ((16, 2), (True, True, False, False))]","[((16, 3), (True, True, False, False)), ((9, 3), (False, True, False, False)), ((12, 4), (True, False, False, False)), ((15, 9), (False, False, False, False)), ((11, 3), (True, False, False, False)), ((16, 6), (False, False, False, False)), ((7, 2), (True, True, False, False)), ((24, 7), (False, False, False, False)), ((5, 1), (True, False, False, False)), ((3, 6), (True, True, False, False)), ((10, 4), (False, True, False, False)), ((13, 6), (True, True, False, False))]","[((9, 3), (False, True, False, False)), ((11, 3), (True, False, False, False)), ((12, 4), (True, False, False, False)), ((15, 9), (False, False, False, False)), ((10, 4), (False, True, False, False)), ((16, 6), (False, False, False, False)), ((7, 2), (True, True, False, False)), ((24, 7), (False, False, False, False)), ((5, 1), (True, False, False, False)), ((3, 6), (True, True, False, False)), ((13, 6), (True, True, False, False)), ((16, 4), (True, True, False, False))]",310 items,63.0,25.0,88.0
311,"((9, 3), (False, True, False, False))","((9, 4), (False, True, False, False))",South,"[((9, 4), (False, True, False, False)), ((9, 2), (False, True, False, False))]","[((9, 3), (False, True, False, False)), ((11, 3), (True, False, False, False)), ((12, 4), (True, False, False, False)), ((15, 9), (False, False, False, False)), ((10, 4), (False, True, False, False)), ((16, 6), (False, False, False, False)), ((7, 2), (True, True, False, False)), ((24, 7), (False, False, False, False)), ((5, 1), (True, False, False, False)), ((3, 6), (True, True, False, False)), ((13, 6), (True, True, False, False)), ((16, 4), (True, True, False, False))]","[((9, 2), (False, True, False, False)), ((15, 9), (False, False, False, False)), ((11, 3), (True, False, False, False)), ((5, 1), (True, False, False, False)), ((10, 4), (False, True, False, False)), ((12, 4), (True, False, False, False)), ((7, 2), (True, True, False, False)), ((24, 7), (False, False, False, False)), ((16, 4), (True, True, False, False)), ((3, 6), (True, True, False, False)), ((13, 6), (True, True, False, False)), ((16, 6), (False, False, False, False))]",311 items,40.0,48.0,88.0
312,"((9, 2), (False, True, False, False))","((9, 3), (False, True, False, False))",South,"[((9, 3), (False, True, False, False)), ((8, 2), (False, True, False, False))]","[((9, 2), (False, True, False, False)), ((15, 9), (False, False, False, False)), ((11, 3), (True, False, False, False)), ((5, 1), (True, False, False, False)), ((10, 4), (False, True, False, False)), ((12, 4), (True, False, False, False)), ((7, 2), (True, True, False, False)), ((24, 7), (False, False, False, False)), ((16, 4), (True, True, False, False)), ((3, 6), (True, True, False, False)), ((13, 6), (True, True, False, False)), ((16, 6), (False, False, False, False))]","[((8, 2), (False, True, False, False)), ((15, 9), (False, False, False, False)), ((11, 3), (True, False, False, False)), ((5, 1), (True, False, False, False)), ((10, 4), (False, True, False, False)), ((12, 4), (True, False, False, False)), ((7, 2), (True, True, False, False)), ((24, 7), (False, False, False, False)), ((16, 4), (True, True, False, False)), ((3, 6), (True, True, False, False)), ((13, 6), (True, True, False, False)), ((16, 6), (False, False, False, False))]",312 items,41.0,47.0,88.0
313,"((8, 2), (False, True, False, False))","((9, 2), (False, True, False, False))",West,"[((9, 2), (False, True, False, False)), ((7, 2), (False, True, False, False))]","[((8, 2), (False, True, False, False)), ((15, 9), (False, False, False, False)), ((11, 3), (True, False, False, False)), ((5, 1), (True, False, False, False)), ((10, 4), (False, True, False, False)), ((12, 4), (True, False, False, False)), ((7, 2), (True, True, False, False)), ((24, 7), (False, False, False, False)), ((16, 4), (True, True, False, False)), ((3, 6), (True, True, False, False)), ((13, 6), (True, True, False, False)), ((16, 6), (False, False, False, False))]","[((7, 2), (False, True, False, False)), ((15, 9), (False, False, False, False)), ((11, 3), (True, False, False, False)), ((5, 1), (True, False, False, False)), ((10, 4), (False, True, False, False)), ((12, 4), (True, False, False, False)), ((7, 2), (True, True, False, False)), ((24, 7), (False, False, False, False)), ((16, 4), (True, True, False, False)), ((3, 6), (True, True, False, False)), ((13, 6), (True, True, False, False)), ((16, 6), (False, False, False, False))]",313 items,42.0,46.0,88.0
314,"((7, 2), (False, True, False, False))","((8, 2), (False, True, False, False))",West,"[((8, 2), (False, True, False, False)), ((6, 2), (False, True, False, False))]","[((7, 2), (False, True, False, False)), ((15, 9), (False, False, False, False)), ((11, 3), (True, False, False, False)), ((5, 1), (True, False, False, False)), ((10, 4), (False, True, False, False)), ((12, 4), (True, False, False, False)), ((7, 2), (True, True, False, False)), ((24, 7), (False, False, False, False)), ((16, 4), (True, True, False, False)), ((3, 6), (True, True, False, False)), ((13, 6), (True, True, False, False)), ((16, 6), (False, False, False, False))]","[((6, 2), (False, True, False, False)), ((15, 9), (False, False, False, False)), ((11, 3), (True, False, False, False)), ((5, 1), (True, False, False, False)), ((10, 4), (False, True, False, False)), ((12, 4), (True, False, False, False)), ((7, 2), (True, True, False, False)), ((24, 7), (False, False, False, False)), ((16, 4), (True, True, False, False)), ((3, 6), (True, True, False, False)), ((13, 6), (True, True, False, False)), ((16, 6), (False, False, False, False))]",314 items,43.0,45.0,88.0
315,"((6, 2), (False, True, False, False))","((7, 2), (False, True, False, False))",West,"[((7, 2), (False, True, False, False)), ((5, 2), (False, True, False, False))]","[((6, 2), (False, True, False, False)), ((15, 9), (False, False, False, False)), ((11, 3), (True, False, False, False)), ((5, 1), (True, False, False, False)), ((10, 4), (False, True, False, False)), ((12, 4), (True, False, False, False)), ((7, 2), (True, True, False, False)), ((24, 7), (False, False, False, False)), ((16, 4), (True, True, False, False)), ((3, 6), (True, True, False, False)), ((13, 6), (True, True, False, False)), ((16, 6), (False, False, False, False))]","[((5, 2), (False, True, False, False)), ((15, 9), (False, False, False, False)), ((11, 3), (True, False, False, False)), ((5, 1), (True, False, False, False)), ((10, 4), (False, True, False, False)), ((12, 4), (True, False, False, False)), ((7, 2), (True, True, False, False)), ((24, 7), (False, False, False, False)), ((16, 4), (True, True, False, False)), ((3, 6), (True, True, False, False)), ((13, 6), (True, True, False, False)), ((16, 6), (False, False, False, False))]",315 items,44.0,44.0,88.0
316,"((5, 2), (False, True, False, False))","((6, 2), (False, True, False, False))",West,"[((5, 1), (False, True, False, False)), ((6, 2), (False, True, False, False))]","[((5, 2), (False, True, False, False)), ((15, 9), (False, False, False, False)), ((11, 3), (True, False, False, False)), ((5, 1), (True, False, False, False)), ((10, 4), (False, True, False, False)), ((12, 4), (True, False, False, False)), ((7, 2), (True, True, False, False)), ((24, 7), (False, False, False, False)), ((16, 4), (True, True, False, False)), ((3, 6), (True, True, False, False)), ((13, 6), (True, True, False, False)), ((16, 6), (False, False, False, False))]","[((5, 1), (False, True, False, False)), ((15, 9), (False, False, False, False)), ((11, 3), (True, False, False, False)), ((5, 1), (True, False, False, False)), ((10, 4), (False, True, False, False)), ((12, 4), (True, False, False, False)), ((7, 2), (True, True, False, False)), ((24, 7), (False, False, False, False)), ((16, 4), (True, True, False, False)), ((3, 6), (True, True, False, False)), ((13, 6), (True, True, False, False)), ((16, 6), (False, False, False, False))]",316 items,45.0,43.0,88.0
317,"((5, 1), (False, True, False, False))","((5, 2), (False, True, False, False))",South,"[((5, 2), (False, True, False, False))]","[((5, 1), (False, True, False, False)), ((15, 9), (False, False, False, False)), ((11, 3), (True, False, False, False)), ((5, 1), (True, False, False, False)), ((10, 4), (False, True, False, False)), ((12, 4), (True, False, False, False)), ((7, 2), (True, True, False, False)), ((24, 7), (False, False, False, False)), ((16, 4), (True, True, False, False)), ((3, 6), (True, True, False, False)), ((13, 6), (True, True, False, False)), ((16, 6), (False, False, False, False))]","[((11, 3), (True, False, False, False)), ((15, 9), (False, False, False, False)), ((12, 4), (True, False, False, False)), ((5, 1), (True, False, False, False)), ((10, 4), (False, True, False, False)), ((16, 6), (False, False, False, False)), ((7, 2), (True, True, False, False)), ((24, 7), (False, False, False, False)), ((16, 4), (True, True, False, False)), ((3, 6), (True, True, False, False)), ((13, 6), (True, True, False, False))]",317 items,46.0,42.0,88.0
318,"((11, 3), (True, False, False, False))","((11, 4), (True, False, False, False))",South,"[((11, 4), (True, False, False, False)), ((11, 2), (True, False, False, False))]","[((11, 3), (True, False, False, False)), ((15, 9), (False, False, False, False)), ((12, 4), (True, False, False, False)), ((5, 1), (True, False, False, False)), ((10, 4), (False, True, False, False)), ((16, 6), (False, False, False, False)), ((7, 2), (True, True, False, False)), ((24, 7), (False, False, False, False)), ((16, 4), (True, True, False, False)), ((3, 6), (True, True, False, False)), ((13, 6), (True, True, False, False))]","[((12, 4), (True, False, False, False)), ((15, 9), (False, False, False, False)), ((16, 6), (False, False, False, False)), ((5, 1), (True, False, False, False)), ((11, 2), (True, False, False, False)), ((13, 6), (True, True, False, False)), ((7, 2), (True, True, False, False)), ((24, 7), (False, False, False, False)), ((16, 4), (True, True, False, False)), ((3, 6), (True, True, False, False)), ((10, 4), (False, True, False, False))]",318 items,32.0,57.0,89.0
319,"((12, 4), (True, False, False, False))","((11, 4), (True, False, False, False))",East,"[((13, 4), (True, False, False, False)), ((11, 4), (True, False, False, False))]","[((12, 4), (True, False, False, False)), ((15, 9), (False, False, False, False)), ((16, 6), (False, False, False, False)), ((5, 1), (True, False, False, False)), ((11, 2), (True, False, False, False)), ((13, 6), (True, True, False, False)), ((7, 2), (True, True, False, False)), ((24, 7), (False, False, False, False)), ((16, 4), (True, True, False, False)), ((3, 6), (True, True, False, False)), ((10, 4), (False, True, False, False))]","[((15, 9), (False, False, False, False)), ((5, 1), (True, False, False, False)), ((16, 6), (False, False, False, False)), ((24, 7), (False, False, False, False)), ((11, 2), (True, False, False, False)), ((13, 6), (True, True, False, False)), ((7, 2), (True, True, False, False)), ((10, 4), (False, True, False, False)), ((16, 4), (True, True, False, False)), ((3, 6), (True, True, False, False)), ((13, 4), (True, False, False, False))]",319 items,32.0,57.0,89.0
320,"((15, 9), (False, False, False, False))","((15, 10), (False, False, False, False))",South,"[((15, 10), (False, False, False, False)), ((15, 8), (False, False, False, False))]","[((15, 9), (False, False, False, False)), ((5, 1), (True, False, False, False)), ((16, 6), (False, False, False, False)), ((24, 7), (False, False, False, False)), ((11, 2), (True, False, False, False)), ((13, 6), (True, True, False, False)), ((7, 2), (True, True, False, False)), ((10, 4), (False, True, False, False)), ((16, 4), (True, True, False, False)), ((3, 6), (True, True, False, False)), ((13, 4), (True, False, False, False))]","[((5, 1), (True, False, False, False)), ((24, 7), (False, False, False, False)), ((16, 6), (False, False, False, False)), ((13, 4), (True, False, False, False)), ((11, 2), (True, False, False, False)), ((13, 6), (True, True, False, False)), ((7, 2), (True, True, False, False)), ((10, 4), (False, True, False, False)), ((16, 4), (True, True, False, False)), ((3, 6), (True, True, False, False)), ((15, 8), (False, False, False, False))]",320 items,24.0,65.0,89.0
321,"((5, 1), (True, False, False, False))","((5, 2), (True, False, False, False))",South,"[((5, 2), (True, False, False, False))]","[((5, 1), (True, False, False, False)), ((24, 7), (False, False, False, False)), ((16, 6), (False, False, False, False)), ((13, 4), (True, False, False, False)), ((11, 2), (True, False, False, False)), ((13, 6), (True, True, False, False)), ((7, 2), (True, True, False, False)), ((10, 4), (False, True, False, False)), ((16, 4), (True, True, False, False)), ((3, 6), (True, True, False, False)), ((15, 8), (False, False, False, False))]","[((24, 7), (False, False, False, False)), ((11, 2), (True, False, False, False)), ((16, 6), (False, False, False, False)), ((13, 4), (True, False, False, False)), ((3, 6), (True, True, False, False)), ((13, 6), (True, True, False, False)), ((7, 2), (True, True, False, False)), ((10, 4), (False, True, False, False)), ((16, 4), (True, True, False, False)), ((15, 8), (False, False, False, False))]",321 items,36.0,53.0,89.0
322,"((24, 7), (False, False, False, False))","((24, 8), (False, False, False, False))",South,"[((24, 8), (False, False, False, False)), ((24, 6), (False, False, False, False))]","[((24, 7), (False, False, False, False)), ((11, 2), (True, False, False, False)), ((16, 6), (False, False, False, False)), ((13, 4), (True, False, False, False)), ((3, 6), (True, True, False, False)), ((13, 6), (True, True, False, False)), ((7, 2), (True, True, False, False)), ((10, 4), (False, True, False, False)), ((16, 4), (True, True, False, False)), ((15, 8), (False, False, False, False))]","[((11, 2), (True, False, False, False)), ((13, 4), (True, False, False, False)), ((16, 6), (False, False, False, False)), ((10, 4), (False, True, False, False)), ((3, 6), (True, True, False, False)), ((13, 6), (True, True, False, False)), ((7, 2), (True, True, False, False)), ((15, 8), (False, False, False, False)), ((16, 4), (True, True, False, False)), ((24, 6), (False, False, False, False))]",322 items,31.0,58.0,89.0
323,"((11, 2), (True, False, False, False))","((11, 3), (True, False, False, False))",South,"[((11, 3), (True, False, False, False)), ((11, 1), (True, False, False, False)), ((12, 2), (True, False, False, False))]","[((11, 2), (True, False, False, False)), ((13, 4), (True, False, False, False)), ((16, 6), (False, False, False, False)), ((10, 4), (False, True, False, False)), ((3, 6), (True, True, False, False)), ((13, 6), (True, True, False, False)), ((7, 2), (True, True, False, False)), ((15, 8), (False, False, False, False)), ((16, 4), (True, True, False, False)), ((24, 6), (False, False, False, False))]","[((13, 4), (True, False, False, False)), ((11, 1), (True, False, False, False)), ((16, 6), (False, False, False, False)), ((16, 4), (True, True, False, False)), ((12, 2), (True, False, False, False)), ((13, 6), (True, True, False, False)), ((7, 2), (True, True, False, False)), ((15, 8), (False, False, False, False)), ((24, 6), (False, False, False, False)), ((3, 6), (True, True, False, False)), ((10, 4), (False, True, False, False))]",323 items,33.0,56.0,89.0
324,"((13, 4), (True, False, False, False))","((12, 4), (True, False, False, False))",East,"[((13, 5), (True, False, False, False)), ((12, 4), (True, False, False, False))]","[((13, 4), (True, False, False, False)), ((11, 1), (True, False, False, False)), ((16, 6), (False, False, False, False)), ((16, 4), (True, True, False, False)), ((12, 2), (True, False, False, False)), ((13, 6), (True, True, False, False)), ((7, 2), (True, True, False, False)), ((15, 8), (False, False, False, False)), ((24, 6), (False, False, False, False)), ((3, 6), (True, True, False, False)), ((10, 4), (False, True, False, False))]","[((11, 1), (True, False, False, False)), ((12, 2), (True, False, False, False)), ((16, 6), (False, False, False, False)), ((16, 4), (True, True, False, False)), ((10, 4), (False, True, False, False)), ((13, 6), (True, True, False, False)), ((7, 2), (True, True, False, False)), ((15, 8), (False, False, False, False)), ((24, 6), (False, False, False, False)), ((3, 6), (True, True, False, False)), ((13, 5), (True, False, False, False))]",324 items,33.0,56.0,89.0
325,"((11, 1), (True, False, False, False))","((11, 2), (True, False, False, False))",South,"[((11, 2), (True, False, False, False)), ((12, 1), (True, False, False, False))]","[((11, 1), (True, False, False, False)), ((12, 2), (True, False, False, False)), ((16, 6), (False, False, False, False)), ((16, 4), (True, True, False, False)), ((10, 4), (False, True, False, False)), ((13, 6), (True, True, False, False)), ((7, 2), (True, True, False, False)), ((15, 8), (False, False, False, False)), ((24, 6), (False, False, False, False)), ((3, 6), (True, True, False, False)), ((13, 5), (True, False, False, False))]","[((12, 2), (True, False, False, False)), ((12, 1), (True, False, False, False)), ((16, 6), (False, False, False, False)), ((16, 4), (True, True, False, False)), ((10, 4), (False, True, False, False)), ((13, 6), (True, True, False, False)), ((7, 2), (True, True, False, False)), ((15, 8), (False, False, False, False)), ((24, 6), (False, False, False, False)), ((13, 5), (True, False, False, False)), ((3, 6), (True, True, False, False))]",325 items,34.0,55.0,89.0
326,"((12, 2), (True, False, False, False))","((11, 2), (True, False, False, False))",East,"[((12, 1), (True, False, False, False)), ((13, 2), (True, False, False, False)), ((11, 2), (True, False, False, False))]","[((12, 2), (True, False, False, False)), ((12, 1), (True, False, False, False)), ((16, 6), (False, False, False, False)), ((16, 4), (True, True, False, False)), ((10, 4), (False, True, False, False)), ((13, 6), (True, True, False, False)), ((7, 2), (True, True, False, False)), ((15, 8), (False, False, False, False)), ((24, 6), (False, False, False, False)), ((13, 5), (True, False, False, False)), ((3, 6), (True, True, False, False))]","[((12, 1), (True, False, False, False)), ((13, 2), (True, False, False, False)), ((16, 6), (False, False, False, False)), ((16, 4), (True, True, False, False)), ((10, 4), (False, True, False, False)), ((13, 6), (True, True, False, False)), ((7, 2), (True, True, False, False)), ((15, 8), (False, False, False, False)), ((24, 6), (False, False, False, False)), ((13, 5), (True, False, False, False)), ((3, 6), (True, True, False, False))]",326 items,34.0,55.0,89.0
327,"((12, 1), (True, False, False, False))","((11, 1), (True, False, False, False))",East,"[((12, 2), (True, False, False, False)), ((13, 1), (True, False, False, False)), ((11, 1), (True, False, False, False))]","[((12, 1), (True, False, False, False)), ((13, 2), (True, False, False, False)), ((16, 6), (False, False, False, False)), ((16, 4), (True, True, False, False)), ((10, 4), (False, True, False, False)), ((13, 6), (True, True, False, False)), ((7, 2), (True, True, False, False)), ((15, 8), (False, False, False, False)), ((24, 6), (False, False, False, False)), ((13, 5), (True, False, False, False)), ((3, 6), (True, True, False, False))]","[((13, 2), (True, False, False, False)), ((13, 1), (True, False, False, False)), ((16, 6), (False, False, False, False)), ((16, 4), (True, True, False, False)), ((10, 4), (False, True, False, False)), ((13, 6), (True, True, False, False)), ((7, 2), (True, True, False, False)), ((15, 8), (False, False, False, False)), ((24, 6), (False, False, False, False)), ((13, 5), (True, False, False, False)), ((3, 6), (True, True, False, False))]",327 items,35.0,54.0,89.0
328,"((13, 2), (True, False, False, False))","((12, 2), (True, False, False, False))",East,"[((13, 1), (True, False, False, False)), ((14, 2), (True, False, False, False)), ((12, 2), (True, False, False, False))]","[((13, 2), (True, False, False, False)), ((13, 1), (True, False, False, False)), ((16, 6), (False, False, False, False)), ((16, 4), (True, True, False, False)), ((10, 4), (False, True, False, False)), ((13, 6), (True, True, False, False)), ((7, 2), (True, True, False, False)), ((15, 8), (False, False, False, False)), ((24, 6), (False, False, False, False)), ((13, 5), (True, False, False, False)), ((3, 6), (True, True, False, False))]","[((13, 1), (True, False, False, False)), ((14, 2), (True, False, False, False)), ((16, 6), (False, False, False, False)), ((16, 4), (True, True, False, False)), ((10, 4), (False, True, False, False)), ((13, 6), (True, True, False, False)), ((7, 2), (True, True, False, False)), ((15, 8), (False, False, False, False)), ((24, 6), (False, False, False, False)), ((13, 5), (True, False, False, False)), ((3, 6), (True, True, False, False))]",328 items,35.0,54.0,89.0
329,"((13, 1), (True, False, False, False))","((12, 1), (True, False, False, False))",East,"[((13, 2), (True, False, False, False)), ((14, 1), (True, False, False, False)), ((12, 1), (True, False, False, False))]","[((13, 1), (True, False, False, False)), ((14, 2), (True, False, False, False)), ((16, 6), (False, False, False, False)), ((16, 4), (True, True, False, False)), ((10, 4), (False, True, False, False)), ((13, 6), (True, True, False, False)), ((7, 2), (True, True, False, False)), ((15, 8), (False, False, False, False)), ((24, 6), (False, False, False, False)), ((13, 5), (True, False, False, False)), ((3, 6), (True, True, False, False))]","[((14, 2), (True, False, False, False)), ((14, 1), (True, False, False, False)), ((16, 6), (False, False, False, False)), ((16, 4), (True, True, False, False)), ((10, 4), (False, True, False, False)), ((13, 6), (True, True, False, False)), ((7, 2), (True, True, False, False)), ((15, 8), (False, False, False, False)), ((24, 6), (False, False, False, False)), ((13, 5), (True, False, False, False)), ((3, 6), (True, True, False, False))]",329 items,36.0,53.0,89.0
330,"((14, 2), (True, False, False, False))","((13, 2), (True, False, False, False))",East,"[((14, 1), (True, False, False, False)), ((15, 2), (True, False, False, False)), ((13, 2), (True, False, False, False))]","[((14, 2), (True, False, False, False)), ((14, 1), (True, False, False, False)), ((16, 6), (False, False, False, False)), ((16, 4), (True, True, False, False)), ((10, 4), (False, True, False, False)), ((13, 6), (True, True, False, False)), ((7, 2), (True, True, False, False)), ((15, 8), (False, False, False, False)), ((24, 6), (False, False, False, False)), ((13, 5), (True, False, False, False)), ((3, 6), (True, True, False, False))]","[((14, 1), (True, False, False, False)), ((15, 2), (True, False, False, False)), ((16, 6), (False, False, False, False)), ((16, 4), (True, True, False, False)), ((10, 4), (False, True, False, False)), ((13, 6), (True, True, False, False)), ((7, 2), (True, True, False, False)), ((15, 8), (False, False, False, False)), ((24, 6), (False, False, False, False)), ((13, 5), (True, False, False, False)), ((3, 6), (True, True, False, False))]",330 items,36.0,53.0,89.0
331,"((14, 1), (True, False, False, False))","((13, 1), (True, False, False, False))",East,"[((14, 2), (True, False, False, False)), ((15, 1), (True, False, False, False)), ((13, 1), (True, False, False, False))]","[((14, 1), (True, False, False, False)), ((15, 2), (True, False, False, False)), ((16, 6), (False, False, False, False)), ((16, 4), (True, True, False, False)), ((10, 4), (False, True, False, False)), ((13, 6), (True, True, False, False)), ((7, 2), (True, True, False, False)), ((15, 8), (False, False, False, False)), ((24, 6), (False, False, False, False)), ((13, 5), (True, False, False, False)), ((3, 6), (True, True, False, False))]","[((15, 2), (True, False, False, False)), ((15, 1), (True, False, False, False)), ((16, 6), (False, False, False, False)), ((16, 4), (True, True, False, False)), ((10, 4), (False, True, False, False)), ((13, 6), (True, True, False, False)), ((7, 2), (True, True, False, False)), ((15, 8), (False, False, False, False)), ((24, 6), (False, False, False, False)), ((13, 5), (True, False, False, False)), ((3, 6), (True, True, False, False))]",331 items,37.0,52.0,89.0
332,"((15, 2), (True, False, False, False))","((14, 2), (True, False, False, False))",East,"[((15, 1), (True, False, False, False)), ((16, 2), (True, False, False, False)), ((14, 2), (True, False, False, False))]","[((15, 2), (True, False, False, False)), ((15, 1), (True, False, False, False)), ((16, 6), (False, False, False, False)), ((16, 4), (True, True, False, False)), ((10, 4), (False, True, False, False)), ((13, 6), (True, True, False, False)), ((7, 2), (True, True, False, False)), ((15, 8), (False, False, False, False)), ((24, 6), (False, False, False, False)), ((13, 5), (True, False, False, False)), ((3, 6), (True, True, False, False))]","[((15, 1), (True, False, False, False)), ((16, 2), (True, False, False, False)), ((16, 6), (False, False, False, False)), ((16, 4), (True, True, False, False)), ((10, 4), (False, True, False, False)), ((13, 6), (True, True, False, False)), ((7, 2), (True, True, False, False)), ((15, 8), (False, False, False, False)), ((24, 6), (False, False, False, False)), ((13, 5), (True, False, False, False)), ((3, 6), (True, True, False, False))]",332 items,37.0,52.0,89.0
333,"((15, 1), (True, False, False, False))","((14, 1), (True, False, False, False))",East,"[((15, 2), (True, False, False, False)), ((16, 1), (True, False, False, False)), ((14, 1), (True, False, False, False))]","[((15, 1), (True, False, False, False)), ((16, 2), (True, False, False, False)), ((16, 6), (False, False, False, False)), ((16, 4), (True, True, False, False)), ((10, 4), (False, True, False, False)), ((13, 6), (True, True, False, False)), ((7, 2), (True, True, False, False)), ((15, 8), (False, False, False, False)), ((24, 6), (False, False, False, False)), ((13, 5), (True, False, False, False)), ((3, 6), (True, True, False, False))]","[((16, 2), (True, False, False, False)), ((16, 1), (True, False, False, False)), ((16, 6), (False, False, False, False)), ((16, 4), (True, True, False, False)), ((10, 4), (False, True, False, False)), ((13, 6), (True, True, False, False)), ((7, 2), (True, True, False, False)), ((15, 8), (False, False, False, False)), ((24, 6), (False, False, False, False)), ((13, 5), (True, False, False, False)), ((3, 6), (True, True, False, False))]",333 items,38.0,51.0,89.0
334,"((16, 2), (True, False, False, False))","((15, 2), (True, False, False, False))",East,"[((16, 3), (True, False, False, False)), ((16, 1), (True, False, False, False)), ((15, 2), (True, False, False, False))]","[((16, 2), (True, False, False, False)), ((16, 1), (True, False, False, False)), ((16, 6), (False, False, False, False)), ((16, 4), (True, True, False, False)), ((10, 4), (False, True, False, False)), ((13, 6), (True, True, False, False)), ((7, 2), (True, True, False, False)), ((15, 8), (False, False, False, False)), ((24, 6), (False, False, False, False)), ((13, 5), (True, False, False, False)), ((3, 6), (True, True, False, False))]","[((16, 1), (True, False, False, False)), ((10, 4), (False, True, False, False)), ((16, 6), (False, False, False, False)), ((16, 4), (True, True, False, False)), ((3, 6), (True, True, False, False)), ((13, 6), (True, True, False, False)), ((7, 2), (True, True, False, False)), ((15, 8), (False, False, False, False)), ((24, 6), (False, False, False, False)), ((13, 5), (True, False, False, False)), ((16, 3), (True, False, False, False))]",334 items,38.0,51.0,89.0
335,"((16, 1), (True, False, False, False))","((15, 1), (True, False, False, False))",East,"[((16, 2), (True, False, False, False)), ((15, 1), (True, False, False, False))]","[((16, 1), (True, False, False, False)), ((10, 4), (False, True, False, False)), ((16, 6), (False, False, False, False)), ((16, 4), (True, True, False, False)), ((3, 6), (True, True, False, False)), ((13, 6), (True, True, False, False)), ((7, 2), (True, True, False, False)), ((15, 8), (False, False, False, False)), ((24, 6), (False, False, False, False)), ((13, 5), (True, False, False, False)), ((16, 3), (True, False, False, False))]","[((10, 4), (False, True, False, False)), ((3, 6), (True, True, False, False)), ((16, 6), (False, False, False, False)), ((16, 4), (True, True, False, False)), ((13, 5), (True, False, False, False)), ((13, 6), (True, True, False, False)), ((7, 2), (True, True, False, False)), ((15, 8), (False, False, False, False)), ((24, 6), (False, False, False, False)), ((16, 3), (True, False, False, False))]",335 items,39.0,50.0,89.0
336,"((10, 4), (False, True, False, False))","((9, 4), (False, True, False, False))",East,"[((11, 4), (False, True, False, False)), ((9, 4), (False, True, False, False))]","[((10, 4), (False, True, False, False)), ((3, 6), (True, True, False, False)), ((16, 6), (False, False, False, False)), ((16, 4), (True, True, False, False)), ((13, 5), (True, False, False, False)), ((13, 6), (True, True, False, False)), ((7, 2), (True, True, False, False)), ((15, 8), (False, False, False, False)), ((24, 6), (False, False, False, False)), ((16, 3), (True, False, False, False))]","[((3, 6), (True, True, False, False)), ((16, 4), (True, True, False, False)), ((16, 6), (False, False, False, False)), ((24, 6), (False, False, False, False)), ((13, 5), (True, False, False, False)), ((13, 6), (True, True, False, False)), ((7, 2), (True, True, False, False)), ((15, 8), (False, False, False, False)), ((16, 3), (True, False, False, False)), ((11, 4), (False, True, False, False))]",336 items,40.0,50.0,90.0
337,"((3, 6), (True, True, False, False))","((3, 5), (True, True, False, False))",North,"[((3, 5), (True, True, False, False)), ((4, 6), (True, True, False, False)), ((2, 6), (True, True, False, False))]","[((3, 6), (True, True, False, False)), ((16, 4), (True, True, False, False)), ((16, 6), (False, False, False, False)), ((24, 6), (False, False, False, False)), ((13, 5), (True, False, False, False)), ((13, 6), (True, True, False, False)), ((7, 2), (True, True, False, False)), ((15, 8), (False, False, False, False)), ((16, 3), (True, False, False, False)), ((11, 4), (False, True, False, False))]","[((16, 6), (False, False, False, False)), ((16, 4), (True, True, False, False)), ((7, 2), (True, True, False, False)), ((24, 6), (False, False, False, False)), ((13, 5), (True, False, False, False)), ((13, 6), (True, True, False, False)), ((11, 4), (False, True, False, False)), ((15, 8), (False, False, False, False)), ((16, 3), (True, False, False, False)), ((2, 6), (True, True, False, False))]",337 items,49.0,41.0,90.0
338,"((16, 6), (False, False, False, False))","((17, 6), (False, False, False, False))",West,"[((17, 6), (False, False, False, False))]","[((16, 6), (False, False, False, False)), ((16, 4), (True, True, False, False)), ((7, 2), (True, True, False, False)), ((24, 6), (False, False, False, False)), ((13, 5), (True, False, False, False)), ((13, 6), (True, True, False, False)), ((11, 4), (False, True, False, False)), ((15, 8), (False, False, False, False)), ((16, 3), (True, False, False, False)), ((2, 6), (True, True, False, False))]","[((7, 2), (True, True, False, False)), ((16, 4), (True, True, False, False)), ((13, 6), (True, True, False, False)), ((24, 6), (False, False, False, False)), ((13, 5), (True, False, False, False)), ((2, 6), (True, True, False, False)), ((11, 4), (False, True, False, False)), ((15, 8), (False, False, False, False)), ((16, 3), (True, False, False, False))]",338 items,24.0,66.0,90.0
339,"((7, 2), (True, True, False, False))","((8, 2), (True, True, False, False))",West,"[((8, 2), (True, True, False, False)), ((6, 2), (True, True, False, False))]","[((7, 2), (True, True, False, False)), ((16, 4), (True, True, False, False)), ((13, 6), (True, True, False, False)), ((24, 6), (False, False, False, False)), ((13, 5), (True, False, False, False)), ((2, 6), (True, True, False, False)), ((11, 4), (False, True, False, False)), ((15, 8), (False, False, False, False)), ((16, 3), (True, False, False, False))]","[((13, 6), (True, True, False, False)), ((16, 4), (True, True, False, False)), ((16, 3), (True, False, False, False)), ((24, 6), (False, False, False, False)), ((13, 5), (True, False, False, False)), ((2, 6), (True, True, False, False)), ((11, 4), (False, True, False, False)), ((15, 8), (False, False, False, False)), ((6, 2), (True, True, False, False))]",339 items,57.0,33.0,90.0
340,"((13, 6), (True, True, False, False))","((13, 5), (True, True, False, False))",North,"[((13, 5), (True, True, False, False)), ((12, 6), (True, True, False, False))]","[((13, 6), (True, True, False, False)), ((16, 4), (True, True, False, False)), ((16, 3), (True, False, False, False)), ((24, 6), (False, False, False, False)), ((13, 5), (True, False, False, False)), ((2, 6), (True, True, False, False)), ((11, 4), (False, True, False, False)), ((15, 8), (False, False, False, False)), ((6, 2), (True, True, False, False))]","[((16, 4), (True, True, False, False)), ((24, 6), (False, False, False, False)), ((16, 3), (True, False, False, False)), ((15, 8), (False, False, False, False)), ((13, 5), (True, False, False, False)), ((2, 6), (True, True, False, False)), ((11, 4), (False, True, False, False)), ((6, 2), (True, True, False, False)), ((12, 6), (True, True, False, False))]",340 items,59.0,31.0,90.0
341,"((16, 4), (True, True, False, False))","((16, 3), (True, True, False, False))",North,"[((16, 3), (True, True, False, False)), ((17, 4), (True, True, False, False))]","[((16, 4), (True, True, False, False)), ((24, 6), (False, False, False, False)), ((16, 3), (True, False, False, False)), ((15, 8), (False, False, False, False)), ((13, 5), (True, False, False, False)), ((2, 6), (True, True, False, False)), ((11, 4), (False, True, False, False)), ((6, 2), (True, True, False, False)), ((12, 6), (True, True, False, False))]","[((24, 6), (False, False, False, False)), ((17, 4), (True, True, False, False)), ((16, 3), (True, False, False, False)), ((15, 8), (False, False, False, False)), ((13, 5), (True, False, False, False)), ((2, 6), (True, True, False, False)), ((11, 4), (False, True, False, False)), ((12, 6), (True, True, False, False)), ((6, 2), (True, True, False, False))]",341 items,64.0,26.0,90.0
342,"((24, 6), (False, False, False, False))","((24, 7), (False, False, False, False))",South,"[((24, 7), (False, False, False, False)), ((24, 5), (False, False, False, False))]","[((24, 6), (False, False, False, False)), ((17, 4), (True, True, False, False)), ((16, 3), (True, False, False, False)), ((15, 8), (False, False, False, False)), ((13, 5), (True, False, False, False)), ((2, 6), (True, True, False, False)), ((11, 4), (False, True, False, False)), ((12, 6), (True, True, False, False)), ((6, 2), (True, True, False, False))]","[((17, 4), (True, True, False, False)), ((24, 5), (False, False, False, False)), ((16, 3), (True, False, False, False)), ((15, 8), (False, False, False, False)), ((13, 5), (True, False, False, False)), ((2, 6), (True, True, False, False)), ((11, 4), (False, True, False, False)), ((12, 6), (True, True, False, False)), ((6, 2), (True, True, False, False))]",342 items,32.0,58.0,90.0
343,"((17, 4), (True, True, False, False))","((16, 4), (True, True, False, False))",East,"[((18, 4), (True, True, False, False)), ((16, 4), (True, True, False, False))]","[((17, 4), (True, True, False, False)), ((24, 5), (False, False, False, False)), ((16, 3), (True, False, False, False)), ((15, 8), (False, False, False, False)), ((13, 5), (True, False, False, False)), ((2, 6), (True, True, False, False)), ((11, 4), (False, True, False, False)), ((12, 6), (True, True, False, False)), ((6, 2), (True, True, False, False))]","[((24, 5), (False, False, False, False)), ((18, 4), (True, True, False, False)), ((16, 3), (True, False, False, False)), ((15, 8), (False, False, False, False)), ((13, 5), (True, False, False, False)), ((2, 6), (True, True, False, False)), ((11, 4), (False, True, False, False)), ((12, 6), (True, True, False, False)), ((6, 2), (True, True, False, False))]",343 items,65.0,25.0,90.0
344,"((24, 5), (False, False, False, False))","((24, 6), (False, False, False, False))",South,"[((24, 6), (False, False, False, False)), ((24, 4), (False, False, False, False))]","[((24, 5), (False, False, False, False)), ((18, 4), (True, True, False, False)), ((16, 3), (True, False, False, False)), ((15, 8), (False, False, False, False)), ((13, 5), (True, False, False, False)), ((2, 6), (True, True, False, False)), ((11, 4), (False, True, False, False)), ((12, 6), (True, True, False, False)), ((6, 2), (True, True, False, False))]","[((18, 4), (True, True, False, False)), ((24, 4), (False, False, False, False)), ((16, 3), (True, False, False, False)), ((15, 8), (False, False, False, False)), ((13, 5), (True, False, False, False)), ((2, 6), (True, True, False, False)), ((11, 4), (False, True, False, False)), ((12, 6), (True, True, False, False)), ((6, 2), (True, True, False, False))]",344 items,33.0,57.0,90.0
345,"((18, 4), (True, True, False, False))","((17, 4), (True, True, False, False))",East,"[((18, 5), (True, True, False, False)), ((18, 3), (True, True, False, False)), ((19, 4), (True, True, False, False)), ((17, 4), (True, True, False, False))]","[((18, 4), (True, True, False, False)), ((24, 4), (False, False, False, False)), ((16, 3), (True, False, False, False)), ((15, 8), (False, False, False, False)), ((13, 5), (True, False, False, False)), ((2, 6), (True, True, False, False)), ((11, 4), (False, True, False, False)), ((12, 6), (True, True, False, False)), ((6, 2), (True, True, False, False))]","[((24, 4), (False, False, False, False)), ((18, 3), (True, True, False, False)), ((16, 3), (True, False, False, False)), ((6, 2), (True, True, False, False)), ((19, 4), (True, True, False, False)), ((2, 6), (True, True, False, False)), ((11, 4), (False, True, False, False)), ((12, 6), (True, True, False, False)), ((18, 5), (True, True, False, False)), ((13, 5), (True, False, False, False)), ((15, 8), (False, False, False, False))]",345 items,66.0,24.0,90.0
346,"((24, 4), (False, False, False, False))","((24, 5), (False, False, False, False))",South,"[((24, 5), (False, False, False, False)), ((25, 4), (False, False, False, False)), ((23, 4), (False, False, False, False))]","[((24, 4), (False, False, False, False)), ((18, 3), (True, True, False, False)), ((16, 3), (True, False, False, False)), ((6, 2), (True, True, False, False)), ((19, 4), (True, True, False, False)), ((2, 6), (True, True, False, False)), ((11, 4), (False, True, False, False)), ((12, 6), (True, True, False, False)), ((18, 5), (True, True, False, False)), ((13, 5), (True, False, False, False)), ((15, 8), (False, False, False, False))]","[((18, 3), (True, True, False, False)), ((19, 4), (True, True, False, False)), ((16, 3), (True, False, False, False)), ((6, 2), (True, True, False, False)), ((25, 4), (False, False, False, False)), ((2, 6), (True, True, False, False)), ((11, 4), (False, True, False, False)), ((12, 6), (True, True, False, False)), ((18, 5), (True, True, False, False)), ((13, 5), (True, False, False, False)), ((15, 8), (False, False, False, False)), ((23, 4), (False, False, False, False))]",346 items,34.0,56.0,90.0
347,"((18, 3), (True, True, False, False))","((18, 4), (True, True, False, False))",South,"[((18, 4), (True, True, False, False)), ((18, 2), (True, True, False, False))]","[((18, 3), (True, True, False, False)), ((19, 4), (True, True, False, False)), ((16, 3), (True, False, False, False)), ((6, 2), (True, True, False, False)), ((25, 4), (False, False, False, False)), ((2, 6), (True, True, False, False)), ((11, 4), (False, True, False, False)), ((12, 6), (True, True, False, False)), ((18, 5), (True, True, False, False)), ((13, 5), (True, False, False, False)), ((15, 8), (False, False, False, False)), ((23, 4), (False, False, False, False))]","[((19, 4), (True, True, False, False)), ((25, 4), (False, False, False, False)), ((18, 2), (True, True, False, False)), ((6, 2), (True, True, False, False)), ((15, 8), (False, False, False, False)), ((16, 3), (True, False, False, False)), ((11, 4), (False, True, False, False)), ((12, 6), (True, True, False, False)), ((18, 5), (True, True, False, False)), ((13, 5), (True, False, False, False)), ((23, 4), (False, False, False, False)), ((2, 6), (True, True, False, False))]",347 items,67.0,23.0,90.0
348,"((19, 4), (True, True, False, False))","((18, 4), (True, True, False, False))",East,"[((20, 4), (True, True, False, False)), ((18, 4), (True, True, False, False))]","[((19, 4), (True, True, False, False)), ((25, 4), (False, False, False, False)), ((18, 2), (True, True, False, False)), ((6, 2), (True, True, False, False)), ((15, 8), (False, False, False, False)), ((16, 3), (True, False, False, False)), ((11, 4), (False, True, False, False)), ((12, 6), (True, True, False, False)), ((18, 5), (True, True, False, False)), ((13, 5), (True, False, False, False)), ((23, 4), (False, False, False, False)), ((2, 6), (True, True, False, False))]","[((25, 4), (False, False, False, False)), ((15, 8), (False, False, False, False)), ((18, 2), (True, True, False, False)), ((6, 2), (True, True, False, False)), ((13, 5), (True, False, False, False)), ((20, 4), (True, True, False, False)), ((11, 4), (False, True, False, False)), ((12, 6), (True, True, False, False)), ((18, 5), (True, True, False, False)), ((2, 6), (True, True, False, False)), ((23, 4), (False, False, False, False)), ((16, 3), (True, False, False, False))]",348 items,67.0,23.0,90.0
349,"((25, 4), (False, False, False, False))","((24, 4), (False, False, False, False))",East,"[((26, 4), (False, False, False, False)), ((24, 4), (False, False, False, False))]","[((25, 4), (False, False, False, False)), ((15, 8), (False, False, False, False)), ((18, 2), (True, True, False, False)), ((6, 2), (True, True, False, False)), ((13, 5), (True, False, False, False)), ((20, 4), (True, True, False, False)), ((11, 4), (False, True, False, False)), ((12, 6), (True, True, False, False)), ((18, 5), (True, True, False, False)), ((2, 6), (True, True, False, False)), ((23, 4), (False, False, False, False)), ((16, 3), (True, False, False, False))]","[((18, 2), (True, True, False, False)), ((15, 8), (False, False, False, False)), ((20, 4), (True, True, False, False)), ((6, 2), (True, True, False, False)), ((13, 5), (True, False, False, False)), ((26, 4), (False, False, False, False)), ((11, 4), (False, True, False, False)), ((12, 6), (True, True, False, False)), ((18, 5), (True, True, False, False)), ((2, 6), (True, True, False, False)), ((23, 4), (False, False, False, False)), ((16, 3), (True, False, False, False))]",349 items,35.0,55.0,90.0
350,"((18, 2), (True, True, False, False))","((18, 3), (True, True, False, False))",South,"[((18, 3), (True, True, False, False)), ((18, 1), (True, True, False, False))]","[((18, 2), (True, True, False, False)), ((15, 8), (False, False, False, False)), ((20, 4), (True, True, False, False)), ((6, 2), (True, True, False, False)), ((13, 5), (True, False, False, False)), ((26, 4), (False, False, False, False)), ((11, 4), (False, True, False, False)), ((12, 6), (True, True, False, False)), ((18, 5), (True, True, False, False)), ((2, 6), (True, True, False, False)), ((23, 4), (False, False, False, False)), ((16, 3), (True, False, False, False))]","[((20, 4), (True, True, False, False)), ((15, 8), (False, False, False, False)), ((26, 4), (False, False, False, False)), ((6, 2), (True, True, False, False)), ((13, 5), (True, False, False, False)), ((18, 1), (True, True, False, False)), ((11, 4), (False, True, False, False)), ((12, 6), (True, True, False, False)), ((18, 5), (True, True, False, False)), ((2, 6), (True, True, False, False)), ((23, 4), (False, False, False, False)), ((16, 3), (True, False, False, False))]",350 items,68.0,22.0,90.0
351,"((20, 4), (True, True, False, False))","((19, 4), (True, True, False, False))",East,"[((19, 4), (True, True, False, False))]","[((20, 4), (True, True, False, False)), ((15, 8), (False, False, False, False)), ((26, 4), (False, False, False, False)), ((6, 2), (True, True, False, False)), ((13, 5), (True, False, False, False)), ((18, 1), (True, True, False, False)), ((11, 4), (False, True, False, False)), ((12, 6), (True, True, False, False)), ((18, 5), (True, True, False, False)), ((2, 6), (True, True, False, False)), ((23, 4), (False, False, False, False)), ((16, 3), (True, False, False, False))]","[((26, 4), (False, False, False, False)), ((15, 8), (False, False, False, False)), ((18, 1), (True, True, False, False)), ((6, 2), (True, True, False, False)), ((13, 5), (True, False, False, False)), ((16, 3), (True, False, False, False)), ((11, 4), (False, True, False, False)), ((12, 6), (True, True, False, False)), ((18, 5), (True, True, False, False)), ((2, 6), (True, True, False, False)), ((23, 4), (False, False, False, False))]",351 items,68.0,22.0,90.0
352,"((26, 4), (False, False, False, False))","((25, 4), (False, False, False, False))",East,"[((26, 5), (False, False, False, False)), ((26, 3), (False, False, False, False)), ((25, 4), (False, False, False, False))]","[((26, 4), (False, False, False, False)), ((15, 8), (False, False, False, False)), ((18, 1), (True, True, False, False)), ((6, 2), (True, True, False, False)), ((13, 5), (True, False, False, False)), ((16, 3), (True, False, False, False)), ((11, 4), (False, True, False, False)), ((12, 6), (True, True, False, False)), ((18, 5), (True, True, False, False)), ((2, 6), (True, True, False, False)), ((23, 4), (False, False, False, False))]","[((18, 1), (True, True, False, False)), ((15, 8), (False, False, False, False)), ((26, 3), (False, False, False, False)), ((6, 2), (True, True, False, False)), ((13, 5), (True, False, False, False)), ((16, 3), (True, False, False, False)), ((11, 4), (False, True, False, False)), ((12, 6), (True, True, False, False)), ((18, 5), (True, True, False, False)), ((2, 6), (True, True, False, False)), ((26, 5), (False, False, False, False)), ((23, 4), (False, False, False, False))]",352 items,36.0,54.0,90.0
353,"((18, 1), (True, True, False, False))","((18, 2), (True, True, False, False))",South,"[((18, 2), (True, True, False, False))]","[((18, 1), (True, True, False, False)), ((15, 8), (False, False, False, False)), ((26, 3), (False, False, False, False)), ((6, 2), (True, True, False, False)), ((13, 5), (True, False, False, False)), ((16, 3), (True, False, False, False)), ((11, 4), (False, True, False, False)), ((12, 6), (True, True, False, False)), ((18, 5), (True, True, False, False)), ((2, 6), (True, True, False, False)), ((26, 5), (False, False, False, False)), ((23, 4), (False, False, False, False))]","[((26, 3), (False, False, False, False)), ((15, 8), (False, False, False, False)), ((16, 3), (True, False, False, False)), ((6, 2), (True, True, False, False)), ((13, 5), (True, False, False, False)), ((23, 4), (False, False, False, False)), ((11, 4), (False, True, False, False)), ((12, 6), (True, True, False, False)), ((18, 5), (True, True, False, False)), ((2, 6), (True, True, False, False)), ((26, 5), (False, False, False, False))]",353 items,69.0,21.0,90.0
354,"((26, 3), (False, False, False, False))","((26, 4), (False, False, False, False))",South,"[((26, 4), (False, False, False, False))]","[((26, 3), (False, False, False, False)), ((15, 8), (False, False, False, False)), ((16, 3), (True, False, False, False)), ((6, 2), (True, True, False, False)), ((13, 5), (True, False, False, False)), ((23, 4), (False, False, False, False)), ((11, 4), (False, True, False, False)), ((12, 6), (True, True, False, False)), ((18, 5), (True, True, False, False)), ((2, 6), (True, True, False, False)), ((26, 5), (False, False, False, False))]","[((15, 8), (False, False, False, False)), ((13, 5), (True, False, False, False)), ((16, 3), (True, False, False, False)), ((6, 2), (True, True, False, False)), ((2, 6), (True, True, False, False)), ((23, 4), (False, False, False, False)), ((11, 4), (False, True, False, False)), ((12, 6), (True, True, False, False)), ((18, 5), (True, True, False, False)), ((26, 5), (False, False, False, False))]",354 items,37.0,53.0,90.0
355,"((15, 8), (False, False, False, False))","((15, 9), (False, False, False, False))",South,"[((15, 9), (False, False, False, False)), ((16, 8), (False, False, False, False))]","[((15, 8), (False, False, False, False)), ((13, 5), (True, False, False, False)), ((16, 3), (True, False, False, False)), ((6, 2), (True, True, False, False)), ((2, 6), (True, True, False, False)), ((23, 4), (False, False, False, False)), ((11, 4), (False, True, False, False)), ((12, 6), (True, True, False, False)), ((18, 5), (True, True, False, False)), ((26, 5), (False, False, False, False))]","[((13, 5), (True, False, False, False)), ((16, 8), (False, False, False, False)), ((16, 3), (True, False, False, False)), ((6, 2), (True, True, False, False)), ((2, 6), (True, True, False, False)), ((23, 4), (False, False, False, False)), ((11, 4), (False, True, False, False)), ((12, 6), (True, True, False, False)), ((18, 5), (True, True, False, False)), ((26, 5), (False, False, False, False))]",355 items,25.0,66.0,91.0
356,"((13, 5), (True, False, False, False))","((13, 4), (True, False, False, False))",North,"[((13, 6), (True, False, False, False)), ((13, 4), (True, False, False, False))]","[((13, 5), (True, False, False, False)), ((16, 8), (False, False, False, False)), ((16, 3), (True, False, False, False)), ((6, 2), (True, True, False, False)), ((2, 6), (True, True, False, False)), ((23, 4), (False, False, False, False)), ((11, 4), (False, True, False, False)), ((12, 6), (True, True, False, False)), ((18, 5), (True, True, False, False)), ((26, 5), (False, False, False, False))]","[((16, 3), (True, False, False, False)), ((16, 8), (False, False, False, False)), ((11, 4), (False, True, False, False)), ((6, 2), (True, True, False, False)), ((13, 6), (True, False, False, False)), ((23, 4), (False, False, False, False)), ((26, 5), (False, False, False, False)), ((12, 6), (True, True, False, False)), ((18, 5), (True, True, False, False)), ((2, 6), (True, True, False, False))]",356 items,34.0,57.0,91.0
357,"((16, 3), (True, False, False, False))","((16, 2), (True, False, False, False))",North,"[((16, 4), (True, False, False, False)), ((16, 2), (True, False, False, False))]","[((16, 3), (True, False, False, False)), ((16, 8), (False, False, False, False)), ((11, 4), (False, True, False, False)), ((6, 2), (True, True, False, False)), ((13, 6), (True, False, False, False)), ((23, 4), (False, False, False, False)), ((26, 5), (False, False, False, False)), ((12, 6), (True, True, False, False)), ((18, 5), (True, True, False, False)), ((2, 6), (True, True, False, False))]","[((16, 8), (False, False, False, False)), ((13, 6), (True, False, False, False)), ((11, 4), (False, True, False, False)), ((6, 2), (True, True, False, False)), ((2, 6), (True, True, False, False)), ((23, 4), (False, False, False, False)), ((26, 5), (False, False, False, False)), ((12, 6), (True, True, False, False)), ((18, 5), (True, True, False, False)), ((16, 4), (True, False, False, False))]",357 items,39.0,52.0,91.0
358,"((16, 8), (False, False, False, False))","((15, 8), (False, False, False, False))",East,"[((17, 8), (False, False, False, False)), ((15, 8), (False, False, False, False))]","[((16, 8), (False, False, False, False)), ((13, 6), (True, False, False, False)), ((11, 4), (False, True, False, False)), ((6, 2), (True, True, False, False)), ((2, 6), (True, True, False, False)), ((23, 4), (False, False, False, False)), ((26, 5), (False, False, False, False)), ((12, 6), (True, True, False, False)), ((18, 5), (True, True, False, False)), ((16, 4), (True, False, False, False))]","[((13, 6), (True, False, False, False)), ((17, 8), (False, False, False, False)), ((11, 4), (False, True, False, False)), ((6, 2), (True, True, False, False)), ((2, 6), (True, True, False, False)), ((23, 4), (False, False, False, False)), ((26, 5), (False, False, False, False)), ((12, 6), (True, True, False, False)), ((18, 5), (True, True, False, False)), ((16, 4), (True, False, False, False))]",358 items,26.0,65.0,91.0
359,"((13, 6), (True, False, False, False))","((13, 5), (True, False, False, False))",North,"[((13, 5), (True, False, False, False)), ((12, 6), (True, False, False, False))]","[((13, 6), (True, False, False, False)), ((17, 8), (False, False, False, False)), ((11, 4), (False, True, False, False)), ((6, 2), (True, True, False, False)), ((2, 6), (True, True, False, False)), ((23, 4), (False, False, False, False)), ((26, 5), (False, False, False, False)), ((12, 6), (True, True, False, False)), ((18, 5), (True, True, False, False)), ((16, 4), (True, False, False, False))]","[((17, 8), (False, False, False, False)), ((12, 6), (True, False, False, False)), ((11, 4), (False, True, False, False)), ((6, 2), (True, True, False, False)), ((2, 6), (True, True, False, False)), ((23, 4), (False, False, False, False)), ((26, 5), (False, False, False, False)), ((12, 6), (True, True, False, False)), ((18, 5), (True, True, False, False)), ((16, 4), (True, False, False, False))]",359 items,35.0,56.0,91.0
360,"((17, 8), (False, False, False, False))","((16, 8), (False, False, False, False))",East,"[((18, 8), (False, False, False, False)), ((16, 8), (False, False, False, False))]","[((17, 8), (False, False, False, False)), ((12, 6), (True, False, False, False)), ((11, 4), (False, True, False, False)), ((6, 2), (True, True, False, False)), ((2, 6), (True, True, False, False)), ((23, 4), (False, False, False, False)), ((26, 5), (False, False, False, False)), ((12, 6), (True, True, False, False)), ((18, 5), (True, True, False, False)), ((16, 4), (True, False, False, False))]","[((12, 6), (True, False, False, False)), ((18, 8), (False, False, False, False)), ((11, 4), (False, True, False, False)), ((6, 2), (True, True, False, False)), ((2, 6), (True, True, False, False)), ((23, 4), (False, False, False, False)), ((26, 5), (False, False, False, False)), ((12, 6), (True, True, False, False)), ((18, 5), (True, True, False, False)), ((16, 4), (True, False, False, False))]",360 items,27.0,64.0,91.0
361,"((12, 6), (True, False, False, False))","((13, 6), (True, False, False, False))",West,"[((13, 6), (True, False, False, False)), ((11, 6), (True, False, False, False))]","[((12, 6), (True, False, False, False)), ((18, 8), (False, False, False, False)), ((11, 4), (False, True, False, False)), ((6, 2), (True, True, False, False)), ((2, 6), (True, True, False, False)), ((23, 4), (False, False, False, False)), ((26, 5), (False, False, False, False)), ((12, 6), (True, True, False, False)), ((18, 5), (True, True, False, False)), ((16, 4), (True, False, False, False))]","[((18, 8), (False, False, False, False)), ((11, 6), (True, False, False, False)), ((11, 4), (False, True, False, False)), ((6, 2), (True, True, False, False)), ((2, 6), (True, True, False, False)), ((23, 4), (False, False, False, False)), ((26, 5), (False, False, False, False)), ((12, 6), (True, True, False, False)), ((18, 5), (True, True, False, False)), ((16, 4), (True, False, False, False))]",361 items,36.0,55.0,91.0
362,"((18, 8), (False, False, False, False))","((17, 8), (False, False, False, False))",East,"[((18, 9), (False, False, False, False)), ((17, 8), (False, False, False, False))]","[((18, 8), (False, False, False, False)), ((11, 6), (True, False, False, False)), ((11, 4), (False, True, False, False)), ((6, 2), (True, True, False, False)), ((2, 6), (True, True, False, False)), ((23, 4), (False, False, False, False)), ((26, 5), (False, False, False, False)), ((12, 6), (True, True, False, False)), ((18, 5), (True, True, False, False)), ((16, 4), (True, False, False, False))]","[((11, 6), (True, False, False, False)), ((18, 9), (False, False, False, False)), ((11, 4), (False, True, False, False)), ((6, 2), (True, True, False, False)), ((2, 6), (True, True, False, False)), ((23, 4), (False, False, False, False)), ((26, 5), (False, False, False, False)), ((12, 6), (True, True, False, False)), ((18, 5), (True, True, False, False)), ((16, 4), (True, False, False, False))]",362 items,28.0,63.0,91.0
363,"((11, 6), (True, False, False, False))","((12, 6), (True, False, False, False))",West,"[((11, 7), (True, False, False, False)), ((12, 6), (True, False, False, False)), ((10, 6), (True, False, False, False))]","[((11, 6), (True, False, False, False)), ((18, 9), (False, False, False, False)), ((11, 4), (False, True, False, False)), ((6, 2), (True, True, False, False)), ((2, 6), (True, True, False, False)), ((23, 4), (False, False, False, False)), ((26, 5), (False, False, False, False)), ((12, 6), (True, True, False, False)), ((18, 5), (True, True, False, False)), ((16, 4), (True, False, False, False))]","[((18, 9), (False, False, False, False)), ((11, 7), (True, False, False, False)), ((11, 4), (False, True, False, False)), ((6, 2), (True, True, False, False)), ((10, 6), (True, False, False, False)), ((23, 4), (False, False, False, False)), ((26, 5), (False, False, False, False)), ((12, 6), (True, True, False, False)), ((18, 5), (True, True, False, False)), ((16, 4), (True, False, False, False)), ((2, 6), (True, True, False, False))]",363 items,37.0,54.0,91.0
364,"((18, 9), (False, False, False, False))","((18, 8), (False, False, False, False))",North,"[((18, 10), (False, False, False, False)), ((18, 8), (False, False, False, False))]","[((18, 9), (False, False, False, False)), ((11, 7), (True, False, False, False)), ((11, 4), (False, True, False, False)), ((6, 2), (True, True, False, False)), ((10, 6), (True, False, False, False)), ((23, 4), (False, False, False, False)), ((26, 5), (False, False, False, False)), ((12, 6), (True, True, False, False)), ((18, 5), (True, True, False, False)), ((16, 4), (True, False, False, False)), ((2, 6), (True, True, False, False))]","[((11, 7), (True, False, False, False)), ((10, 6), (True, False, False, False)), ((11, 4), (False, True, False, False)), ((6, 2), (True, True, False, False)), ((18, 10), (False, False, False, False)), ((23, 4), (False, False, False, False)), ((26, 5), (False, False, False, False)), ((12, 6), (True, True, False, False)), ((18, 5), (True, True, False, False)), ((16, 4), (True, False, False, False)), ((2, 6), (True, True, False, False))]",364 items,29.0,62.0,91.0
365,"((11, 7), (True, False, False, False))","((11, 6), (True, False, False, False))",North,"[((11, 8), (True, False, False, False)), ((11, 6), (True, False, False, False))]","[((11, 7), (True, False, False, False)), ((10, 6), (True, False, False, False)), ((11, 4), (False, True, False, False)), ((6, 2), (True, True, False, False)), ((18, 10), (False, False, False, False)), ((23, 4), (False, False, False, False)), ((26, 5), (False, False, False, False)), ((12, 6), (True, True, False, False)), ((18, 5), (True, True, False, False)), ((16, 4), (True, False, False, False)), ((2, 6), (True, True, False, False))]","[((10, 6), (True, False, False, False)), ((18, 10), (False, False, False, False)), ((11, 4), (False, True, False, False)), ((6, 2), (True, True, False, False)), ((11, 8), (True, False, False, False)), ((23, 4), (False, False, False, False)), ((26, 5), (False, False, False, False)), ((12, 6), (True, True, False, False)), ((18, 5), (True, True, False, False)), ((16, 4), (True, False, False, False)), ((2, 6), (True, True, False, False))]",365 items,38.0,53.0,91.0
366,"((10, 6), (True, False, False, False))","((11, 6), (True, False, False, False))",West,"[((11, 6), (True, False, False, False)), ((9, 6), (True, False, False, False))]","[((10, 6), (True, False, False, False)), ((18, 10), (False, False, False, False)), ((11, 4), (False, True, False, False)), ((6, 2), (True, True, False, False)), ((11, 8), (True, False, False, False)), ((23, 4), (False, False, False, False)), ((26, 5), (False, False, False, False)), ((12, 6), (True, True, False, False)), ((18, 5), (True, True, False, False)), ((16, 4), (True, False, False, False)), ((2, 6), (True, True, False, False))]","[((18, 10), (False, False, False, False)), ((11, 8), (True, False, False, False)), ((11, 4), (False, True, False, False)), ((6, 2), (True, True, False, False)), ((9, 6), (True, False, False, False)), ((23, 4), (False, False, False, False)), ((26, 5), (False, False, False, False)), ((12, 6), (True, True, False, False)), ((18, 5), (True, True, False, False)), ((16, 4), (True, False, False, False)), ((2, 6), (True, True, False, False))]",366 items,38.0,53.0,91.0
367,"((18, 10), (False, False, False, False))","((18, 9), (False, False, False, False))",North,"[((18, 11), (False, False, False, False)), ((18, 9), (False, False, False, False)), ((19, 10), (False, False, False, False))]","[((18, 10), (False, False, False, False)), ((11, 8), (True, False, False, False)), ((11, 4), (False, True, False, False)), ((6, 2), (True, True, False, False)), ((9, 6), (True, False, False, False)), ((23, 4), (False, False, False, False)), ((26, 5), (False, False, False, False)), ((12, 6), (True, True, False, False)), ((18, 5), (True, True, False, False)), ((16, 4), (True, False, False, False)), ((2, 6), (True, True, False, False))]","[((11, 8), (True, False, False, False)), ((9, 6), (True, False, False, False)), ((19, 10), (False, False, False, False)), ((6, 2), (True, True, False, False)), ((18, 11), (False, False, False, False)), ((11, 4), (False, True, False, False)), ((26, 5), (False, False, False, False)), ((12, 6), (True, True, False, False)), ((18, 5), (True, True, False, False)), ((16, 4), (True, False, False, False)), ((2, 6), (True, True, False, False)), ((23, 4), (False, False, False, False))]",367 items,30.0,61.0,91.0
368,"((11, 8), (True, False, False, False))","((11, 7), (True, False, False, False))",North,"[((11, 9), (True, False, False, False)), ((11, 7), (True, False, False, False)), ((12, 8), (True, False, False, False))]","[((11, 8), (True, False, False, False)), ((9, 6), (True, False, False, False)), ((19, 10), (False, False, False, False)), ((6, 2), (True, True, False, False)), ((18, 11), (False, False, False, False)), ((11, 4), (False, True, False, False)), ((26, 5), (False, False, False, False)), ((12, 6), (True, True, False, False)), ((18, 5), (True, True, False, False)), ((16, 4), (True, False, False, False)), ((2, 6), (True, True, False, False)), ((23, 4), (False, False, False, False))]","[((9, 6), (True, False, False, False)), ((18, 11), (False, False, False, False)), ((19, 10), (False, False, False, False)), ((6, 2), (True, True, False, False)), ((2, 6), (True, True, False, False)), ((11, 9), (True, False, False, False)), ((26, 5), (False, False, False, False)), ((12, 6), (True, True, False, False)), ((18, 5), (True, True, False, False)), ((16, 4), (True, False, False, False)), ((23, 4), (False, False, False, False)), ((11, 4), (False, True, False, False)), ((12, 8), (True, False, False, False))]",368 items,39.0,52.0,91.0
369,"((9, 6), (True, False, False, False))","((10, 6), (True, False, False, False))",West,"[((9, 7), (True, False, False, False)), ((10, 6), (True, False, False, False))]","[((9, 6), (True, False, False, False)), ((18, 11), (False, False, False, False)), ((19, 10), (False, False, False, False)), ((6, 2), (True, True, False, False)), ((2, 6), (True, True, False, False)), ((11, 9), (True, False, False, False)), ((26, 5), (False, False, False, False)), ((12, 6), (True, True, False, False)), ((18, 5), (True, True, False, False)), ((16, 4), (True, False, False, False)), ((23, 4), (False, False, False, False)), ((11, 4), (False, True, False, False)), ((12, 8), (True, False, False, False))]","[((18, 11), (False, False, False, False)), ((2, 6), (True, True, False, False)), ((19, 10), (False, False, False, False)), ((6, 2), (True, True, False, False)), ((23, 4), (False, False, False, False)), ((11, 9), (True, False, False, False)), ((26, 5), (False, False, False, False)), ((12, 6), (True, True, False, False)), ((18, 5), (True, True, False, False)), ((16, 4), (True, False, False, False)), ((12, 8), (True, False, False, False)), ((11, 4), (False, True, False, False)), ((9, 7), (True, False, False, False))]",369 items,39.0,52.0,91.0
370,"((18, 11), (False, False, False, False))","((18, 10), (False, False, False, False))",North,"[((18, 12), (False, False, False, False)), ((18, 10), (False, False, False, False))]","[((18, 11), (False, False, False, False)), ((2, 6), (True, True, False, False)), ((19, 10), (False, False, False, False)), ((6, 2), (True, True, False, False)), ((23, 4), (False, False, False, False)), ((11, 9), (True, False, False, False)), ((26, 5), (False, False, False, False)), ((12, 6), (True, True, False, False)), ((18, 5), (True, True, False, False)), ((16, 4), (True, False, False, False)), ((12, 8), (True, False, False, False)), ((11, 4), (False, True, False, False)), ((9, 7), (True, False, False, False))]","[((19, 10), (False, False, False, False)), ((2, 6), (True, True, False, False)), ((11, 9), (True, False, False, False)), ((6, 2), (True, True, False, False)), ((23, 4), (False, False, False, False)), ((9, 7), (True, False, False, False)), ((26, 5), (False, False, False, False)), ((12, 6), (True, True, False, False)), ((18, 5), (True, True, False, False)), ((16, 4), (True, False, False, False)), ((12, 8), (True, False, False, False)), ((11, 4), (False, True, False, False)), ((18, 12), (False, False, False, False))]",370 items,31.0,60.0,91.0
371,"((19, 10), (False, False, False, False))","((18, 10), (False, False, False, False))",East,"[((20, 10), (False, False, False, False)), ((18, 10), (False, False, False, False))]","[((19, 10), (False, False, False, False)), ((2, 6), (True, True, False, False)), ((11, 9), (True, False, False, False)), ((6, 2), (True, True, False, False)), ((23, 4), (False, False, False, False)), ((9, 7), (True, False, False, False)), ((26, 5), (False, False, False, False)), ((12, 6), (True, True, False, False)), ((18, 5), (True, True, False, False)), ((16, 4), (True, False, False, False)), ((12, 8), (True, False, False, False)), ((11, 4), (False, True, False, False)), ((18, 12), (False, False, False, False))]","[((11, 9), (True, False, False, False)), ((2, 6), (True, True, False, False)), ((9, 7), (True, False, False, False)), ((6, 2), (True, True, False, False)), ((23, 4), (False, False, False, False)), ((18, 12), (False, False, False, False)), ((26, 5), (False, False, False, False)), ((12, 6), (True, True, False, False)), ((18, 5), (True, True, False, False)), ((16, 4), (True, False, False, False)), ((12, 8), (True, False, False, False)), ((11, 4), (False, True, False, False)), ((20, 10), (False, False, False, False))]",371 items,31.0,60.0,91.0
372,"((11, 9), (True, False, False, False))","((11, 8), (True, False, False, False))",North,"[((11, 10), (True, False, False, False)), ((11, 8), (True, False, False, False))]","[((11, 9), (True, False, False, False)), ((2, 6), (True, True, False, False)), ((9, 7), (True, False, False, False)), ((6, 2), (True, True, False, False)), ((23, 4), (False, False, False, False)), ((18, 12), (False, False, False, False)), ((26, 5), (False, False, False, False)), ((12, 6), (True, True, False, False)), ((18, 5), (True, True, False, False)), ((16, 4), (True, False, False, False)), ((12, 8), (True, False, False, False)), ((11, 4), (False, True, False, False)), ((20, 10), (False, False, False, False))]","[((9, 7), (True, False, False, False)), ((2, 6), (True, True, False, False)), ((18, 12), (False, False, False, False)), ((6, 2), (True, True, False, False)), ((23, 4), (False, False, False, False)), ((20, 10), (False, False, False, False)), ((26, 5), (False, False, False, False)), ((12, 6), (True, True, False, False)), ((18, 5), (True, True, False, False)), ((16, 4), (True, False, False, False)), ((12, 8), (True, False, False, False)), ((11, 4), (False, True, False, False)), ((11, 10), (True, False, False, False))]",372 items,40.0,51.0,91.0
373,"((9, 7), (True, False, False, False))","((9, 6), (True, False, False, False))",North,"[((9, 8), (True, False, False, False)), ((9, 6), (True, False, False, False))]","[((9, 7), (True, False, False, False)), ((2, 6), (True, True, False, False)), ((18, 12), (False, False, False, False)), ((6, 2), (True, True, False, False)), ((23, 4), (False, False, False, False)), ((20, 10), (False, False, False, False)), ((26, 5), (False, False, False, False)), ((12, 6), (True, True, False, False)), ((18, 5), (True, True, False, False)), ((16, 4), (True, False, False, False)), ((12, 8), (True, False, False, False)), ((11, 4), (False, True, False, False)), ((11, 10), (True, False, False, False))]","[((18, 12), (False, False, False, False)), ((2, 6), (True, True, False, False)), ((20, 10), (False, False, False, False)), ((6, 2), (True, True, False, False)), ((23, 4), (False, False, False, False)), ((11, 10), (True, False, False, False)), ((26, 5), (False, False, False, False)), ((12, 6), (True, True, False, False)), ((18, 5), (True, True, False, False)), ((16, 4), (True, False, False, False)), ((12, 8), (True, False, False, False)), ((11, 4), (False, True, False, False)), ((9, 8), (True, False, False, False))]",373 items,40.0,51.0,91.0
374,"((18, 12), (False, False, False, False))","((18, 11), (False, False, False, False))",North,"[((18, 11), (False, False, False, False)), ((19, 12), (False, False, False, False)), ((17, 12), (False, False, False, False))]","[((18, 12), (False, False, False, False)), ((2, 6), (True, True, False, False)), ((20, 10), (False, False, False, False)), ((6, 2), (True, True, False, False)), ((23, 4), (False, False, False, False)), ((11, 10), (True, False, False, False)), ((26, 5), (False, False, False, False)), ((12, 6), (True, True, False, False)), ((18, 5), (True, True, False, False)), ((16, 4), (True, False, False, False)), ((12, 8), (True, False, False, False)), ((11, 4), (False, True, False, False)), ((9, 8), (True, False, False, False))]","[((20, 10), (False, False, False, False)), ((2, 6), (True, True, False, False)), ((11, 10), (True, False, False, False)), ((6, 2), (True, True, False, False)), ((23, 4), (False, False, False, False)), ((9, 8), (True, False, False, False)), ((26, 5), (False, False, False, False)), ((12, 6), (True, True, False, False)), ((18, 5), (True, True, False, False)), ((16, 4), (True, False, False, False)), ((12, 8), (True, False, False, False)), ((11, 4), (False, True, False, False)), ((19, 12), (False, False, False, False)), ((17, 12), (False, False, False, False))]",374 items,32.0,59.0,91.0
375,"((20, 10), (False, False, False, False))","((19, 10), (False, False, False, False))",East,"[((21, 10), (False, False, False, False)), ((19, 10), (False, False, False, False))]","[((20, 10), (False, False, False, False)), ((2, 6), (True, True, False, False)), ((11, 10), (True, False, False, False)), ((6, 2), (True, True, False, False)), ((23, 4), (False, False, False, False)), ((9, 8), (True, False, False, False)), ((26, 5), (False, False, False, False)), ((12, 6), (True, True, False, False)), ((18, 5), (True, True, False, False)), ((16, 4), (True, False, False, False)), ((12, 8), (True, False, False, False)), ((11, 4), (False, True, False, False)), ((19, 12), (False, False, False, False)), ((17, 12), (False, False, False, False))]","[((11, 10), (True, False, False, False)), ((2, 6), (True, True, False, False)), ((9, 8), (True, False, False, False)), ((6, 2), (True, True, False, False)), ((23, 4), (False, False, False, False)), ((19, 12), (False, False, False, False)), ((21, 10), (False, False, False, False)), ((12, 6), (True, True, False, False)), ((18, 5), (True, True, False, False)), ((16, 4), (True, False, False, False)), ((12, 8), (True, False, False, False)), ((11, 4), (False, True, False, False)), ((17, 12), (False, False, False, False)), ((26, 5), (False, False, False, False))]",375 items,32.0,59.0,91.0
376,"((11, 10), (True, False, False, False))","((11, 9), (True, False, False, False))",North,"[((11, 11), (True, False, False, False)), ((11, 9), (True, False, False, False)), ((12, 10), (True, False, False, False)), ((10, 10), (True, False, False, False))]","[((11, 10), (True, False, False, False)), ((2, 6), (True, True, False, False)), ((9, 8), (True, False, False, False)), ((6, 2), (True, True, False, False)), ((23, 4), (False, False, False, False)), ((19, 12), (False, False, False, False)), ((21, 10), (False, False, False, False)), ((12, 6), (True, True, False, False)), ((18, 5), (True, True, False, False)), ((16, 4), (True, False, False, False)), ((12, 8), (True, False, False, False)), ((11, 4), (False, True, False, False)), ((17, 12), (False, False, False, False)), ((26, 5), (False, False, False, False))]",16 items,376 items,41.0,50.0,91.0
377,"((9, 8), (True, False, False, False))","((9, 7), (True, False, False, False))",North,"[((9, 7), (True, False, False, False))]",16 items,"[((19, 12), (False, False, False, False)), ((10, 10), (True, False, False, False)), ((21, 10), (False, False, False, False)), ((2, 6), (True, True, False, False)), ((23, 4), (False, False, False, False)), ((11, 4), (False, True, False, False)), ((11, 11), (True, False, False, False)), ((6, 2), (True, True, False, False)), ((18, 5), (True, True, False, False)), ((16, 4), (True, False, False, False)), ((12, 8), (True, False, False, False)), ((26, 5), (False, False, False, False)), ((17, 12), (False, False, False, False)), ((12, 6), (True, True, False, False)), ((12, 10), (True, False, False, False))]",377 items,41.0,50.0,91.0
378,"((19, 12), (False, False, False, False))","((18, 12), (False, False, False, False))",East,"[((20, 12), (False, False, False, False)), ((18, 12), (False, False, False, False))]","[((19, 12), (False, False, False, False)), ((10, 10), (True, False, False, False)), ((21, 10), (False, False, False, False)), ((2, 6), (True, True, False, False)), ((23, 4), (False, False, False, False)), ((11, 4), (False, True, False, False)), ((11, 11), (True, False, False, False)), ((6, 2), (True, True, False, False)), ((18, 5), (True, True, False, False)), ((16, 4), (True, False, False, False)), ((12, 8), (True, False, False, False)), ((26, 5), (False, False, False, False)), ((17, 12), (False, False, False, False)), ((12, 6), (True, True, False, False)), ((12, 10), (True, False, False, False))]","[((21, 10), (False, False, False, False)), ((10, 10), (True, False, False, False)), ((11, 11), (True, False, False, False)), ((2, 6), (True, True, False, False)), ((23, 4), (False, False, False, False)), ((11, 4), (False, True, False, False)), ((20, 12), (False, False, False, False)), ((6, 2), (True, True, False, False)), ((18, 5), (True, True, False, False)), ((16, 4), (True, False, False, False)), ((12, 8), (True, False, False, False)), ((26, 5), (False, False, False, False)), ((17, 12), (False, False, False, False)), ((12, 10), (True, False, False, False)), ((12, 6), (True, True, False, False))]",378 items,33.0,58.0,91.0
379,"((21, 10), (False, False, False, False))","((20, 10), (False, False, False, False))",East,"[((22, 10), (False, False, False, False)), ((20, 10), (False, False, False, False))]","[((21, 10), (False, False, False, False)), ((10, 10), (True, False, False, False)), ((11, 11), (True, False, False, False)), ((2, 6), (True, True, False, False)), ((23, 4), (False, False, False, False)), ((11, 4), (False, True, False, False)), ((20, 12), (False, False, False, False)), ((6, 2), (True, True, False, False)), ((18, 5), (True, True, False, False)), ((16, 4), (True, False, False, False)), ((12, 8), (True, False, False, False)), ((26, 5), (False, False, False, False)), ((17, 12), (False, False, False, False)), ((12, 10), (True, False, False, False)), ((12, 6), (True, True, False, False))]","[((11, 11), (True, False, False, False)), ((10, 10), (True, False, False, False)), ((20, 12), (False, False, False, False)), ((2, 6), (True, True, False, False)), ((23, 4), (False, False, False, False)), ((11, 4), (False, True, False, False)), ((22, 10), (False, False, False, False)), ((6, 2), (True, True, False, False)), ((18, 5), (True, True, False, False)), ((16, 4), (True, False, False, False)), ((12, 8), (True, False, False, False)), ((26, 5), (False, False, False, False)), ((17, 12), (False, False, False, False)), ((12, 10), (True, False, False, False)), ((12, 6), (True, True, False, False))]",379 items,33.0,58.0,91.0
380,"((11, 11), (True, False, False, False))","((11, 10), (True, False, False, False))",North,"[((11, 12), (True, False, False, False)), ((11, 10), (True, False, False, False))]","[((11, 11), (True, False, False, False)), ((10, 10), (True, False, False, False)), ((20, 12), (False, False, False, False)), ((2, 6), (True, True, False, False)), ((23, 4), (False, False, False, False)), ((11, 4), (False, True, False, False)), ((22, 10), (False, False, False, False)), ((6, 2), (True, True, False, False)), ((18, 5), (True, True, False, False)), ((16, 4), (True, False, False, False)), ((12, 8), (True, False, False, False)), ((26, 5), (False, False, False, False)), ((17, 12), (False, False, False, False)), ((12, 10), (True, False, False, False)), ((12, 6), (True, True, False, False))]","[((10, 10), (True, False, False, False)), ((2, 6), (True, True, False, False)), ((20, 12), (False, False, False, False)), ((6, 2), (True, True, False, False)), ((23, 4), (False, False, False, False)), ((11, 4), (False, True, False, False)), ((22, 10), (False, False, False, False)), ((12, 6), (True, True, False, False)), ((18, 5), (True, True, False, False)), ((16, 4), (True, False, False, False)), ((12, 8), (True, False, False, False)), ((26, 5), (False, False, False, False)), ((17, 12), (False, False, False, False)), ((12, 10), (True, False, False, False)), ((11, 12), (True, False, False, False))]",380 items,42.0,49.0,91.0
381,"((10, 10), (True, False, False, False))","((11, 10), (True, False, False, False))",West,"[((11, 10), (True, False, False, False)), ((9, 10), (True, False, False, False))]","[((10, 10), (True, False, False, False)), ((2, 6), (True, True, False, False)), ((20, 12), (False, False, False, False)), ((6, 2), (True, True, False, False)), ((23, 4), (False, False, False, False)), ((11, 4), (False, True, False, False)), ((22, 10), (False, False, False, False)), ((12, 6), (True, True, False, False)), ((18, 5), (True, True, False, False)), ((16, 4), (True, False, False, False)), ((12, 8), (True, False, False, False)), ((26, 5), (False, False, False, False)), ((17, 12), (False, False, False, False)), ((12, 10), (True, False, False, False)), ((11, 12), (True, False, False, False))]","[((20, 12), (False, False, False, False)), ((2, 6), (True, True, False, False)), ((22, 10), (False, False, False, False)), ((6, 2), (True, True, False, False)), ((23, 4), (False, False, False, False)), ((11, 4), (False, True, False, False)), ((11, 12), (True, False, False, False)), ((12, 6), (True, True, False, False)), ((18, 5), (True, True, False, False)), ((16, 4), (True, False, False, False)), ((12, 8), (True, False, False, False)), ((26, 5), (False, False, False, False)), ((17, 12), (False, False, False, False)), ((12, 10), (True, False, False, False)), ((9, 10), (True, False, False, False))]",381 items,42.0,49.0,91.0
382,"((20, 12), (False, False, False, False))","((19, 12), (False, False, False, False))",East,"[((21, 12), (False, False, False, False)), ((19, 12), (False, False, False, False))]","[((20, 12), (False, False, False, False)), ((2, 6), (True, True, False, False)), ((22, 10), (False, False, False, False)), ((6, 2), (True, True, False, False)), ((23, 4), (False, False, False, False)), ((11, 4), (False, True, False, False)), ((11, 12), (True, False, False, False)), ((12, 6), (True, True, False, False)), ((18, 5), (True, True, False, False)), ((16, 4), (True, False, False, False)), ((12, 8), (True, False, False, False)), ((26, 5), (False, False, False, False)), ((17, 12), (False, False, False, False)), ((12, 10), (True, False, False, False)), ((9, 10), (True, False, False, False))]","[((22, 10), (False, False, False, False)), ((2, 6), (True, True, False, False)), ((11, 12), (True, False, False, False)), ((6, 2), (True, True, False, False)), ((23, 4), (False, False, False, False)), ((11, 4), (False, True, False, False)), ((9, 10), (True, False, False, False)), ((12, 6), (True, True, False, False)), ((18, 5), (True, True, False, False)), ((16, 4), (True, False, False, False)), ((12, 8), (True, False, False, False)), ((26, 5), (False, False, False, False)), ((17, 12), (False, False, False, False)), ((12, 10), (True, False, False, False)), ((21, 12), (False, False, False, False))]",382 items,34.0,57.0,91.0
383,"((22, 10), (False, False, False, False))","((21, 10), (False, False, False, False))",East,"[((21, 10), (False, False, False, False))]","[((22, 10), (False, False, False, False)), ((2, 6), (True, True, False, False)), ((11, 12), (True, False, False, False)), ((6, 2), (True, True, False, False)), ((23, 4), (False, False, False, False)), ((11, 4), (False, True, False, False)), ((9, 10), (True, False, False, False)), ((12, 6), (True, True, False, False)), ((18, 5), (True, True, False, False)), ((16, 4), (True, False, False, False)), ((12, 8), (True, False, False, False)), ((26, 5), (False, False, False, False)), ((17, 12), (False, False, False, False)), ((12, 10), (True, False, False, False)), ((21, 12), (False, False, False, False))]","[((11, 12), (True, False, False, False)), ((2, 6), (True, True, False, False)), ((9, 10), (True, False, False, False)), ((6, 2), (True, True, False, False)), ((23, 4), (False, False, False, False)), ((11, 4), (False, True, False, False)), ((21, 12), (False, False, False, False)), ((12, 6), (True, True, False, False)), ((18, 5), (True, True, False, False)), ((16, 4), (True, False, False, False)), ((12, 8), (True, False, False, False)), ((26, 5), (False, False, False, False)), ((17, 12), (False, False, False, False)), ((12, 10), (True, False, False, False))]",383 items,34.0,57.0,91.0
384,"((11, 12), (True, False, False, False))","((11, 11), (True, False, False, False))",North,"[((11, 11), (True, False, False, False))]","[((11, 12), (True, False, False, False)), ((2, 6), (True, True, False, False)), ((9, 10), (True, False, False, False)), ((6, 2), (True, True, False, False)), ((23, 4), (False, False, False, False)), ((11, 4), (False, True, False, False)), ((21, 12), (False, False, False, False)), ((12, 6), (True, True, False, False)), ((18, 5), (True, True, False, False)), ((16, 4), (True, False, False, False)), ((12, 8), (True, False, False, False)), ((26, 5), (False, False, False, False)), ((17, 12), (False, False, False, False)), ((12, 10), (True, False, False, False))]","[((9, 10), (True, False, False, False)), ((2, 6), (True, True, False, False)), ((21, 12), (False, False, False, False)), ((6, 2), (True, True, False, False)), ((23, 4), (False, False, False, False)), ((11, 4), (False, True, False, False)), ((12, 10), (True, False, False, False)), ((12, 6), (True, True, False, False)), ((18, 5), (True, True, False, False)), ((16, 4), (True, False, False, False)), ((12, 8), (True, False, False, False)), ((26, 5), (False, False, False, False)), ((17, 12), (False, False, False, False))]",384 items,43.0,48.0,91.0
385,"((9, 10), (True, False, False, False))","((10, 10), (True, False, False, False))",West,"[((9, 11), (True, False, False, False)), ((10, 10), (True, False, False, False))]","[((9, 10), (True, False, False, False)), ((2, 6), (True, True, False, False)), ((21, 12), (False, False, False, False)), ((6, 2), (True, True, False, False)), ((23, 4), (False, False, False, False)), ((11, 4), (False, True, False, False)), ((12, 10), (True, False, False, False)), ((12, 6), (True, True, False, False)), ((18, 5), (True, True, False, False)), ((16, 4), (True, False, False, False)), ((12, 8), (True, False, False, False)), ((26, 5), (False, False, False, False)), ((17, 12), (False, False, False, False))]","[((21, 12), (False, False, False, False)), ((2, 6), (True, True, False, False)), ((9, 11), (True, False, False, False)), ((6, 2), (True, True, False, False)), ((23, 4), (False, False, False, False)), ((11, 4), (False, True, False, False)), ((12, 10), (True, False, False, False)), ((12, 6), (True, True, False, False)), ((18, 5), (True, True, False, False)), ((16, 4), (True, False, False, False)), ((12, 8), (True, False, False, False)), ((17, 12), (False, False, False, False)), ((26, 5), (False, False, False, False))]",385 items,43.0,48.0,91.0
386,"((21, 12), (False, False, False, False))","((20, 12), (False, False, False, False))",East,"[((22, 12), (False, False, False, False)), ((20, 12), (False, False, False, False))]","[((21, 12), (False, False, False, False)), ((2, 6), (True, True, False, False)), ((9, 11), (True, False, False, False)), ((6, 2), (True, True, False, False)), ((23, 4), (False, False, False, False)), ((11, 4), (False, True, False, False)), ((12, 10), (True, False, False, False)), ((12, 6), (True, True, False, False)), ((18, 5), (True, True, False, False)), ((16, 4), (True, False, False, False)), ((12, 8), (True, False, False, False)), ((17, 12), (False, False, False, False)), ((26, 5), (False, False, False, False))]","[((9, 11), (True, False, False, False)), ((2, 6), (True, True, False, False)), ((22, 12), (False, False, False, False)), ((6, 2), (True, True, False, False)), ((23, 4), (False, False, False, False)), ((11, 4), (False, True, False, False)), ((12, 10), (True, False, False, False)), ((12, 6), (True, True, False, False)), ((18, 5), (True, True, False, False)), ((16, 4), (True, False, False, False)), ((12, 8), (True, False, False, False)), ((17, 12), (False, False, False, False)), ((26, 5), (False, False, False, False))]",386 items,35.0,56.0,91.0
387,"((9, 11), (True, False, False, False))","((9, 10), (True, False, False, False))",North,"[((9, 12), (True, False, False, False)), ((9, 10), (True, False, False, False))]","[((9, 11), (True, False, False, False)), ((2, 6), (True, True, False, False)), ((22, 12), (False, False, False, False)), ((6, 2), (True, True, False, False)), ((23, 4), (False, False, False, False)), ((11, 4), (False, True, False, False)), ((12, 10), (True, False, False, False)), ((12, 6), (True, True, False, False)), ((18, 5), (True, True, False, False)), ((16, 4), (True, False, False, False)), ((12, 8), (True, False, False, False)), ((17, 12), (False, False, False, False)), ((26, 5), (False, False, False, False))]","[((22, 12), (False, False, False, False)), ((2, 6), (True, True, False, False)), ((9, 12), (True, False, False, False)), ((6, 2), (True, True, False, False)), ((23, 4), (False, False, False, False)), ((11, 4), (False, True, False, False)), ((12, 10), (True, False, False, False)), ((12, 6), (True, True, False, False)), ((18, 5), (True, True, False, False)), ((16, 4), (True, False, False, False)), ((12, 8), (True, False, False, False)), ((17, 12), (False, False, False, False)), ((26, 5), (False, False, False, False))]",387 items,44.0,47.0,91.0
388,"((22, 12), (False, False, False, False))","((21, 12), (False, False, False, False))",East,"[((23, 12), (False, False, False, False)), ((21, 12), (False, False, False, False))]","[((22, 12), (False, False, False, False)), ((2, 6), (True, True, False, False)), ((9, 12), (True, False, False, False)), ((6, 2), (True, True, False, False)), ((23, 4), (False, False, False, False)), ((11, 4), (False, True, False, False)), ((12, 10), (True, False, False, False)), ((12, 6), (True, True, False, False)), ((18, 5), (True, True, False, False)), ((16, 4), (True, False, False, False)), ((12, 8), (True, False, False, False)), ((17, 12), (False, False, False, False)), ((26, 5), (False, False, False, False))]","[((9, 12), (True, False, False, False)), ((2, 6), (True, True, False, False)), ((23, 12), (False, False, False, False)), ((6, 2), (True, True, False, False)), ((23, 4), (False, False, False, False)), ((11, 4), (False, True, False, False)), ((12, 10), (True, False, False, False)), ((12, 6), (True, True, False, False)), ((18, 5), (True, True, False, False)), ((16, 4), (True, False, False, False)), ((12, 8), (True, False, False, False)), ((17, 12), (False, False, False, False)), ((26, 5), (False, False, False, False))]",388 items,36.0,55.0,91.0
389,"((9, 12), (True, False, False, False))","((9, 11), (True, False, False, False))",North,"[((9, 11), (True, False, False, False))]","[((9, 12), (True, False, False, False)), ((2, 6), (True, True, False, False)), ((23, 12), (False, False, False, False)), ((6, 2), (True, True, False, False)), ((23, 4), (False, False, False, False)), ((11, 4), (False, True, False, False)), ((12, 10), (True, False, False, False)), ((12, 6), (True, True, False, False)), ((18, 5), (True, True, False, False)), ((16, 4), (True, False, False, False)), ((12, 8), (True, False, False, False)), ((17, 12), (False, False, False, False)), ((26, 5), (False, False, False, False))]","[((23, 12), (False, False, False, False)), ((2, 6), (True, True, False, False)), ((11, 4), (False, True, False, False)), ((6, 2), (True, True, False, False)), ((23, 4), (False, False, False, False)), ((26, 5), (False, False, False, False)), ((12, 10), (True, False, False, False)), ((12, 6), (True, True, False, False)), ((18, 5), (True, True, False, False)), ((16, 4), (True, False, False, False)), ((12, 8), (True, False, False, False)), ((17, 12), (False, False, False, False))]",389 items,45.0,46.0,91.0
390,"((23, 12), (False, False, False, False))","((22, 12), (False, False, False, False))",East,"[((24, 12), (False, False, False, False)), ((22, 12), (False, False, False, False))]","[((23, 12), (False, False, False, False)), ((2, 6), (True, True, False, False)), ((11, 4), (False, True, False, False)), ((6, 2), (True, True, False, False)), ((23, 4), (False, False, False, False)), ((26, 5), (False, False, False, False)), ((12, 10), (True, False, False, False)), ((12, 6), (True, True, False, False)), ((18, 5), (True, True, False, False)), ((16, 4), (True, False, False, False)), ((12, 8), (True, False, False, False)), ((17, 12), (False, False, False, False))]","[((24, 12), (False, False, False, False)), ((2, 6), (True, True, False, False)), ((11, 4), (False, True, False, False)), ((6, 2), (True, True, False, False)), ((23, 4), (False, False, False, False)), ((26, 5), (False, False, False, False)), ((12, 10), (True, False, False, False)), ((12, 6), (True, True, False, False)), ((18, 5), (True, True, False, False)), ((16, 4), (True, False, False, False)), ((12, 8), (True, False, False, False)), ((17, 12), (False, False, False, False))]",390 items,37.0,54.0,91.0
391,"((24, 12), (False, False, False, False))","((23, 12), (False, False, False, False))",East,"[((25, 12), (False, False, False, False)), ((23, 12), (False, False, False, False))]","[((24, 12), (False, False, False, False)), ((2, 6), (True, True, False, False)), ((11, 4), (False, True, False, False)), ((6, 2), (True, True, False, False)), ((23, 4), (False, False, False, False)), ((26, 5), (False, False, False, False)), ((12, 10), (True, False, False, False)), ((12, 6), (True, True, False, False)), ((18, 5), (True, True, False, False)), ((16, 4), (True, False, False, False)), ((12, 8), (True, False, False, False)), ((17, 12), (False, False, False, False))]","[((25, 12), (False, False, False, False)), ((2, 6), (True, True, False, False)), ((11, 4), (False, True, False, False)), ((6, 2), (True, True, False, False)), ((23, 4), (False, False, False, False)), ((26, 5), (False, False, False, False)), ((12, 10), (True, False, False, False)), ((12, 6), (True, True, False, False)), ((18, 5), (True, True, False, False)), ((16, 4), (True, False, False, False)), ((12, 8), (True, False, False, False)), ((17, 12), (False, False, False, False))]",391 items,38.0,53.0,91.0
392,"((25, 12), (False, False, False, False))","((24, 12), (False, False, False, False))",East,"[((26, 12), (False, False, False, False)), ((24, 12), (False, False, False, False))]","[((25, 12), (False, False, False, False)), ((2, 6), (True, True, False, False)), ((11, 4), (False, True, False, False)), ((6, 2), (True, True, False, False)), ((23, 4), (False, False, False, False)), ((26, 5), (False, False, False, False)), ((12, 10), (True, False, False, False)), ((12, 6), (True, True, False, False)), ((18, 5), (True, True, False, False)), ((16, 4), (True, False, False, False)), ((12, 8), (True, False, False, False)), ((17, 12), (False, False, False, False))]","[((26, 12), (False, False, False, False)), ((2, 6), (True, True, False, False)), ((11, 4), (False, True, False, False)), ((6, 2), (True, True, False, False)), ((23, 4), (False, False, False, False)), ((26, 5), (False, False, False, False)), ((12, 10), (True, False, False, False)), ((12, 6), (True, True, False, False)), ((18, 5), (True, True, False, False)), ((16, 4), (True, False, False, False)), ((12, 8), (True, False, False, False)), ((17, 12), (False, False, False, False))]",392 items,39.0,52.0,91.0
393,"((26, 12), (False, False, False, False))","((25, 12), (False, False, False, False))",East,"[((26, 11), (False, False, False, False)), ((25, 12), (False, False, False, False))]","[((26, 12), (False, False, False, False)), ((2, 6), (True, True, False, False)), ((11, 4), (False, True, False, False)), ((6, 2), (True, True, False, False)), ((23, 4), (False, False, False, False)), ((26, 5), (False, False, False, False)), ((12, 10), (True, False, False, False)), ((12, 6), (True, True, False, False)), ((18, 5), (True, True, False, False)), ((16, 4), (True, False, False, False)), ((12, 8), (True, False, False, False)), ((17, 12), (False, False, False, False))]","[((11, 4), (False, True, False, False)), ((2, 6), (True, True, False, False)), ((26, 5), (False, False, False, False)), ((6, 2), (True, True, False, False)), ((23, 4), (False, False, False, False)), ((17, 12), (False, False, False, False)), ((12, 10), (True, False, False, False)), ((12, 6), (True, True, False, False)), ((18, 5), (True, True, False, False)), ((16, 4), (True, False, False, False)), ((12, 8), (True, False, False, False)), ((26, 11), (False, False, False, False))]",393 items,40.0,51.0,91.0
394,"((11, 4), (False, True, False, False))","((10, 4), (False, True, False, False))",East,"[((11, 3), (False, True, False, False)), ((12, 4), (False, True, False, False)), ((10, 4), (False, True, False, False))]","[((11, 4), (False, True, False, False)), ((2, 6), (True, True, False, False)), ((26, 5), (False, False, False, False)), ((6, 2), (True, True, False, False)), ((23, 4), (False, False, False, False)), ((17, 12), (False, False, False, False)), ((12, 10), (True, False, False, False)), ((12, 6), (True, True, False, False)), ((18, 5), (True, True, False, False)), ((16, 4), (True, False, False, False)), ((12, 8), (True, False, False, False)), ((26, 11), (False, False, False, False))]","[((2, 6), (True, True, False, False)), ((6, 2), (True, True, False, False)), ((26, 5), (False, False, False, False)), ((12, 6), (True, True, False, False)), ((23, 4), (False, False, False, False)), ((11, 3), (False, True, False, False)), ((12, 10), (True, False, False, False)), ((26, 11), (False, False, False, False)), ((18, 5), (True, True, False, False)), ((16, 4), (True, False, False, False)), ((12, 8), (True, False, False, False)), ((17, 12), (False, False, False, False)), ((12, 4), (False, True, False, False))]",394 items,41.0,51.0,92.0
395,"((2, 6), (True, True, False, False))","((3, 6), (True, True, False, False))",West,"[((3, 6), (True, True, False, False)), ((1, 6), (True, True, False, False))]","[((2, 6), (True, True, False, False)), ((6, 2), (True, True, False, False)), ((26, 5), (False, False, False, False)), ((12, 6), (True, True, False, False)), ((23, 4), (False, False, False, False)), ((11, 3), (False, True, False, False)), ((12, 10), (True, False, False, False)), ((26, 11), (False, False, False, False)), ((18, 5), (True, True, False, False)), ((16, 4), (True, False, False, False)), ((12, 8), (True, False, False, False)), ((17, 12), (False, False, False, False)), ((12, 4), (False, True, False, False))]","[((6, 2), (True, True, False, False)), ((12, 6), (True, True, False, False)), ((26, 5), (False, False, False, False)), ((18, 5), (True, True, False, False)), ((23, 4), (False, False, False, False)), ((11, 3), (False, True, False, False)), ((12, 10), (True, False, False, False)), ((26, 11), (False, False, False, False)), ((12, 4), (False, True, False, False)), ((16, 4), (True, False, False, False)), ((12, 8), (True, False, False, False)), ((17, 12), (False, False, False, False)), ((1, 6), (True, True, False, False))]",395 items,50.0,42.0,92.0
396,"((6, 2), (True, True, False, False))","((7, 2), (True, True, False, False))",West,"[((7, 2), (True, True, False, False)), ((5, 2), (True, True, False, False))]","[((6, 2), (True, True, False, False)), ((12, 6), (True, True, False, False)), ((26, 5), (False, False, False, False)), ((18, 5), (True, True, False, False)), ((23, 4), (False, False, False, False)), ((11, 3), (False, True, False, False)), ((12, 10), (True, False, False, False)), ((26, 11), (False, False, False, False)), ((12, 4), (False, True, False, False)), ((16, 4), (True, False, False, False)), ((12, 8), (True, False, False, False)), ((17, 12), (False, False, False, False)), ((1, 6), (True, True, False, False))]","[((12, 6), (True, True, False, False)), ((18, 5), (True, True, False, False)), ((26, 5), (False, False, False, False)), ((26, 11), (False, False, False, False)), ((23, 4), (False, False, False, False)), ((11, 3), (False, True, False, False)), ((12, 10), (True, False, False, False)), ((1, 6), (True, True, False, False)), ((12, 4), (False, True, False, False)), ((16, 4), (True, False, False, False)), ((12, 8), (True, False, False, False)), ((17, 12), (False, False, False, False)), ((5, 2), (True, True, False, False))]",396 items,58.0,34.0,92.0
397,"((12, 6), (True, True, False, False))","((13, 6), (True, True, False, False))",West,"[((13, 6), (True, True, False, False)), ((11, 6), (True, True, False, False))]","[((12, 6), (True, True, False, False)), ((18, 5), (True, True, False, False)), ((26, 5), (False, False, False, False)), ((26, 11), (False, False, False, False)), ((23, 4), (False, False, False, False)), ((11, 3), (False, True, False, False)), ((12, 10), (True, False, False, False)), ((1, 6), (True, True, False, False)), ((12, 4), (False, True, False, False)), ((16, 4), (True, False, False, False)), ((12, 8), (True, False, False, False)), ((17, 12), (False, False, False, False)), ((5, 2), (True, True, False, False))]","[((18, 5), (True, True, False, False)), ((23, 4), (False, False, False, False)), ((26, 5), (False, False, False, False)), ((26, 11), (False, False, False, False)), ((16, 4), (True, False, False, False)), ((11, 3), (False, True, False, False)), ((12, 10), (True, False, False, False)), ((1, 6), (True, True, False, False)), ((12, 4), (False, True, False, False)), ((5, 2), (True, True, False, False)), ((12, 8), (True, False, False, False)), ((17, 12), (False, False, False, False)), ((11, 6), (True, True, False, False))]",397 items,60.0,32.0,92.0
398,"((18, 5), (True, True, False, False))","((18, 4), (True, True, False, False))",North,"[((18, 6), (True, True, False, False)), ((18, 4), (True, True, False, False))]","[((18, 5), (True, True, False, False)), ((23, 4), (False, False, False, False)), ((26, 5), (False, False, False, False)), ((26, 11), (False, False, False, False)), ((16, 4), (True, False, False, False)), ((11, 3), (False, True, False, False)), ((12, 10), (True, False, False, False)), ((1, 6), (True, True, False, False)), ((12, 4), (False, True, False, False)), ((5, 2), (True, True, False, False)), ((12, 8), (True, False, False, False)), ((17, 12), (False, False, False, False)), ((11, 6), (True, True, False, False))]","[((23, 4), (False, False, False, False)), ((16, 4), (True, False, False, False)), ((26, 5), (False, False, False, False)), ((26, 11), (False, False, False, False)), ((12, 8), (True, False, False, False)), ((11, 3), (False, True, False, False)), ((12, 10), (True, False, False, False)), ((1, 6), (True, True, False, False)), ((12, 4), (False, True, False, False)), ((5, 2), (True, True, False, False)), ((11, 6), (True, True, False, False)), ((17, 12), (False, False, False, False)), ((18, 6), (True, True, False, False))]",398 items,67.0,25.0,92.0
399,"((23, 4), (False, False, False, False))","((24, 4), (False, False, False, False))",West,"[((24, 4), (False, False, False, False)), ((22, 4), (False, False, False, False))]","[((23, 4), (False, False, False, False)), ((16, 4), (True, False, False, False)), ((26, 5), (False, False, False, False)), ((26, 11), (False, False, False, False)), ((12, 8), (True, False, False, False)), ((11, 3), (False, True, False, False)), ((12, 10), (True, False, False, False)), ((1, 6), (True, True, False, False)), ((12, 4), (False, True, False, False)), ((5, 2), (True, True, False, False)), ((11, 6), (True, True, False, False)), ((17, 12), (False, False, False, False)), ((18, 6), (True, True, False, False))]","[((26, 5), (False, False, False, False)), ((16, 4), (True, False, False, False)), ((11, 3), (False, True, False, False)), ((26, 11), (False, False, False, False)), ((12, 8), (True, False, False, False)), ((17, 12), (False, False, False, False)), ((12, 10), (True, False, False, False)), ((1, 6), (True, True, False, False)), ((12, 4), (False, True, False, False)), ((5, 2), (True, True, False, False)), ((11, 6), (True, True, False, False)), ((18, 6), (True, True, False, False)), ((22, 4), (False, False, False, False))]",399 items,35.0,57.0,92.0
400,"((26, 5), (False, False, False, False))","((26, 4), (False, False, False, False))",North,"[((26, 6), (False, False, False, False)), ((26, 4), (False, False, False, False))]","[((26, 5), (False, False, False, False)), ((16, 4), (True, False, False, False)), ((11, 3), (False, True, False, False)), ((26, 11), (False, False, False, False)), ((12, 8), (True, False, False, False)), ((17, 12), (False, False, False, False)), ((12, 10), (True, False, False, False)), ((1, 6), (True, True, False, False)), ((12, 4), (False, True, False, False)), ((5, 2), (True, True, False, False)), ((11, 6), (True, True, False, False)), ((18, 6), (True, True, False, False)), ((22, 4), (False, False, False, False))]","[((11, 3), (False, True, False, False)), ((16, 4), (True, False, False, False)), ((17, 12), (False, False, False, False)), ((26, 11), (False, False, False, False)), ((12, 8), (True, False, False, False)), ((18, 6), (True, True, False, False)), ((12, 10), (True, False, False, False)), ((1, 6), (True, True, False, False)), ((12, 4), (False, True, False, False)), ((5, 2), (True, True, False, False)), ((11, 6), (True, True, False, False)), ((22, 4), (False, False, False, False)), ((26, 6), (False, False, False, False))]",400 items,37.0,55.0,92.0
401,"((11, 3), (False, True, False, False))","((11, 4), (False, True, False, False))",South,"[((11, 4), (False, True, False, False)), ((11, 2), (False, True, False, False))]","[((11, 3), (False, True, False, False)), ((16, 4), (True, False, False, False)), ((17, 12), (False, False, False, False)), ((26, 11), (False, False, False, False)), ((12, 8), (True, False, False, False)), ((18, 6), (True, True, False, False)), ((12, 10), (True, False, False, False)), ((1, 6), (True, True, False, False)), ((12, 4), (False, True, False, False)), ((5, 2), (True, True, False, False)), ((11, 6), (True, True, False, False)), ((22, 4), (False, False, False, False)), ((26, 6), (False, False, False, False))]","[((11, 2), (False, True, False, False)), ((12, 8), (True, False, False, False)), ((16, 4), (True, False, False, False)), ((26, 11), (False, False, False, False)), ((5, 2), (True, True, False, False)), ((17, 12), (False, False, False, False)), ((12, 10), (True, False, False, False)), ((1, 6), (True, True, False, False)), ((12, 4), (False, True, False, False)), ((26, 6), (False, False, False, False)), ((11, 6), (True, True, False, False)), ((22, 4), (False, False, False, False)), ((18, 6), (True, True, False, False))]",401 items,42.0,50.0,92.0
402,"((11, 2), (False, True, False, False))","((11, 3), (False, True, False, False))",South,"[((11, 3), (False, True, False, False)), ((11, 1), (False, True, False, False)), ((12, 2), (False, True, False, False))]","[((11, 2), (False, True, False, False)), ((12, 8), (True, False, False, False)), ((16, 4), (True, False, False, False)), ((26, 11), (False, False, False, False)), ((5, 2), (True, True, False, False)), ((17, 12), (False, False, False, False)), ((12, 10), (True, False, False, False)), ((1, 6), (True, True, False, False)), ((12, 4), (False, True, False, False)), ((26, 6), (False, False, False, False)), ((11, 6), (True, True, False, False)), ((22, 4), (False, False, False, False)), ((18, 6), (True, True, False, False))]","[((11, 1), (False, True, False, False)), ((12, 8), (True, False, False, False)), ((16, 4), (True, False, False, False)), ((26, 11), (False, False, False, False)), ((5, 2), (True, True, False, False)), ((17, 12), (False, False, False, False)), ((12, 10), (True, False, False, False)), ((1, 6), (True, True, False, False)), ((12, 4), (False, True, False, False)), ((26, 6), (False, False, False, False)), ((11, 6), (True, True, False, False)), ((22, 4), (False, False, False, False)), ((18, 6), (True, True, False, False)), ((12, 2), (False, True, False, False))]",402 items,43.0,49.0,92.0
403,"((11, 1), (False, True, False, False))","((11, 2), (False, True, False, False))",South,"[((11, 2), (False, True, False, False)), ((12, 1), (False, True, False, False))]","[((11, 1), (False, True, False, False)), ((12, 8), (True, False, False, False)), ((16, 4), (True, False, False, False)), ((26, 11), (False, False, False, False)), ((5, 2), (True, True, False, False)), ((17, 12), (False, False, False, False)), ((12, 10), (True, False, False, False)), ((1, 6), (True, True, False, False)), ((12, 4), (False, True, False, False)), ((26, 6), (False, False, False, False)), ((11, 6), (True, True, False, False)), ((22, 4), (False, False, False, False)), ((18, 6), (True, True, False, False)), ((12, 2), (False, True, False, False))]","[((16, 4), (True, False, False, False)), ((12, 8), (True, False, False, False)), ((17, 12), (False, False, False, False)), ((26, 11), (False, False, False, False)), ((5, 2), (True, True, False, False)), ((18, 6), (True, True, False, False)), ((12, 10), (True, False, False, False)), ((1, 6), (True, True, False, False)), ((12, 4), (False, True, False, False)), ((26, 6), (False, False, False, False)), ((11, 6), (True, True, False, False)), ((22, 4), (False, False, False, False)), ((12, 2), (False, True, False, False)), ((12, 1), (False, True, False, False))]",403 items,44.0,48.0,92.0
404,"((16, 4), (True, False, False, False))","((16, 3), (True, False, False, False))",North,"[((16, 3), (True, False, False, False)), ((17, 4), (True, False, False, False))]","[((16, 4), (True, False, False, False)), ((12, 8), (True, False, False, False)), ((17, 12), (False, False, False, False)), ((26, 11), (False, False, False, False)), ((5, 2), (True, True, False, False)), ((18, 6), (True, True, False, False)), ((12, 10), (True, False, False, False)), ((1, 6), (True, True, False, False)), ((12, 4), (False, True, False, False)), ((26, 6), (False, False, False, False)), ((11, 6), (True, True, False, False)), ((22, 4), (False, False, False, False)), ((12, 2), (False, True, False, False)), ((12, 1), (False, True, False, False))]","[((12, 8), (True, False, False, False)), ((26, 11), (False, False, False, False)), ((17, 12), (False, False, False, False)), ((12, 4), (False, True, False, False)), ((5, 2), (True, True, False, False)), ((18, 6), (True, True, False, False)), ((12, 10), (True, False, False, False)), ((1, 6), (True, True, False, False)), ((12, 1), (False, True, False, False)), ((26, 6), (False, False, False, False)), ((11, 6), (True, True, False, False)), ((22, 4), (False, False, False, False)), ((12, 2), (False, True, False, False)), ((17, 4), (True, False, False, False))]",404 items,40.0,53.0,93.0
405,"((12, 8), (True, False, False, False))","((11, 8), (True, False, False, False))",East,"[((13, 8), (True, False, False, False)), ((11, 8), (True, False, False, False))]","[((12, 8), (True, False, False, False)), ((26, 11), (False, False, False, False)), ((17, 12), (False, False, False, False)), ((12, 4), (False, True, False, False)), ((5, 2), (True, True, False, False)), ((18, 6), (True, True, False, False)), ((12, 10), (True, False, False, False)), ((1, 6), (True, True, False, False)), ((12, 1), (False, True, False, False)), ((26, 6), (False, False, False, False)), ((11, 6), (True, True, False, False)), ((22, 4), (False, False, False, False)), ((12, 2), (False, True, False, False)), ((17, 4), (True, False, False, False))]","[((17, 12), (False, False, False, False)), ((26, 11), (False, False, False, False)), ((12, 10), (True, False, False, False)), ((12, 4), (False, True, False, False)), ((5, 2), (True, True, False, False)), ((18, 6), (True, True, False, False)), ((17, 4), (True, False, False, False)), ((1, 6), (True, True, False, False)), ((12, 1), (False, True, False, False)), ((26, 6), (False, False, False, False)), ((11, 6), (True, True, False, False)), ((22, 4), (False, False, False, False)), ((12, 2), (False, True, False, False)), ((13, 8), (True, False, False, False))]",405 items,40.0,53.0,93.0
406,"((17, 12), (False, False, False, False))","((18, 12), (False, False, False, False))",West,"[((18, 12), (False, False, False, False)), ((16, 12), (False, False, False, False))]","[((17, 12), (False, False, False, False)), ((26, 11), (False, False, False, False)), ((12, 10), (True, False, False, False)), ((12, 4), (False, True, False, False)), ((5, 2), (True, True, False, False)), ((18, 6), (True, True, False, False)), ((17, 4), (True, False, False, False)), ((1, 6), (True, True, False, False)), ((12, 1), (False, True, False, False)), ((26, 6), (False, False, False, False)), ((11, 6), (True, True, False, False)), ((22, 4), (False, False, False, False)), ((12, 2), (False, True, False, False)), ((13, 8), (True, False, False, False))]","[((12, 10), (True, False, False, False)), ((26, 11), (False, False, False, False)), ((17, 4), (True, False, False, False)), ((12, 4), (False, True, False, False)), ((5, 2), (True, True, False, False)), ((18, 6), (True, True, False, False)), ((13, 8), (True, False, False, False)), ((1, 6), (True, True, False, False)), ((12, 1), (False, True, False, False)), ((26, 6), (False, False, False, False)), ((11, 6), (True, True, False, False)), ((22, 4), (False, False, False, False)), ((12, 2), (False, True, False, False)), ((16, 12), (False, False, False, False))]",406 items,33.0,60.0,93.0
407,"((12, 10), (True, False, False, False))","((11, 10), (True, False, False, False))",East,"[((13, 10), (True, False, False, False)), ((11, 10), (True, False, False, False))]","[((12, 10), (True, False, False, False)), ((26, 11), (False, False, False, False)), ((17, 4), (True, False, False, False)), ((12, 4), (False, True, False, False)), ((5, 2), (True, True, False, False)), ((18, 6), (True, True, False, False)), ((13, 8), (True, False, False, False)), ((1, 6), (True, True, False, False)), ((12, 1), (False, True, False, False)), ((26, 6), (False, False, False, False)), ((11, 6), (True, True, False, False)), ((22, 4), (False, False, False, False)), ((12, 2), (False, True, False, False)), ((16, 12), (False, False, False, False))]","[((26, 11), (False, False, False, False)), ((12, 4), (False, True, False, False)), ((17, 4), (True, False, False, False)), ((1, 6), (True, True, False, False)), ((5, 2), (True, True, False, False)), ((18, 6), (True, True, False, False)), ((13, 8), (True, False, False, False)), ((16, 12), (False, False, False, False)), ((12, 1), (False, True, False, False)), ((26, 6), (False, False, False, False)), ((11, 6), (True, True, False, False)), ((22, 4), (False, False, False, False)), ((12, 2), (False, True, False, False)), ((13, 10), (True, False, False, False))]",407 items,42.0,51.0,93.0
408,"((26, 11), (False, False, False, False))","((26, 12), (False, False, False, False))",South,"[((26, 12), (False, False, False, False)), ((26, 10), (False, False, False, False))]","[((26, 11), (False, False, False, False)), ((12, 4), (False, True, False, False)), ((17, 4), (True, False, False, False)), ((1, 6), (True, True, False, False)), ((5, 2), (True, True, False, False)), ((18, 6), (True, True, False, False)), ((13, 8), (True, False, False, False)), ((16, 12), (False, False, False, False)), ((12, 1), (False, True, False, False)), ((26, 6), (False, False, False, False)), ((11, 6), (True, True, False, False)), ((22, 4), (False, False, False, False)), ((12, 2), (False, True, False, False)), ((13, 10), (True, False, False, False))]","[((17, 4), (True, False, False, False)), ((12, 4), (False, True, False, False)), ((18, 6), (True, True, False, False)), ((1, 6), (True, True, False, False)), ((5, 2), (True, True, False, False)), ((22, 4), (False, False, False, False)), ((13, 8), (True, False, False, False)), ((16, 12), (False, False, False, False)), ((12, 1), (False, True, False, False)), ((26, 6), (False, False, False, False)), ((11, 6), (True, True, False, False)), ((13, 10), (True, False, False, False)), ((12, 2), (False, True, False, False)), ((26, 10), (False, False, False, False))]",408 items,41.0,52.0,93.0
409,"((17, 4), (True, False, False, False))","((16, 4), (True, False, False, False))",East,"[((18, 4), (True, False, False, False)), ((16, 4), (True, False, False, False))]","[((17, 4), (True, False, False, False)), ((12, 4), (False, True, False, False)), ((18, 6), (True, True, False, False)), ((1, 6), (True, True, False, False)), ((5, 2), (True, True, False, False)), ((22, 4), (False, False, False, False)), ((13, 8), (True, False, False, False)), ((16, 12), (False, False, False, False)), ((12, 1), (False, True, False, False)), ((26, 6), (False, False, False, False)), ((11, 6), (True, True, False, False)), ((13, 10), (True, False, False, False)), ((12, 2), (False, True, False, False)), ((26, 10), (False, False, False, False))]","[((18, 4), (True, False, False, False)), ((1, 6), (True, True, False, False)), ((12, 4), (False, True, False, False)), ((12, 1), (False, True, False, False)), ((5, 2), (True, True, False, False)), ((22, 4), (False, False, False, False)), ((18, 6), (True, True, False, False)), ((16, 12), (False, False, False, False)), ((26, 10), (False, False, False, False)), ((26, 6), (False, False, False, False)), ((11, 6), (True, True, False, False)), ((13, 10), (True, False, False, False)), ((12, 2), (False, True, False, False)), ((13, 8), (True, False, False, False))]",409 items,41.0,52.0,93.0
410,"((18, 4), (True, False, False, False))","((17, 4), (True, False, False, False))",East,"[((18, 5), (True, False, False, False)), ((18, 3), (True, False, False, False)), ((19, 4), (True, False, False, False)), ((17, 4), (True, False, False, False))]","[((18, 4), (True, False, False, False)), ((1, 6), (True, True, False, False)), ((12, 4), (False, True, False, False)), ((12, 1), (False, True, False, False)), ((5, 2), (True, True, False, False)), ((22, 4), (False, False, False, False)), ((18, 6), (True, True, False, False)), ((16, 12), (False, False, False, False)), ((26, 10), (False, False, False, False)), ((26, 6), (False, False, False, False)), ((11, 6), (True, True, False, False)), ((13, 10), (True, False, False, False)), ((12, 2), (False, True, False, False)), ((13, 8), (True, False, False, False))]",16 items,410 items,42.0,51.0,93.0
411,"((18, 3), (True, False, False, False))","((18, 4), (True, False, False, False))",South,"[((18, 4), (True, False, False, False)), ((18, 2), (True, False, False, False))]",16 items,16 items,411 items,43.0,50.0,93.0
412,"((19, 4), (True, False, False, False))","((18, 4), (True, False, False, False))",East,"[((20, 4), (True, False, False, False)), ((18, 4), (True, False, False, False))]",16 items,16 items,412 items,43.0,50.0,93.0
413,"((18, 2), (True, False, False, False))","((18, 3), (True, False, False, False))",South,"[((18, 3), (True, False, False, False)), ((18, 1), (True, False, False, False))]",16 items,16 items,413 items,44.0,49.0,93.0
414,"((20, 4), (True, False, False, False))","((19, 4), (True, False, False, False))",East,"[((19, 4), (True, False, False, False))]",16 items,"[((18, 1), (True, False, False, False)), ((1, 6), (True, True, False, False)), ((12, 4), (False, True, False, False)), ((12, 1), (False, True, False, False)), ((5, 2), (True, True, False, False)), ((22, 4), (False, False, False, False)), ((18, 6), (True, True, False, False)), ((16, 12), (False, False, False, False)), ((26, 10), (False, False, False, False)), ((26, 6), (False, False, False, False)), ((11, 6), (True, True, False, False)), ((13, 10), (True, False, False, False)), ((12, 2), (False, True, False, False)), ((18, 5), (True, False, False, False)), ((13, 8), (True, False, False, False))]",414 items,44.0,49.0,93.0
415,"((18, 1), (True, False, False, False))","((18, 2), (True, False, False, False))",South,"[((18, 2), (True, False, False, False))]","[((18, 1), (True, False, False, False)), ((1, 6), (True, True, False, False)), ((12, 4), (False, True, False, False)), ((12, 1), (False, True, False, False)), ((5, 2), (True, True, False, False)), ((22, 4), (False, False, False, False)), ((18, 6), (True, True, False, False)), ((16, 12), (False, False, False, False)), ((26, 10), (False, False, False, False)), ((26, 6), (False, False, False, False)), ((11, 6), (True, True, False, False)), ((13, 10), (True, False, False, False)), ((12, 2), (False, True, False, False)), ((18, 5), (True, False, False, False)), ((13, 8), (True, False, False, False))]","[((12, 4), (False, True, False, False)), ((1, 6), (True, True, False, False)), ((18, 6), (True, True, False, False)), ((12, 1), (False, True, False, False)), ((5, 2), (True, True, False, False)), ((22, 4), (False, False, False, False)), ((13, 8), (True, False, False, False)), ((16, 12), (False, False, False, False)), ((26, 10), (False, False, False, False)), ((26, 6), (False, False, False, False)), ((11, 6), (True, True, False, False)), ((13, 10), (True, False, False, False)), ((12, 2), (False, True, False, False)), ((18, 5), (True, False, False, False))]",415 items,45.0,48.0,93.0
416,"((12, 4), (False, True, False, False))","((11, 4), (False, True, False, False))",East,"[((13, 4), (False, True, False, False)), ((11, 4), (False, True, False, False))]","[((12, 4), (False, True, False, False)), ((1, 6), (True, True, False, False)), ((18, 6), (True, True, False, False)), ((12, 1), (False, True, False, False)), ((5, 2), (True, True, False, False)), ((22, 4), (False, False, False, False)), ((13, 8), (True, False, False, False)), ((16, 12), (False, False, False, False)), ((26, 10), (False, False, False, False)), ((26, 6), (False, False, False, False)), ((11, 6), (True, True, False, False)), ((13, 10), (True, False, False, False)), ((12, 2), (False, True, False, False)), ((18, 5), (True, False, False, False))]","[((1, 6), (True, True, False, False)), ((5, 2), (True, True, False, False)), ((18, 6), (True, True, False, False)), ((12, 1), (False, True, False, False)), ((11, 6), (True, True, False, False)), ((22, 4), (False, False, False, False)), ((13, 8), (True, False, False, False)), ((16, 12), (False, False, False, False)), ((26, 10), (False, False, False, False)), ((26, 6), (False, False, False, False)), ((18, 5), (True, False, False, False)), ((13, 10), (True, False, False, False)), ((12, 2), (False, True, False, False)), ((13, 4), (False, True, False, False))]",416 items,42.0,52.0,94.0
417,"((1, 6), (True, True, False, False))","((2, 6), (True, True, False, False))",West,"[((1, 7), (True, True, False, False)), ((2, 6), (True, True, False, False))]","[((1, 6), (True, True, False, False)), ((5, 2), (True, True, False, False)), ((18, 6), (True, True, False, False)), ((12, 1), (False, True, False, False)), ((11, 6), (True, True, False, False)), ((22, 4), (False, False, False, False)), ((13, 8), (True, False, False, False)), ((16, 12), (False, False, False, False)), ((26, 10), (False, False, False, False)), ((26, 6), (False, False, False, False)), ((18, 5), (True, False, False, False)), ((13, 10), (True, False, False, False)), ((12, 2), (False, True, False, False)), ((13, 4), (False, True, False, False))]","[((5, 2), (True, True, False, False)), ((11, 6), (True, True, False, False)), ((18, 6), (True, True, False, False)), ((12, 1), (False, True, False, False)), ((26, 6), (False, False, False, False)), ((22, 4), (False, False, False, False)), ((13, 8), (True, False, False, False)), ((16, 12), (False, False, False, False)), ((26, 10), (False, False, False, False)), ((13, 4), (False, True, False, False)), ((18, 5), (True, False, False, False)), ((13, 10), (True, False, False, False)), ((12, 2), (False, True, False, False)), ((1, 7), (True, True, False, False))]",417 items,51.0,43.0,94.0
418,"((5, 2), (True, True, False, False))","((6, 2), (True, True, False, False))",West,"[((5, 1), (True, True, False, False)), ((6, 2), (True, True, False, False))]","[((5, 2), (True, True, False, False)), ((11, 6), (True, True, False, False)), ((18, 6), (True, True, False, False)), ((12, 1), (False, True, False, False)), ((26, 6), (False, False, False, False)), ((22, 4), (False, False, False, False)), ((13, 8), (True, False, False, False)), ((16, 12), (False, False, False, False)), ((26, 10), (False, False, False, False)), ((13, 4), (False, True, False, False)), ((18, 5), (True, False, False, False)), ((13, 10), (True, False, False, False)), ((12, 2), (False, True, False, False)), ((1, 7), (True, True, False, False))]","[((11, 6), (True, True, False, False)), ((26, 6), (False, False, False, False)), ((18, 6), (True, True, False, False)), ((12, 1), (False, True, False, False)), ((18, 5), (True, False, False, False)), ((22, 4), (False, False, False, False)), ((5, 1), (True, True, False, False)), ((16, 12), (False, False, False, False)), ((26, 10), (False, False, False, False)), ((13, 4), (False, True, False, False)), ((1, 7), (True, True, False, False)), ((13, 10), (True, False, False, False)), ((12, 2), (False, True, False, False)), ((13, 8), (True, False, False, False))]",418 items,59.0,35.0,94.0
419,"((11, 6), (True, True, False, False))","((12, 6), (True, True, False, False))",West,"[((11, 7), (True, True, False, False)), ((12, 6), (True, True, False, False)), ((10, 6), (True, True, False, False))]","[((11, 6), (True, True, False, False)), ((26, 6), (False, False, False, False)), ((18, 6), (True, True, False, False)), ((12, 1), (False, True, False, False)), ((18, 5), (True, False, False, False)), ((22, 4), (False, False, False, False)), ((5, 1), (True, True, False, False)), ((16, 12), (False, False, False, False)), ((26, 10), (False, False, False, False)), ((13, 4), (False, True, False, False)), ((1, 7), (True, True, False, False)), ((13, 10), (True, False, False, False)), ((12, 2), (False, True, False, False)), ((13, 8), (True, False, False, False))]","[((18, 6), (True, True, False, False)), ((26, 6), (False, False, False, False)), ((22, 4), (False, False, False, False)), ((12, 1), (False, True, False, False)), ((18, 5), (True, False, False, False)), ((12, 2), (False, True, False, False)), ((5, 1), (True, True, False, False)), ((16, 12), (False, False, False, False)), ((26, 10), (False, False, False, False)), ((13, 4), (False, True, False, False)), ((1, 7), (True, True, False, False)), ((13, 10), (True, False, False, False)), ((13, 8), (True, False, False, False)), ((11, 7), (True, True, False, False)), ((10, 6), (True, True, False, False))]",419 items,61.0,33.0,94.0
420,"((18, 6), (True, True, False, False))","((18, 5), (True, True, False, False))",North,"[((18, 5), (True, True, False, False)), ((19, 6), (True, True, False, False)), ((17, 6), (True, True, False, False))]","[((18, 6), (True, True, False, False)), ((26, 6), (False, False, False, False)), ((22, 4), (False, False, False, False)), ((12, 1), (False, True, False, False)), ((18, 5), (True, False, False, False)), ((12, 2), (False, True, False, False)), ((5, 1), (True, True, False, False)), ((16, 12), (False, False, False, False)), ((26, 10), (False, False, False, False)), ((13, 4), (False, True, False, False)), ((1, 7), (True, True, False, False)), ((13, 10), (True, False, False, False)), ((13, 8), (True, False, False, False)), ((11, 7), (True, True, False, False)), ((10, 6), (True, True, False, False))]",16 items,420 items,68.0,26.0,94.0
421,"((22, 4), (False, False, False, False))","((23, 4), (False, False, False, False))",West,"[((22, 5), (False, False, False, False)), ((22, 3), (False, False, False, False)), ((23, 4), (False, False, False, False))]",16 items,17 items,421 items,36.0,58.0,94.0
422,"((26, 6), (False, False, False, False))","((26, 5), (False, False, False, False))",North,"[((26, 5), (False, False, False, False)), ((27, 6), (False, False, False, False))]",17 items,17 items,422 items,38.0,56.0,94.0
423,"((12, 2), (False, True, False, False))","((11, 2), (False, True, False, False))",East,"[((12, 1), (False, True, False, False)), ((13, 2), (False, True, False, False)), ((11, 2), (False, True, False, False))]",17 items,17 items,423 items,44.0,50.0,94.0
424,"((12, 1), (False, True, False, False))","((11, 1), (False, True, False, False))",East,"[((12, 2), (False, True, False, False)), ((13, 1), (False, True, False, False)), ((11, 1), (False, True, False, False))]",17 items,17 items,424 items,45.0,49.0,94.0
425,"((5, 1), (True, True, False, False))","((5, 2), (True, True, False, False))",South,"[((5, 2), (True, True, False, False))]",17 items,16 items,425 items,60.0,34.0,94.0
426,"((19, 6), (True, True, False, False))","((18, 6), (True, True, False, False))",East,"[((20, 6), (True, True, False, False)), ((18, 6), (True, True, False, False))]",16 items,16 items,426 items,69.0,25.0,94.0
427,"((22, 3), (False, False, False, False))","((22, 4), (False, False, False, False))",South,"[((22, 4), (False, False, False, False)), ((22, 2), (False, False, False, False))]",16 items,16 items,427 items,37.0,57.0,94.0
428,"((27, 6), (False, False, False, False))","((26, 6), (False, False, False, False))",East,"[((28, 6), (False, False, False, False)), ((26, 6), (False, False, False, False))]",16 items,16 items,428 items,39.0,55.0,94.0
429,"((20, 6), (True, True, False, False))","((19, 6), (True, True, False, False))",East,"[((20, 7), (True, True, False, False)), ((19, 6), (True, True, False, False))]",16 items,16 items,429 items,70.0,24.0,94.0
430,"((22, 2), (False, False, False, False))","((22, 3), (False, False, False, False))",South,"[((22, 3), (False, False, False, False)), ((22, 1), (False, False, False, False)), ((21, 2), (False, False, False, False))]",16 items,17 items,430 items,38.0,56.0,94.0
431,"((28, 6), (False, False, False, False))","((27, 6), (False, False, False, False))",East,"[((28, 7), (False, False, False, False)), ((28, 5), (False, False, False, False)), ((27, 6), (False, False, False, False))]",17 items,18 items,431 items,40.0,54.0,94.0
432,"((22, 1), (False, False, False, False))","((22, 2), (False, False, False, False))",South,"[((22, 2), (False, False, False, False))]",18 items,17 items,432 items,39.0,55.0,94.0
433,"((28, 5), (False, False, False, False))","((28, 6), (False, False, False, False))",South,"[((28, 6), (False, False, False, False)), ((28, 4), (False, False, False, False))]",17 items,17 items,433 items,41.0,53.0,94.0
434,"((28, 4), (False, False, False, False))","((28, 5), (False, False, False, False))",South,"[((28, 5), (False, False, False, False)), ((28, 3), (False, False, False, False))]",17 items,17 items,434 items,42.0,52.0,94.0
435,"((28, 3), (False, False, False, False))","((28, 4), (False, False, False, False))",South,"[((28, 4), (False, False, False, False)), ((28, 2), (False, False, False, False))]",17 items,17 items,435 items,43.0,51.0,94.0
436,"((28, 2), (False, False, False, False))","((28, 3), (False, False, False, False))",South,"[((28, 3), (False, False, False, False)), ((28, 1), (False, False, True, False))]",17 items,17 items,436 items,44.0,50.0,94.0
437,"((28, 1), (False, False, True, False))","((28, 2), (False, False, False, False))",South,"[((28, 2), (False, False, True, False)), ((27, 1), (False, False, True, False))]",17 items,18 items,437 items,45.0,49.0,94.0
438,"((28, 2), (False, False, True, False))","((28, 1), (False, False, True, False))",North,"[((28, 3), (False, False, True, False)), ((28, 1), (False, False, True, False))]",18 items,18 items,438 items,46.0,48.0,94.0
439,"((28, 3), (False, False, True, False))","((28, 2), (False, False, True, False))",North,"[((28, 4), (False, False, True, False)), ((28, 2), (False, False, True, False))]",18 items,18 items,439 items,47.0,47.0,94.0
440,"((28, 4), (False, False, True, False))","((28, 3), (False, False, True, False))",North,"[((28, 5), (False, False, True, False)), ((28, 3), (False, False, True, False))]",18 items,18 items,440 items,48.0,46.0,94.0
441,"((28, 5), (False, False, True, False))","((28, 4), (False, False, True, False))",North,"[((28, 6), (False, False, True, False)), ((28, 4), (False, False, True, False))]",18 items,18 items,441 items,49.0,45.0,94.0
442,"((28, 6), (False, False, True, False))","((28, 5), (False, False, True, False))",North,"[((28, 7), (False, False, True, False)), ((28, 5), (False, False, True, False)), ((27, 6), (False, False, True, False))]",18 items,19 items,442 items,50.0,44.0,94.0
443,"((28, 7), (False, False, True, False))","((28, 6), (False, False, True, False))",North,"[((28, 8), (False, False, True, False)), ((28, 6), (False, False, True, False))]",19 items,19 items,443 items,51.0,43.0,94.0
444,"((28, 8), (False, False, True, False))","((28, 7), (False, False, True, False))",North,"[((28, 7), (False, False, True, False)), ((27, 8), (False, False, True, False))]",19 items,19 items,444 items,52.0,42.0,94.0
445,"((13, 8), (True, False, False, False))","((12, 8), (True, False, False, False))",East,"[((12, 8), (True, False, False, False))]",19 items,18 items,445 items,41.0,54.0,95.0
446,"((16, 12), (False, False, False, False))","((17, 12), (False, False, False, False))",West,"[((17, 12), (False, False, False, False)), ((15, 12), (False, False, False, False))]",18 items,18 items,446 items,34.0,61.0,95.0
447,"((13, 10), (True, False, False, False))","((12, 10), (True, False, False, False))",East,"[((14, 10), (True, False, False, False)), ((12, 10), (True, False, False, False))]",18 items,18 items,447 items,43.0,52.0,95.0
448,"((26, 10), (False, False, False, False))","((26, 11), (False, False, False, False))",South,"[((26, 11), (False, False, False, False)), ((26, 9), (False, False, False, False)), ((27, 10), (False, False, False, False))]",18 items,19 items,448 items,42.0,53.0,95.0
449,"((18, 5), (True, False, False, False))","((18, 4), (True, False, False, False))",North,"[((18, 6), (True, False, False, False)), ((18, 4), (True, False, False, False))]",19 items,19 items,449 items,43.0,52.0,95.0
450,"((1, 7), (True, True, False, False))","((1, 6), (True, True, False, False))",North,"[((1, 8), (True, True, False, False)), ((1, 6), (True, True, False, False))]",19 items,19 items,450 items,52.0,43.0,95.0
451,"((11, 7), (True, True, False, False))","((11, 6), (True, True, False, False))",North,"[((11, 8), (True, True, False, False)), ((11, 6), (True, True, False, False))]",19 items,19 items,451 items,62.0,33.0,95.0
452,"((20, 7), (True, True, False, False))","((20, 6), (True, True, False, False))",North,"[((20, 8), (True, True, False, False)), ((20, 6), (True, True, False, False))]",19 items,19 items,452 items,71.0,24.0,95.0
453,"((28, 7), (False, False, False, False))","((28, 6), (False, False, False, False))",North,"[((28, 8), (False, False, False, False)), ((28, 6), (False, False, False, False))]",19 items,19 items,453 items,41.0,54.0,95.0
454,"((27, 10), (False, False, False, False))","((26, 10), (False, False, False, False))",East,"[((28, 10), (False, False, False, False)), ((26, 10), (False, False, False, False))]",19 items,19 items,454 items,43.0,52.0,95.0
455,"((1, 8), (True, True, False, False))","((1, 7), (True, True, False, False))",North,"[((1, 7), (True, True, False, False)), ((2, 8), (True, True, False, False))]",19 items,19 items,455 items,53.0,42.0,95.0
456,"((11, 8), (True, True, False, False))","((11, 7), (True, True, False, False))",North,"[((11, 9), (True, True, False, False)), ((11, 7), (True, True, False, False)), ((12, 8), (True, True, False, False))]",19 items,20 items,456 items,63.0,32.0,95.0
457,"((20, 8), (True, True, False, False))","((20, 7), (True, True, False, False))",North,"[((20, 7), (True, True, False, False)), ((21, 8), (True, True, False, False))]",20 items,20 items,457 items,72.0,23.0,95.0
458,"((28, 8), (False, False, False, False))","((28, 7), (False, False, False, False))",North,"[((28, 7), (False, False, False, False)), ((27, 8), (False, False, False, False))]",20 items,20 items,458 items,42.0,53.0,95.0
459,"((28, 10), (False, False, False, False))","((27, 10), (False, False, False, False))",East,"[((28, 11), (False, False, False, False)), ((27, 10), (False, False, False, False))]",20 items,20 items,459 items,44.0,51.0,95.0
460,"((2, 8), (True, True, False, False))","((1, 8), (True, True, False, False))",East,"[((3, 8), (True, True, False, False)), ((1, 8), (True, True, False, False))]",20 items,20 items,460 items,54.0,41.0,95.0
461,"((11, 9), (True, True, False, False))","((11, 8), (True, True, False, False))",North,"[((11, 10), (True, True, False, False)), ((11, 8), (True, True, False, False))]",20 items,20 items,461 items,64.0,31.0,95.0
462,"((12, 8), (True, True, False, False))","((11, 8), (True, True, False, False))",East,"[((13, 8), (True, True, False, False)), ((11, 8), (True, True, False, False))]",20 items,20 items,462 items,64.0,31.0,95.0
463,"((21, 8), (True, True, False, False))","((20, 8), (True, True, False, False))",East,"[((22, 8), (True, True, False, False)), ((20, 8), (True, True, False, False))]",20 items,20 items,463 items,73.0,22.0,95.0
464,"((28, 11), (False, False, False, False))","((28, 10), (False, False, False, False))",North,"[((28, 12), (False, False, False, True)), ((28, 10), (False, False, False, False))]",20 items,20 items,464 items,45.0,50.0,95.0
465,"((3, 8), (True, True, False, False))","((2, 8), (True, True, False, False))",East,"[((2, 8), (True, True, False, False))]",20 items,19 items,465 items,55.0,40.0,95.0
466,"((11, 10), (True, True, False, False))","((11, 9), (True, True, False, False))",North,"[((11, 11), (True, True, False, False)), ((11, 9), (True, True, False, False)), ((12, 10), (True, True, False, False)), ((10, 10), (True, True, False, False))]",19 items,21 items,466 items,65.0,30.0,95.0
467,"((13, 8), (True, True, False, False))","((12, 8), (True, True, False, False))",East,"[((12, 8), (True, True, False, False))]",21 items,20 items,467 items,65.0,30.0,95.0
468,"((22, 8), (True, True, False, False))","((21, 8), (True, True, False, False))",East,"[((23, 8), (True, True, False, False)), ((21, 8), (True, True, False, False))]",20 items,20 items,468 items,74.0,21.0,95.0
469,"((28, 12), (False, False, False, True))","((28, 11), (False, False, False, False))",North,"[((28, 11), (False, False, False, True))]",20 items,20 items,469 items,46.0,49.0,95.0
470,"((11, 11), (True, True, False, False))","((11, 10), (True, True, False, False))",North,"[((11, 12), (True, True, False, False)), ((11, 10), (True, True, False, False))]",20 items,20 items,470 items,66.0,29.0,95.0
471,"((12, 10), (True, True, False, False))","((11, 10), (True, True, False, False))",East,"[((13, 10), (True, True, False, False)), ((11, 10), (True, True, False, False))]",20 items,20 items,471 items,66.0,29.0,95.0
472,"((23, 8), (True, True, False, False))","((22, 8), (True, True, False, False))",East,"[((24, 8), (True, True, False, False)), ((22, 8), (True, True, False, False))]",20 items,20 items,472 items,75.0,20.0,95.0
473,"((28, 11), (False, False, False, True))","((28, 12), (False, False, False, True))",South,"[((28, 12), (False, False, False, True)), ((28, 10), (False, False, False, True))]",20 items,20 items,473 items,47.0,48.0,95.0
474,"((11, 12), (True, True, False, False))","((11, 11), (True, True, False, False))",North,"[((11, 11), (True, True, False, False))]",20 items,19 items,474 items,67.0,28.0,95.0
475,"((13, 10), (True, True, False, False))","((12, 10), (True, True, False, False))",East,"[((14, 10), (True, True, False, False)), ((12, 10), (True, True, False, False))]",19 items,19 items,475 items,67.0,28.0,95.0
476,"((24, 8), (True, True, False, False))","((23, 8), (True, True, False, False))",East,"[((24, 9), (True, True, False, False)), ((24, 7), (True, True, False, False)), ((23, 8), (True, True, False, False))]",19 items,20 items,476 items,76.0,19.0,95.0
477,"((28, 10), (False, False, False, True))","((28, 11), (False, False, False, True))",South,"[((28, 11), (False, False, False, True)), ((27, 10), (False, False, False, True))]",20 items,20 items,477 items,48.0,47.0,95.0
478,"((14, 10), (True, True, False, False))","((13, 10), (True, True, False, False))",East,"[((15, 10), (True, True, False, False)), ((13, 10), (True, True, False, False))]",20 items,20 items,478 items,68.0,27.0,95.0
479,"((24, 9), (True, True, False, False))","((24, 8), (True, True, False, False))",North,"[((24, 10), (True, True, False, False)), ((24, 8), (True, True, False, False))]",20 items,20 items,479 items,77.0,18.0,95.0
480,"((15, 10), (True, True, False, False))","((14, 10), (True, True, False, False))",East,"[((15, 9), (True, True, False, False)), ((16, 10), (True, True, False, False)), ((14, 10), (True, True, False, False))]",20 items,21 items,480 items,69.0,26.0,95.0
481,"((24, 10), (True, True, False, False))","((24, 9), (True, True, False, False))",North,"[((24, 9), (True, True, False, False))]",21 items,20 items,481 items,78.0,17.0,95.0
482,"((16, 10), (True, True, False, False))","((15, 10), (True, True, False, False))",East,"[((15, 10), (True, True, False, False))]",20 items,19 items,482 items,70.0,25.0,95.0
483,"((13, 4), (False, True, False, False))","((12, 4), (False, True, False, False))",East,"[((13, 5), (False, True, False, False)), ((12, 4), (False, True, False, False))]",19 items,19 items,483 items,43.0,53.0,96.0
484,"((10, 6), (True, True, False, False))","((11, 6), (True, True, False, False))",West,"[((11, 6), (True, True, False, False)), ((9, 6), (True, True, False, False))]",19 items,19 items,484 items,62.0,34.0,96.0
485,"((17, 6), (True, True, False, False))","((18, 6), (True, True, False, False))",West,"[((18, 6), (True, True, False, False)), ((16, 6), (True, True, False, False))]",19 items,19 items,485 items,69.0,27.0,96.0
486,"((22, 5), (False, False, False, False))","((22, 4), (False, False, False, False))",North,"[((22, 6), (False, False, False, False)), ((22, 4), (False, False, False, False))]",19 items,19 items,486 items,37.0,59.0,96.0
487,"((13, 2), (False, True, False, False))","((12, 2), (False, True, False, False))",East,"[((13, 1), (False, True, False, False)), ((14, 2), (False, True, False, False)), ((12, 2), (False, True, False, False))]",19 items,19 items,487 items,45.0,51.0,96.0
488,"((13, 1), (False, True, False, False))","((12, 1), (False, True, False, False))",East,"[((13, 2), (False, True, False, False)), ((14, 1), (False, True, False, False)), ((12, 1), (False, True, False, False))]",19 items,19 items,488 items,46.0,50.0,96.0
489,"((21, 2), (False, False, False, False))","((22, 2), (False, False, False, False))",West,"[((22, 2), (False, False, False, False)), ((20, 2), (False, False, False, False))]",19 items,19 items,489 items,39.0,57.0,96.0
490,"((27, 1), (False, False, True, False))","((28, 1), (False, False, True, False))",West,"[((28, 1), (False, False, True, False)), ((26, 1), (False, False, True, False))]",19 items,19 items,490 items,46.0,50.0,96.0
491,"((27, 6), (False, False, True, False))","((28, 6), (False, False, True, False))",West,"[((28, 6), (False, False, True, False)), ((26, 6), (False, False, True, False))]",19 items,19 items,491 items,51.0,45.0,96.0
492,"((27, 8), (False, False, True, False))","((28, 8), (False, False, True, False))",West,"[((28, 8), (False, False, True, False)), ((26, 8), (False, False, True, False))]",19 items,19 items,492 items,53.0,43.0,96.0
493,"((15, 12), (False, False, False, False))","((16, 12), (False, False, False, False))",West,"[((16, 12), (False, False, False, False)), ((14, 12), (False, False, False, False))]",19 items,19 items,493 items,35.0,62.0,97.0
494,"((14, 10), (True, False, False, False))","((13, 10), (True, False, False, False))",East,"[((15, 10), (True, False, False, False)), ((13, 10), (True, False, False, False))]",19 items,19 items,494 items,44.0,53.0,97.0
495,"((26, 9), (False, False, False, False))","((26, 10), (False, False, False, False))",South,"[((26, 10), (False, False, False, False)), ((26, 8), (False, False, False, False))]",19 items,19 items,495 items,43.0,54.0,97.0
496,"((18, 6), (True, False, False, False))","((18, 5), (True, False, False, False))",North,"[((18, 5), (True, False, False, False)), ((19, 6), (True, False, False, False)), ((17, 6), (True, False, False, False))]",19 items,20 items,496 items,44.0,53.0,97.0
497,"((27, 8), (False, False, False, False))","((28, 8), (False, False, False, False))",West,"[((28, 8), (False, False, False, False)), ((26, 8), (False, False, False, False))]",20 items,19 items,497 items,43.0,54.0,97.0
498,"((10, 10), (True, True, False, False))","((11, 10), (True, True, False, False))",West,"[((11, 10), (True, True, False, False)), ((9, 10), (True, True, False, False))]",19 items,19 items,498 items,66.0,31.0,97.0
499,"((24, 7), (True, True, False, False))","((24, 8), (True, True, False, False))",South,"[((24, 8), (True, True, False, False)), ((24, 6), (True, True, False, False))]",19 items,19 items,499 items,77.0,20.0,97.0
500,"((27, 10), (False, False, False, True))","((28, 10), (False, False, False, True))",West,"[((28, 10), (False, False, False, True)), ((26, 10), (False, False, False, True))]",19 items,19 items,500 items,49.0,48.0,97.0
501,"((15, 9), (True, True, False, False))","((15, 10), (True, True, False, False))",South,"[((15, 10), (True, True, False, False)), ((15, 8), (True, True, False, False))]",19 items,19 items,501 items,70.0,27.0,97.0
502,"((19, 6), (True, False, False, False))","((18, 6), (True, False, False, False))",East,"[((20, 6), (True, False, False, False)), ((18, 6), (True, False, False, False))]",19 items,19 items,502 items,45.0,52.0,97.0
503,"((20, 6), (True, False, False, False))","((19, 6), (True, False, False, False))",East,"[((20, 7), (True, False, False, False)), ((19, 6), (True, False, False, False))]",19 items,19 items,503 items,46.0,51.0,97.0
504,"((13, 5), (False, True, False, False))","((13, 4), (False, True, False, False))",North,"[((13, 6), (False, True, False, False)), ((13, 4), (False, True, False, False))]",19 items,19 items,504 items,44.0,54.0,98.0
505,"((9, 6), (True, True, False, False))","((10, 6), (True, True, False, False))",West,"[((9, 7), (True, True, False, False)), ((10, 6), (True, True, False, False))]",19 items,19 items,505 items,63.0,35.0,98.0
506,"((16, 6), (True, True, False, False))","((17, 6), (True, True, False, False))",West,"[((17, 6), (True, True, False, False))]",19 items,18 items,506 items,70.0,28.0,98.0
507,"((22, 6), (False, False, False, False))","((22, 5), (False, False, False, False))",North,"[((22, 5), (False, False, False, False))]",18 items,17 items,507 items,38.0,60.0,98.0
508,"((14, 2), (False, True, False, False))","((13, 2), (False, True, False, False))",East,"[((14, 1), (False, True, False, False)), ((15, 2), (False, True, False, False)), ((13, 2), (False, True, False, False))]",17 items,17 items,508 items,46.0,52.0,98.0
509,"((14, 1), (False, True, False, False))","((13, 1), (False, True, False, False))",East,"[((14, 2), (False, True, False, False)), ((15, 1), (False, True, False, False)), ((13, 1), (False, True, False, False))]",17 items,17 items,509 items,47.0,51.0,98.0
510,"((20, 2), (False, False, False, False))","((21, 2), (False, False, False, False))",West,"[((21, 2), (False, False, False, False))]",17 items,16 items,510 items,40.0,58.0,98.0
511,"((26, 1), (False, False, True, False))","((27, 1), (False, False, True, False))",West,"[((27, 1), (False, False, True, False)), ((25, 1), (False, False, True, False))]",16 items,16 items,511 items,47.0,51.0,98.0
512,"((26, 6), (False, False, True, False))","((27, 6), (False, False, True, False))",West,"[((26, 5), (False, False, True, False)), ((27, 6), (False, False, True, False))]",16 items,16 items,512 items,52.0,46.0,98.0
513,"((26, 8), (False, False, True, False))","((27, 8), (False, False, True, False))",West,"[((26, 9), (False, False, True, False)), ((27, 8), (False, False, True, False))]",16 items,16 items,513 items,54.0,44.0,98.0
514,"((14, 12), (False, False, False, False))","((15, 12), (False, False, False, False))",West,"[((15, 12), (False, False, False, False)), ((13, 12), (False, False, False, False))]",16 items,16 items,514 items,36.0,62.0,98.0
515,"((24, 6), (True, True, False, False))","((24, 7), (True, True, False, False))",South,"[((24, 7), (True, True, False, False)), ((24, 5), (True, True, False, False))]",16 items,16 items,515 items,78.0,20.0,98.0
516,"((26, 9), (False, False, True, False))","((26, 8), (False, False, True, False))",North,"[((26, 10), (False, False, True, False)), ((26, 8), (False, False, True, False))]",16 items,16 items,516 items,55.0,43.0,98.0
517,"((13, 12), (False, False, False, False))","((14, 12), (False, False, False, False))",West,"[((14, 12), (False, False, False, False))]",16 items,"[((24, 5), (True, True, False, False)), ((26, 10), (False, False, True, False)), ((15, 10), (True, False, False, False)), ((9, 10), (True, True, False, False)), ((26, 8), (False, False, False, False)), ((17, 6), (True, False, False, False)), ((15, 8), (True, True, False, False)), ((15, 1), (False, True, False, False)), ((26, 5), (False, False, True, False)), ((25, 1), (False, False, True, False)), ((26, 10), (False, False, False, True)), ((9, 7), (True, True, False, False)), ((20, 7), (True, False, False, False)), ((15, 2), (False, True, False, False)), ((13, 6), (False, True, False, False))]",517 items,37.0,61.0,98.0
518,"((24, 5), (True, True, False, False))","((24, 6), (True, True, False, False))",South,"[((24, 6), (True, True, False, False)), ((24, 4), (True, True, False, False))]","[((24, 5), (True, True, False, False)), ((26, 10), (False, False, True, False)), ((15, 10), (True, False, False, False)), ((9, 10), (True, True, False, False)), ((26, 8), (False, False, False, False)), ((17, 6), (True, False, False, False)), ((15, 8), (True, True, False, False)), ((15, 1), (False, True, False, False)), ((26, 5), (False, False, True, False)), ((25, 1), (False, False, True, False)), ((26, 10), (False, False, False, True)), ((9, 7), (True, True, False, False)), ((20, 7), (True, False, False, False)), ((15, 2), (False, True, False, False)), ((13, 6), (False, True, False, False))]","[((26, 10), (False, False, True, False)), ((26, 8), (False, False, False, False)), ((24, 4), (True, True, False, False)), ((9, 10), (True, True, False, False)), ((26, 10), (False, False, False, True)), ((17, 6), (True, False, False, False)), ((15, 10), (True, False, False, False)), ((15, 1), (False, True, False, False)), ((26, 5), (False, False, True, False)), ((25, 1), (False, False, True, False)), ((13, 6), (False, True, False, False)), ((9, 7), (True, True, False, False)), ((20, 7), (True, False, False, False)), ((15, 2), (False, True, False, False)), ((15, 8), (True, True, False, False))]",518 items,79.0,19.0,98.0
519,"((26, 10), (False, False, True, False))","((26, 9), (False, False, True, False))",North,"[((26, 11), (False, False, True, False)), ((26, 9), (False, False, True, False)), ((27, 10), (False, False, True, False))]","[((26, 10), (False, False, True, False)), ((26, 8), (False, False, False, False)), ((24, 4), (True, True, False, False)), ((9, 10), (True, True, False, False)), ((26, 10), (False, False, False, True)), ((17, 6), (True, False, False, False)), ((15, 10), (True, False, False, False)), ((15, 1), (False, True, False, False)), ((26, 5), (False, False, True, False)), ((25, 1), (False, False, True, False)), ((13, 6), (False, True, False, False)), ((9, 7), (True, True, False, False)), ((20, 7), (True, False, False, False)), ((15, 2), (False, True, False, False)), ((15, 8), (True, True, False, False))]",16 items,519 items,56.0,42.0,98.0
520,"((24, 4), (True, True, False, False))","((24, 5), (True, True, False, False))",South,"[((24, 5), (True, True, False, False)), ((25, 4), (True, True, False, False)), ((23, 4), (True, True, False, False))]",16 items,17 items,520 items,80.0,18.0,98.0
521,"((26, 11), (False, False, True, False))","((26, 10), (False, False, True, False))",North,"[((26, 12), (False, False, True, False)), ((26, 10), (False, False, True, False))]",17 items,17 items,521 items,57.0,41.0,98.0
522,"((27, 10), (False, False, True, False))","((26, 10), (False, False, True, False))",East,"[((28, 10), (False, False, True, False)), ((26, 10), (False, False, True, False))]",17 items,17 items,522 items,57.0,41.0,98.0
523,"((25, 4), (True, True, False, False))","((24, 4), (True, True, False, False))",East,"[((26, 4), (True, True, False, False)), ((24, 4), (True, True, False, False))]",17 items,17 items,523 items,81.0,17.0,98.0
524,"((26, 12), (False, False, True, False))","((26, 11), (False, False, True, False))",North,"[((26, 11), (False, False, True, False)), ((25, 12), (False, False, True, False))]",17 items,17 items,524 items,58.0,40.0,98.0
525,"((28, 10), (False, False, True, False))","((27, 10), (False, False, True, False))",East,"[((28, 11), (False, False, True, False)), ((27, 10), (False, False, True, False))]",17 items,17 items,525 items,58.0,40.0,98.0
526,"((26, 4), (True, True, False, False))","((25, 4), (True, True, False, False))",East,"[((26, 5), (True, True, False, False)), ((26, 3), (True, True, False, False)), ((25, 4), (True, True, False, False))]",17 items,18 items,526 items,82.0,16.0,98.0
527,"((28, 11), (False, False, True, False))","((28, 10), (False, False, True, False))",North,"[((28, 12), (False, False, True, True)), ((28, 10), (False, False, True, False))]",18 items,18 items,527 items,59.0,39.0,98.0
528,"((26, 3), (True, True, False, False))","((26, 4), (True, True, False, False))",South,"[((26, 4), (True, True, False, False))]",18 items,17 items,528 items,83.0,15.0,98.0
529,"((28, 12), (False, False, True, True))","((28, 11), (False, False, True, False))",North,"[((28, 11), (False, False, True, True))]",17 items,17 items,529 items,60.0,38.0,98.0
530,"((15, 10), (True, False, False, False))","((14, 10), (True, False, False, False))",East,"[((15, 9), (True, False, False, False)), ((16, 10), (True, False, False, False)), ((14, 10), (True, False, False, False))]",17 items,18 items,530 items,45.0,54.0,99.0
531,"((26, 8), (False, False, False, False))","((26, 9), (False, False, False, False))",South,"[((26, 9), (False, False, False, False)), ((27, 8), (False, False, False, False))]",18 items,17 items,531 items,44.0,55.0,99.0
532,"((17, 6), (True, False, False, False))","((18, 6), (True, False, False, False))",West,"[((18, 6), (True, False, False, False)), ((16, 6), (True, False, False, False))]",17 items,17 items,532 items,45.0,54.0,99.0
533,"((9, 10), (True, True, False, False))","((10, 10), (True, True, False, False))",West,"[((9, 11), (True, True, False, False)), ((10, 10), (True, True, False, False))]",17 items,17 items,533 items,67.0,32.0,99.0
534,"((26, 10), (False, False, False, True))","((27, 10), (False, False, False, True))",West,"[((26, 11), (False, False, False, True)), ((26, 9), (False, False, False, True)), ((27, 10), (False, False, False, True))]",17 items,18 items,534 items,50.0,49.0,99.0
535,"((15, 8), (True, True, False, False))","((15, 9), (True, True, False, False))",South,"[((15, 9), (True, True, False, False)), ((16, 8), (True, True, False, False))]",18 items,18 items,535 items,71.0,28.0,99.0
536,"((20, 7), (True, False, False, False))","((20, 6), (True, False, False, False))",North,"[((20, 8), (True, False, False, False)), ((20, 6), (True, False, False, False))]",18 items,18 items,536 items,47.0,52.0,99.0
537,"((9, 7), (True, True, False, False))","((9, 6), (True, True, False, False))",North,"[((9, 8), (True, True, False, False)), ((9, 6), (True, True, False, False))]",18 items,18 items,537 items,64.0,35.0,99.0
538,"((9, 11), (True, True, False, False))","((9, 10), (True, True, False, False))",North,"[((9, 12), (True, True, False, False)), ((9, 10), (True, True, False, False))]",18 items,18 items,538 items,68.0,31.0,99.0
539,"((26, 9), (False, False, False, True))","((26, 10), (False, False, False, True))",South,"[((26, 10), (False, False, False, True)), ((26, 8), (False, False, False, True))]",18 items,18 items,539 items,51.0,48.0,99.0
540,"((16, 8), (True, True, False, False))","((15, 8), (True, True, False, False))",East,"[((17, 8), (True, True, False, False)), ((15, 8), (True, True, False, False))]",18 items,18 items,540 items,72.0,27.0,99.0
541,"((9, 8), (True, True, False, False))","((9, 7), (True, True, False, False))",North,"[((9, 7), (True, True, False, False))]",18 items,17 items,541 items,65.0,34.0,99.0
542,"((9, 12), (True, True, False, False))","((9, 11), (True, True, False, False))",North,"[((9, 11), (True, True, False, False))]",17 items,16 items,542 items,69.0,30.0,99.0
543,"((26, 8), (False, False, False, True))","((26, 9), (False, False, False, True))",South,"[((26, 9), (False, False, False, True)), ((27, 8), (False, False, False, True))]",16 items,16 items,543 items,52.0,47.0,99.0
544,"((17, 8), (True, True, False, False))","((16, 8), (True, True, False, False))",East,"[((18, 8), (True, True, False, False)), ((16, 8), (True, True, False, False))]",16 items,16 items,544 items,73.0,26.0,99.0
545,"((27, 8), (False, False, False, True))","((26, 8), (False, False, False, True))",East,"[((28, 8), (False, False, False, True)), ((26, 8), (False, False, False, True))]",16 items,16 items,545 items,53.0,46.0,99.0
546,"((18, 8), (True, True, False, False))","((17, 8), (True, True, False, False))",East,"[((18, 9), (True, True, False, False)), ((17, 8), (True, True, False, False))]",16 items,16 items,546 items,74.0,25.0,99.0
547,"((28, 8), (False, False, False, True))","((27, 8), (False, False, False, True))",East,"[((28, 7), (False, False, False, True)), ((27, 8), (False, False, False, True))]",16 items,16 items,547 items,54.0,45.0,99.0
548,"((18, 9), (True, True, False, False))","((18, 8), (True, True, False, False))",North,"[((18, 10), (True, True, False, False)), ((18, 8), (True, True, False, False))]",16 items,16 items,548 items,75.0,24.0,99.0
549,"((28, 7), (False, False, False, True))","((28, 8), (False, False, False, True))",South,"[((28, 8), (False, False, False, True)), ((28, 6), (False, False, False, True))]",16 items,16 items,549 items,55.0,44.0,99.0
550,"((18, 10), (True, True, False, False))","((18, 9), (True, True, False, False))",North,"[((18, 11), (True, True, False, False)), ((18, 9), (True, True, False, False)), ((19, 10), (True, True, False, False))]",16 items,17 items,550 items,76.0,23.0,99.0
551,"((28, 6), (False, False, False, True))","((28, 7), (False, False, False, True))",South,"[((28, 7), (False, False, False, True)), ((28, 5), (False, False, False, True)), ((27, 6), (False, False, False, True))]",17 items,18 items,551 items,56.0,43.0,99.0
552,"((18, 11), (True, True, False, False))","((18, 10), (True, True, False, False))",North,"[((18, 12), (True, True, False, False)), ((18, 10), (True, True, False, False))]",18 items,18 items,552 items,77.0,22.0,99.0
553,"((19, 10), (True, True, False, False))","((18, 10), (True, True, False, False))",East,"[((20, 10), (True, True, False, False)), ((18, 10), (True, True, False, False))]",18 items,18 items,553 items,77.0,22.0,99.0
554,"((28, 5), (False, False, False, True))","((28, 6), (False, False, False, True))",South,"[((28, 6), (False, False, False, True)), ((28, 4), (False, False, False, True))]",18 items,18 items,554 items,57.0,42.0,99.0
555,"((18, 12), (True, True, False, False))","((18, 11), (True, True, False, False))",North,"[((18, 11), (True, True, False, False)), ((19, 12), (True, True, False, False)), ((17, 12), (True, True, False, False))]",18 items,19 items,555 items,78.0,21.0,99.0
556,"((20, 10), (True, True, False, False))","((19, 10), (True, True, False, False))",East,"[((21, 10), (True, True, False, False)), ((19, 10), (True, True, False, False))]",19 items,19 items,556 items,78.0,21.0,99.0
557,"((28, 4), (False, False, False, True))","((28, 5), (False, False, False, True))",South,"[((28, 5), (False, False, False, True)), ((28, 3), (False, False, False, True))]",19 items,19 items,557 items,58.0,41.0,99.0
558,"((19, 12), (True, True, False, False))","((18, 12), (True, True, False, False))",East,"[((20, 12), (True, True, False, False)), ((18, 12), (True, True, False, False))]",19 items,19 items,558 items,79.0,20.0,99.0
559,"((21, 10), (True, True, False, False))","((20, 10), (True, True, False, False))",East,"[((22, 10), (True, True, False, False)), ((20, 10), (True, True, False, False))]",19 items,19 items,559 items,79.0,20.0,99.0
560,"((28, 3), (False, False, False, True))","((28, 4), (False, False, False, True))",South,"[((28, 4), (False, False, False, True)), ((28, 2), (False, False, False, True))]",19 items,19 items,560 items,59.0,40.0,99.0
561,"((20, 12), (True, True, False, False))","((19, 12), (True, True, False, False))",East,"[((21, 12), (True, True, False, False)), ((19, 12), (True, True, False, False))]",19 items,19 items,561 items,80.0,19.0,99.0
562,"((22, 10), (True, True, False, False))","((21, 10), (True, True, False, False))",East,"[((21, 10), (True, True, False, False))]",19 items,18 items,562 items,80.0,19.0,99.0
563,"((28, 2), (False, False, False, True))","((28, 3), (False, False, False, True))",South,"[((28, 3), (False, False, False, True)), ((28, 1), (False, False, True, True))]",18 items,18 items,563 items,60.0,39.0,99.0
564,"((21, 12), (True, True, False, False))","((20, 12), (True, True, False, False))",East,"[((22, 12), (True, True, False, False)), ((20, 12), (True, True, False, False))]",18 items,18 items,564 items,81.0,18.0,99.0
565,"((28, 1), (False, False, True, True))","((28, 2), (False, False, False, True))",South,"[((28, 2), (False, False, True, True)), ((27, 1), (False, False, True, True))]",18 items,19 items,565 items,61.0,38.0,99.0
566,"((22, 12), (True, True, False, False))","((21, 12), (True, True, False, False))",East,"[((23, 12), (True, True, False, False)), ((21, 12), (True, True, False, False))]",19 items,19 items,566 items,82.0,17.0,99.0
567,"((27, 1), (False, False, True, True))","((28, 1), (False, False, True, True))",West,"[((28, 1), (False, False, True, True)), ((26, 1), (False, False, True, True))]",19 items,19 items,567 items,62.0,37.0,99.0
568,"((23, 12), (True, True, False, False))","((22, 12), (True, True, False, False))",East,"[((24, 12), (True, True, False, False)), ((22, 12), (True, True, False, False))]",19 items,19 items,568 items,83.0,16.0,99.0
569,"((26, 1), (False, False, True, True))","((27, 1), (False, False, True, True))",West,"[((27, 1), (False, False, True, True)), ((25, 1), (False, False, True, True))]",19 items,19 items,569 items,63.0,36.0,99.0
570,"((24, 12), (True, True, False, False))","((23, 12), (True, True, False, False))",East,"[((25, 12), (True, True, False, False)), ((23, 12), (True, True, False, False))]",19 items,19 items,570 items,84.0,15.0,99.0
571,"((25, 1), (False, False, True, True))","((26, 1), (False, False, True, True))",West,"[((26, 1), (False, False, True, True)), ((24, 1), (False, False, True, True))]",19 items,19 items,571 items,64.0,35.0,99.0
572,"((25, 12), (True, True, False, False))","((24, 12), (True, True, False, False))",East,"[((26, 12), (True, True, False, False)), ((24, 12), (True, True, False, False))]",19 items,19 items,572 items,85.0,14.0,99.0
573,"((24, 1), (False, False, True, True))","((25, 1), (False, False, True, True))",West,"[((24, 2), (False, False, True, True)), ((25, 1), (False, False, True, True))]",19 items,19 items,573 items,65.0,34.0,99.0
574,"((26, 12), (True, True, False, False))","((25, 12), (True, True, False, False))",East,"[((26, 11), (True, True, False, False)), ((25, 12), (True, True, False, False))]",19 items,19 items,574 items,86.0,13.0,99.0
575,"((13, 6), (False, True, False, False))","((13, 5), (False, True, False, False))",North,"[((13, 5), (False, True, False, False)), ((12, 6), (False, True, False, False))]",19 items,19 items,575 items,45.0,55.0,100.0
576,"((15, 2), (False, True, False, False))","((14, 2), (False, True, False, False))",East,"[((15, 1), (False, True, False, False)), ((16, 2), (False, True, False, False)), ((14, 2), (False, True, False, False))]",19 items,19 items,576 items,47.0,53.0,100.0
577,"((15, 1), (False, True, False, False))","((14, 1), (False, True, False, False))",East,"[((15, 2), (False, True, False, False)), ((16, 1), (False, True, False, False)), ((14, 1), (False, True, False, False))]",19 items,19 items,577 items,48.0,52.0,100.0
578,"((25, 1), (False, False, True, False))","((26, 1), (False, False, True, False))",West,"[((26, 1), (False, False, True, False)), ((24, 1), (False, False, True, False))]",19 items,19 items,578 items,48.0,52.0,100.0
579,"((26, 5), (False, False, True, False))","((26, 6), (False, False, True, False))",South,"[((26, 6), (False, False, True, False)), ((26, 4), (False, False, True, False))]",19 items,19 items,579 items,53.0,47.0,100.0
580,"((23, 4), (True, True, False, False))","((24, 4), (True, True, False, False))",West,"[((24, 4), (True, True, False, False)), ((22, 4), (True, True, False, False))]",19 items,19 items,580 items,81.0,19.0,100.0
581,"((25, 12), (False, False, True, False))","((26, 12), (False, False, True, False))",West,"[((26, 12), (False, False, True, False)), ((24, 12), (False, False, True, False))]",19 items,19 items,581 items,59.0,41.0,100.0
582,"((26, 5), (True, True, False, False))","((26, 4), (True, True, False, False))",North,"[((26, 6), (True, True, False, False)), ((26, 4), (True, True, False, False))]",19 items,19 items,582 items,83.0,17.0,100.0
583,"((28, 11), (False, False, True, True))","((28, 12), (False, False, True, True))",South,"[((28, 12), (False, False, True, True)), ((28, 10), (False, False, True, True))]",19 items,19 items,583 items,61.0,39.0,100.0
584,"((12, 6), (False, True, False, False))","((13, 6), (False, True, False, False))",West,"[((13, 6), (False, True, False, False)), ((11, 6), (False, True, False, False))]",19 items,19 items,584 items,46.0,54.0,100.0
585,"((11, 6), (False, True, False, False))","((12, 6), (False, True, False, False))",West,"[((11, 7), (False, True, False, False)), ((12, 6), (False, True, False, False)), ((10, 6), (False, True, False, False))]",19 items,20 items,585 items,47.0,53.0,100.0
586,"((10, 6), (False, True, False, False))","((11, 6), (False, True, False, False))",West,"[((11, 6), (False, True, False, False)), ((9, 6), (False, True, False, False))]",20 items,20 items,586 items,48.0,52.0,100.0
587,"((9, 6), (False, True, False, False))","((10, 6), (False, True, False, False))",West,"[((9, 7), (False, True, False, False)), ((10, 6), (False, True, False, False))]",20 items,20 items,587 items,49.0,51.0,100.0
588,"((15, 9), (True, False, False, False))","((15, 10), (True, False, False, False))",South,"[((15, 10), (True, False, False, False)), ((15, 8), (True, False, False, False))]",20 items,20 items,588 items,46.0,55.0,101.0
589,"((16, 10), (True, False, False, False))","((15, 10), (True, False, False, False))",East,"[((15, 10), (True, False, False, False))]",20 items,19 items,589 items,46.0,55.0,101.0
590,"((16, 6), (True, False, False, False))","((17, 6), (True, False, False, False))",West,"[((17, 6), (True, False, False, False))]",19 items,18 items,590 items,46.0,55.0,101.0
591,"((26, 11), (False, False, False, True))","((26, 10), (False, False, False, True))",North,"[((26, 12), (False, False, False, True)), ((26, 10), (False, False, False, True))]",18 items,18 items,591 items,51.0,50.0,101.0
592,"((20, 8), (True, False, False, False))","((20, 7), (True, False, False, False))",North,"[((20, 7), (True, False, False, False)), ((21, 8), (True, False, False, False))]",18 items,18 items,592 items,48.0,53.0,101.0
593,"((27, 6), (False, False, False, True))","((28, 6), (False, False, False, True))",West,"[((28, 6), (False, False, False, True)), ((26, 6), (False, False, False, True))]",18 items,18 items,593 items,57.0,44.0,101.0
594,"((17, 12), (True, True, False, False))","((18, 12), (True, True, False, False))",West,"[((18, 12), (True, True, False, False)), ((16, 12), (True, True, False, False))]",18 items,18 items,594 items,79.0,22.0,101.0
595,"((28, 2), (False, False, True, True))","((28, 1), (False, False, True, True))",North,"[((28, 3), (False, False, True, True)), ((28, 1), (False, False, True, True))]",18 items,18 items,595 items,62.0,39.0,101.0
596,"((24, 2), (False, False, True, True))","((24, 1), (False, False, True, True))",North,"[((24, 1), (False, False, True, True))]",18 items,17 items,596 items,66.0,35.0,101.0
597,"((26, 11), (True, True, False, False))","((26, 12), (True, True, False, False))",South,"[((26, 12), (True, True, False, False)), ((26, 10), (True, True, False, False))]",17 items,17 items,597 items,87.0,14.0,101.0
598,"((21, 8), (True, False, False, False))","((20, 8), (True, False, False, False))",East,"[((22, 8), (True, False, False, False)), ((20, 8), (True, False, False, False))]",17 items,17 items,598 items,49.0,52.0,101.0
599,"((22, 8), (True, False, False, False))","((21, 8), (True, False, False, False))",East,"[((23, 8), (True, False, False, False)), ((21, 8), (True, False, False, False))]",17 items,17 items,599 items,50.0,51.0,101.0
600,"((23, 8), (True, False, False, False))","((22, 8), (True, False, False, False))",East,"[((24, 8), (True, False, False, False)), ((22, 8), (True, False, False, False))]",17 items,17 items,600 items,51.0,50.0,101.0
601,"((24, 8), (True, False, False, False))","((23, 8), (True, False, False, False))",East,"[((24, 9), (True, False, False, False)), ((24, 7), (True, False, False, False)), ((23, 8), (True, False, False, False))]",17 items,18 items,601 items,52.0,49.0,101.0
602,"((24, 7), (True, False, False, False))","((24, 8), (True, False, False, False))",South,"[((24, 8), (True, False, False, False)), ((24, 6), (True, False, False, False))]",18 items,18 items,602 items,53.0,48.0,101.0
603,"((24, 6), (True, False, False, False))","((24, 7), (True, False, False, False))",South,"[((24, 7), (True, False, False, False)), ((24, 5), (True, False, False, False))]",18 items,18 items,603 items,54.0,47.0,101.0
604,"((24, 5), (True, False, False, False))","((24, 6), (True, False, False, False))",South,"[((24, 6), (True, False, False, False)), ((24, 4), (True, False, False, False))]",18 items,18 items,604 items,55.0,46.0,101.0
605,"((24, 4), (True, False, False, False))","((24, 5), (True, False, False, False))",South,"[((24, 5), (True, False, False, False)), ((25, 4), (True, False, False, False)), ((23, 4), (True, False, False, False))]",18 items,19 items,605 items,56.0,45.0,101.0
606,"((25, 4), (True, False, False, False))","((24, 4), (True, False, False, False))",East,"[((26, 4), (True, False, False, False)), ((24, 4), (True, False, False, False))]",19 items,19 items,606 items,57.0,44.0,101.0
607,"((26, 4), (True, False, False, False))","((25, 4), (True, False, False, False))",East,"[((26, 5), (True, False, False, False)), ((26, 3), (True, False, False, False)), ((25, 4), (True, False, False, False))]",19 items,20 items,607 items,58.0,43.0,101.0
608,"((26, 3), (True, False, False, False))","((26, 4), (True, False, False, False))",South,"[((26, 4), (True, False, False, False))]",20 items,19 items,608 items,59.0,42.0,101.0
609,"((16, 2), (False, True, False, False))","((15, 2), (False, True, False, False))",East,"[((16, 3), (False, True, False, False)), ((16, 1), (False, True, False, False)), ((15, 2), (False, True, False, False))]",19 items,19 items,609 items,48.0,54.0,102.0
610,"((16, 1), (False, True, False, False))","((15, 1), (False, True, False, False))",East,"[((16, 2), (False, True, False, False)), ((15, 1), (False, True, False, False))]",19 items,18 items,610 items,49.0,53.0,102.0
611,"((24, 1), (False, False, True, False))","((25, 1), (False, False, True, False))",West,"[((24, 2), (False, False, True, False)), ((25, 1), (False, False, True, False))]",18 items,18 items,611 items,49.0,53.0,102.0
612,"((26, 4), (False, False, True, False))","((26, 5), (False, False, True, False))",South,"[((26, 5), (False, False, True, False)), ((26, 3), (False, False, True, False)), ((25, 4), (False, False, True, False))]",18 items,19 items,612 items,54.0,48.0,102.0
613,"((22, 4), (True, True, False, False))","((23, 4), (True, True, False, False))",West,"[((22, 5), (True, True, False, False)), ((22, 3), (True, True, False, False)), ((23, 4), (True, True, False, False))]",19 items,20 items,613 items,82.0,20.0,102.0
614,"((24, 12), (False, False, True, False))","((25, 12), (False, False, True, False))",West,"[((25, 12), (False, False, True, False)), ((23, 12), (False, False, True, False))]",20 items,20 items,614 items,60.0,42.0,102.0
615,"((26, 6), (True, True, False, False))","((26, 5), (True, True, False, False))",North,"[((26, 5), (True, True, False, False)), ((27, 6), (True, True, False, False))]",20 items,20 items,615 items,84.0,18.0,102.0
616,"((28, 10), (False, False, True, True))","((28, 11), (False, False, True, True))",South,"[((28, 11), (False, False, True, True)), ((27, 10), (False, False, True, True))]",20 items,20 items,616 items,62.0,40.0,102.0
617,"((11, 7), (False, True, False, False))","((11, 6), (False, True, False, False))",North,"[((11, 8), (False, True, False, False)), ((11, 6), (False, True, False, False))]",20 items,20 items,617 items,48.0,54.0,102.0
618,"((9, 7), (False, True, False, False))","((9, 6), (False, True, False, False))",North,"[((9, 8), (False, True, False, False)), ((9, 6), (False, True, False, False))]",20 items,20 items,618 items,50.0,52.0,102.0
619,"((24, 2), (False, False, True, False))","((24, 1), (False, False, True, False))",North,"[((24, 1), (False, False, True, False))]",20 items,19 items,619 items,50.0,52.0,102.0
620,"((22, 3), (True, True, False, False))","((22, 4), (True, True, False, False))",South,"[((22, 4), (True, True, False, False)), ((22, 2), (True, True, False, False))]",19 items,19 items,620 items,83.0,19.0,102.0
621,"((27, 6), (True, True, False, False))","((26, 6), (True, True, False, False))",East,"[((28, 6), (True, True, False, False)), ((26, 6), (True, True, False, False))]",19 items,19 items,621 items,85.0,17.0,102.0
622,"((27, 10), (False, False, True, True))","((28, 10), (False, False, True, True))",West,"[((28, 10), (False, False, True, True)), ((26, 10), (False, False, True, True))]",19 items,19 items,622 items,63.0,39.0,102.0
623,"((22, 2), (True, True, False, False))","((22, 3), (True, True, False, False))",South,"[((22, 3), (True, True, False, False)), ((22, 1), (True, True, False, False)), ((21, 2), (True, True, False, False))]",19 items,20 items,623 items,84.0,18.0,102.0
624,"((28, 6), (True, True, False, False))","((27, 6), (True, True, False, False))",East,"[((28, 7), (True, True, False, False)), ((28, 5), (True, True, False, False)), ((27, 6), (True, True, False, False))]",20 items,21 items,624 items,86.0,16.0,102.0
625,"((26, 10), (False, False, True, True))","((27, 10), (False, False, True, True))",West,"[((26, 11), (False, False, True, True)), ((26, 9), (False, False, True, True)), ((27, 10), (False, False, True, True))]",21 items,22 items,625 items,64.0,38.0,102.0
626,"((22, 1), (True, True, False, False))","((22, 2), (True, True, False, False))",South,"[((22, 2), (True, True, False, False))]",22 items,21 items,626 items,85.0,17.0,102.0
627,"((28, 5), (True, True, False, False))","((28, 6), (True, True, False, False))",South,"[((28, 6), (True, True, False, False)), ((28, 4), (True, True, False, False))]",21 items,21 items,627 items,87.0,15.0,102.0
628,"((26, 11), (False, False, True, True))","((26, 10), (False, False, True, True))",North,"[((26, 12), (False, False, True, True)), ((26, 10), (False, False, True, True))]",21 items,21 items,628 items,65.0,37.0,102.0
629,"((28, 4), (True, True, False, False))","((28, 5), (True, True, False, False))",South,"[((28, 5), (True, True, False, False)), ((28, 3), (True, True, False, False))]",21 items,21 items,629 items,88.0,14.0,102.0
630,"((26, 12), (False, False, True, True))","((26, 11), (False, False, True, True))",North,"[((26, 11), (False, False, True, True)), ((25, 12), (False, False, True, True))]",21 items,21 items,630 items,66.0,36.0,102.0
631,"((28, 3), (True, True, False, False))","((28, 4), (True, True, False, False))",South,"[((28, 4), (True, True, False, False)), ((28, 2), (True, True, False, False))]",21 items,21 items,631 items,89.0,13.0,102.0
632,"((25, 12), (False, False, True, True))","((26, 12), (False, False, True, True))",West,"[((26, 12), (False, False, True, True)), ((24, 12), (False, False, True, True))]",21 items,21 items,632 items,67.0,35.0,102.0
633,"((28, 2), (True, True, False, False))","((28, 3), (True, True, False, False))",South,"[((28, 3), (True, True, False, False)), ((28, 1), (True, True, True, False))]",21 items,21 items,633 items,90.0,12.0,102.0
634,"((24, 12), (False, False, True, True))","((25, 12), (False, False, True, True))",West,"[((25, 12), (False, False, True, True)), ((23, 12), (False, False, True, True))]",21 items,21 items,634 items,68.0,34.0,102.0
635,"((28, 1), (True, True, True, False))","((28, 2), (True, True, False, False))",South,"[((28, 2), (True, True, True, False)), ((27, 1), (True, True, True, False))]",21 items,22 items,635 items,91.0,11.0,102.0
636,"((23, 12), (False, False, True, True))","((24, 12), (False, False, True, True))",West,"[((24, 12), (False, False, True, True)), ((22, 12), (False, False, True, True))]",22 items,22 items,636 items,69.0,33.0,102.0
637,"((28, 2), (True, True, True, False))","((28, 1), (True, True, True, False))",North,"[((28, 3), (True, True, True, False)), ((28, 1), (True, True, True, False))]",22 items,22 items,637 items,92.0,10.0,102.0
638,"((22, 12), (False, False, True, True))","((23, 12), (False, False, True, True))",West,"[((23, 12), (False, False, True, True)), ((21, 12), (False, False, True, True))]",22 items,22 items,638 items,70.0,32.0,102.0
639,"((28, 3), (True, True, True, False))","((28, 2), (True, True, True, False))",North,"[((28, 4), (True, True, True, False)), ((28, 2), (True, True, True, False))]",22 items,22 items,639 items,93.0,9.0,102.0
640,"((21, 12), (False, False, True, True))","((22, 12), (False, False, True, True))",West,"[((22, 12), (False, False, True, True)), ((20, 12), (False, False, True, True))]",22 items,22 items,640 items,71.0,31.0,102.0
641,"((28, 4), (True, True, True, False))","((28, 3), (True, True, True, False))",North,"[((28, 5), (True, True, True, False)), ((28, 3), (True, True, True, False))]",22 items,22 items,641 items,94.0,8.0,102.0
642,"((20, 12), (False, False, True, True))","((21, 12), (False, False, True, True))",West,"[((21, 12), (False, False, True, True)), ((19, 12), (False, False, True, True))]",22 items,22 items,642 items,72.0,30.0,102.0
643,"((28, 5), (True, True, True, False))","((28, 4), (True, True, True, False))",North,"[((28, 6), (True, True, True, False)), ((28, 4), (True, True, True, False))]",22 items,22 items,643 items,95.0,7.0,102.0
644,"((19, 12), (False, False, True, True))","((20, 12), (False, False, True, True))",West,"[((20, 12), (False, False, True, True)), ((18, 12), (False, False, True, True))]",22 items,22 items,644 items,73.0,29.0,102.0
645,"((28, 6), (True, True, True, False))","((28, 5), (True, True, True, False))",North,"[((28, 7), (True, True, True, False)), ((28, 5), (True, True, True, False)), ((27, 6), (True, True, True, False))]",22 items,23 items,645 items,96.0,6.0,102.0
646,"((18, 12), (False, False, True, True))","((19, 12), (False, False, True, True))",West,"[((18, 11), (False, False, True, True)), ((19, 12), (False, False, True, True)), ((17, 12), (False, False, True, True))]",23 items,24 items,646 items,74.0,28.0,102.0
647,"((28, 7), (True, True, True, False))","((28, 6), (True, True, True, False))",North,"[((28, 8), (True, True, True, False)), ((28, 6), (True, True, True, False))]",24 items,24 items,647 items,97.0,5.0,102.0
648,"((17, 12), (False, False, True, True))","((18, 12), (False, False, True, True))",West,"[((18, 12), (False, False, True, True)), ((16, 12), (False, False, True, True))]",24 items,24 items,648 items,75.0,27.0,102.0
649,"((28, 8), (True, True, True, False))","((28, 7), (True, True, True, False))",North,"[((28, 7), (True, True, True, False)), ((27, 8), (True, True, True, False))]",24 items,24 items,649 items,98.0,4.0,102.0
650,"((16, 12), (False, False, True, True))","((17, 12), (False, False, True, True))",West,"[((17, 12), (False, False, True, True)), ((15, 12), (False, False, True, True))]",24 items,24 items,650 items,76.0,26.0,102.0
651,"((15, 12), (False, False, True, True))","((16, 12), (False, False, True, True))",West,"[((16, 12), (False, False, True, True)), ((14, 12), (False, False, True, True))]",24 items,24 items,651 items,77.0,25.0,102.0
652,"((14, 12), (False, False, True, True))","((15, 12), (False, False, True, True))",West,"[((15, 12), (False, False, True, True)), ((13, 12), (False, False, True, True))]",24 items,24 items,652 items,78.0,24.0,102.0
653,"((13, 12), (False, False, True, True))","((14, 12), (False, False, True, True))",West,"[((14, 12), (False, False, True, True))]",24 items,23 items,653 items,79.0,23.0,102.0
654,"((15, 8), (True, False, False, False))","((15, 9), (True, False, False, False))",South,"[((15, 9), (True, False, False, False)), ((16, 8), (True, False, False, False))]",23 items,23 items,654 items,47.0,56.0,103.0
655,"((26, 12), (False, False, False, True))","((26, 11), (False, False, False, True))",North,"[((26, 11), (False, False, False, True)), ((25, 12), (False, False, False, True))]",23 items,23 items,655 items,52.0,51.0,103.0
656,"((26, 6), (False, False, False, True))","((27, 6), (False, False, False, True))",West,"[((26, 5), (False, False, False, True)), ((27, 6), (False, False, False, True))]",23 items,23 items,656 items,58.0,45.0,103.0
657,"((16, 12), (True, True, False, False))","((17, 12), (True, True, False, False))",West,"[((17, 12), (True, True, False, False)), ((15, 12), (True, True, False, False))]",23 items,23 items,657 items,80.0,23.0,103.0
658,"((28, 3), (False, False, True, True))","((28, 2), (False, False, True, True))",North,"[((28, 4), (False, False, True, True)), ((28, 2), (False, False, True, True))]",23 items,23 items,658 items,63.0,40.0,103.0
659,"((26, 10), (True, True, False, False))","((26, 11), (True, True, False, False))",South,"[((26, 11), (True, True, False, False)), ((26, 9), (True, True, False, False)), ((27, 10), (True, True, False, False))]",23 items,24 items,659 items,88.0,15.0,103.0
660,"((24, 9), (True, False, False, False))","((24, 8), (True, False, False, False))",North,"[((24, 10), (True, False, False, False)), ((24, 8), (True, False, False, False))]",24 items,24 items,660 items,53.0,50.0,103.0
661,"((23, 4), (True, False, False, False))","((24, 4), (True, False, False, False))",West,"[((24, 4), (True, False, False, False)), ((22, 4), (True, False, False, False))]",24 items,24 items,661 items,57.0,46.0,103.0
662,"((26, 5), (True, False, False, False))","((26, 4), (True, False, False, False))",North,"[((26, 6), (True, False, False, False)), ((26, 4), (True, False, False, False))]",24 items,24 items,662 items,59.0,44.0,103.0
663,"((28, 7), (True, True, False, False))","((28, 6), (True, True, False, False))",North,"[((28, 8), (True, True, False, False)), ((28, 6), (True, True, False, False))]",24 items,24 items,663 items,87.0,16.0,103.0
664,"((26, 5), (False, False, False, True))","((26, 6), (False, False, False, True))",South,"[((26, 6), (False, False, False, True)), ((26, 4), (False, False, False, True))]",24 items,24 items,664 items,59.0,44.0,103.0
665,"((27, 10), (True, True, False, False))","((26, 10), (True, True, False, False))",East,"[((28, 10), (True, True, False, False)), ((26, 10), (True, True, False, False))]",24 items,24 items,665 items,89.0,14.0,103.0
666,"((28, 8), (True, True, False, False))","((28, 7), (True, True, False, False))",North,"[((28, 7), (True, True, False, False)), ((27, 8), (True, True, False, False))]",24 items,24 items,666 items,88.0,15.0,103.0
667,"((26, 4), (False, False, False, True))","((26, 5), (False, False, False, True))",South,"[((26, 5), (False, False, False, True)), ((26, 3), (False, False, False, True)), ((25, 4), (False, False, False, True))]",24 items,25 items,667 items,60.0,43.0,103.0
668,"((28, 10), (True, True, False, False))","((27, 10), (True, True, False, False))",East,"[((28, 11), (True, True, False, False)), ((27, 10), (True, True, False, False))]",25 items,25 items,668 items,90.0,13.0,103.0
669,"((26, 3), (False, False, False, True))","((26, 4), (False, False, False, True))",South,"[((26, 4), (False, False, False, True))]",25 items,24 items,669 items,61.0,42.0,103.0
670,"((28, 11), (True, True, False, False))","((28, 10), (True, True, False, False))",North,"[((28, 12), (True, True, False, True)), ((28, 10), (True, True, False, False))]",24 items,24 items,670 items,91.0,12.0,103.0
671,"((28, 12), (True, True, False, True))","((28, 11), (True, True, False, False))",North,"[((28, 11), (True, True, False, True))]",24 items,24 items,671 items,92.0,11.0,103.0
672,"((28, 11), (True, True, False, True))","((28, 12), (True, True, False, True))",South,"[((28, 12), (True, True, False, True)), ((28, 10), (True, True, False, True))]",24 items,24 items,672 items,93.0,10.0,103.0
673,"((28, 10), (True, True, False, True))","((28, 11), (True, True, False, True))",South,"[((28, 11), (True, True, False, True)), ((27, 10), (True, True, False, True))]",24 items,24 items,673 items,94.0,9.0,103.0
674,"((16, 3), (False, True, False, False))","((16, 2), (False, True, False, False))",North,"[((16, 4), (False, True, False, False)), ((16, 2), (False, True, False, False))]",24 items,24 items,674 items,49.0,55.0,104.0
675,"((26, 3), (False, False, True, False))","((26, 4), (False, False, True, False))",South,"[((26, 4), (False, False, True, False))]",24 items,23 items,675 items,55.0,49.0,104.0
676,"((25, 4), (False, False, True, False))","((26, 4), (False, False, True, False))",West,"[((26, 4), (False, False, True, False)), ((24, 4), (False, False, True, False))]",23 items,23 items,676 items,55.0,49.0,104.0
677,"((22, 5), (True, True, False, False))","((22, 4), (True, True, False, False))",North,"[((22, 6), (True, True, False, False)), ((22, 4), (True, True, False, False))]",23 items,23 items,677 items,83.0,21.0,104.0
678,"((23, 12), (False, False, True, False))","((24, 12), (False, False, True, False))",West,"[((24, 12), (False, False, True, False)), ((22, 12), (False, False, True, False))]",23 items,23 items,678 items,61.0,43.0,104.0
679,"((11, 8), (False, True, False, False))","((11, 7), (False, True, False, False))",North,"[((11, 9), (False, True, False, False)), ((11, 7), (False, True, False, False)), ((12, 8), (False, True, False, False))]",23 items,24 items,679 items,49.0,55.0,104.0
680,"((9, 8), (False, True, False, False))","((9, 7), (False, True, False, False))",North,"[((9, 7), (False, True, False, False))]",24 items,23 items,680 items,51.0,53.0,104.0
681,"((21, 2), (True, True, False, False))","((22, 2), (True, True, False, False))",West,"[((22, 2), (True, True, False, False)), ((20, 2), (True, True, False, False))]",23 items,23 items,681 items,85.0,19.0,104.0
682,"((26, 9), (False, False, True, True))","((26, 10), (False, False, True, True))",South,"[((26, 10), (False, False, True, True)), ((26, 8), (False, False, True, True))]",23 items,23 items,682 items,65.0,39.0,104.0
683,"((27, 1), (True, True, True, False))","((28, 1), (True, True, True, False))",West,"[((28, 1), (True, True, True, False)), ((26, 1), (True, True, True, False))]",23 items,23 items,683 items,92.0,12.0,104.0
684,"((27, 6), (True, True, True, False))","((28, 6), (True, True, True, False))",West,"[((28, 6), (True, True, True, False)), ((26, 6), (True, True, True, False))]",23 items,23 items,684 items,97.0,7.0,104.0
685,"((18, 11), (False, False, True, True))","((18, 12), (False, False, True, True))",South,"[((18, 12), (False, False, True, True)), ((18, 10), (False, False, True, True))]",23 items,23 items,685 items,75.0,29.0,104.0
686,"((27, 8), (True, True, True, False))","((28, 8), (True, True, True, False))",West,"[((28, 8), (True, True, True, False)), ((26, 8), (True, True, True, False))]",23 items,23 items,686 items,99.0,5.0,104.0
687,"((16, 8), (True, False, False, False))","((15, 8), (True, False, False, False))",East,"[((17, 8), (True, False, False, False)), ((15, 8), (True, False, False, False))]",23 items,23 items,687 items,48.0,57.0,105.0
688,"((25, 12), (False, False, False, True))","((26, 12), (False, False, False, True))",West,"[((26, 12), (False, False, False, True)), ((24, 12), (False, False, False, True))]",23 items,23 items,688 items,53.0,52.0,105.0
689,"((15, 12), (True, True, False, False))","((16, 12), (True, True, False, False))",West,"[((16, 12), (True, True, False, False)), ((14, 12), (True, True, False, False))]",23 items,23 items,689 items,81.0,24.0,105.0
690,"((28, 4), (False, False, True, True))","((28, 3), (False, False, True, True))",North,"[((28, 5), (False, False, True, True)), ((28, 3), (False, False, True, True))]",23 items,23 items,690 items,64.0,41.0,105.0
691,"((26, 9), (True, True, False, False))","((26, 10), (True, True, False, False))",South,"[((26, 10), (True, True, False, False)), ((26, 8), (True, True, False, False))]",23 items,23 items,691 items,89.0,16.0,105.0
692,"((24, 10), (True, False, False, False))","((24, 9), (True, False, False, False))",North,"[((24, 9), (True, False, False, False))]",23 items,22 items,692 items,54.0,51.0,105.0
693,"((22, 4), (True, False, False, False))","((23, 4), (True, False, False, False))",West,"[((22, 5), (True, False, False, False)), ((22, 3), (True, False, False, False)), ((23, 4), (True, False, False, False))]",22 items,23 items,693 items,58.0,47.0,105.0
694,"((26, 6), (True, False, False, False))","((26, 5), (True, False, False, False))",North,"[((26, 5), (True, False, False, False)), ((27, 6), (True, False, False, False))]",23 items,23 items,694 items,60.0,45.0,105.0
695,"((27, 8), (True, True, False, False))","((28, 8), (True, True, False, False))",West,"[((28, 8), (True, True, False, False)), ((26, 8), (True, True, False, False))]",23 items,22 items,695 items,89.0,16.0,105.0
696,"((25, 4), (False, False, False, True))","((26, 4), (False, False, False, True))",West,"[((26, 4), (False, False, False, True)), ((24, 4), (False, False, False, True))]",22 items,22 items,696 items,61.0,44.0,105.0
697,"((27, 10), (True, True, False, True))","((28, 10), (True, True, False, True))",West,"[((28, 10), (True, True, False, True)), ((26, 10), (True, True, False, True))]",22 items,22 items,697 items,95.0,10.0,105.0
698,"((17, 8), (True, False, False, False))","((16, 8), (True, False, False, False))",East,"[((18, 8), (True, False, False, False)), ((16, 8), (True, False, False, False))]",22 items,22 items,698 items,49.0,56.0,105.0
699,"((22, 3), (True, False, False, False))","((22, 4), (True, False, False, False))",South,"[((22, 4), (True, False, False, False)), ((22, 2), (True, False, False, False))]",22 items,22 items,699 items,59.0,46.0,105.0
700,"((27, 6), (True, False, False, False))","((26, 6), (True, False, False, False))",East,"[((28, 6), (True, False, False, False)), ((26, 6), (True, False, False, False))]",22 items,22 items,700 items,61.0,44.0,105.0
701,"((18, 8), (True, False, False, False))","((17, 8), (True, False, False, False))",East,"[((18, 9), (True, False, False, False)), ((17, 8), (True, False, False, False))]",22 items,22 items,701 items,50.0,55.0,105.0
702,"((22, 2), (True, False, False, False))","((22, 3), (True, False, False, False))",South,"[((22, 3), (True, False, False, False)), ((22, 1), (True, False, False, False)), ((21, 2), (True, False, False, False))]",22 items,23 items,702 items,60.0,45.0,105.0
703,"((28, 6), (True, False, False, False))","((27, 6), (True, False, False, False))",East,"[((28, 7), (True, False, False, False)), ((28, 5), (True, False, False, False)), ((27, 6), (True, False, False, False))]",23 items,24 items,703 items,62.0,43.0,105.0
704,"((22, 1), (True, False, False, False))","((22, 2), (True, False, False, False))",South,"[((22, 2), (True, False, False, False))]",24 items,23 items,704 items,61.0,44.0,105.0
705,"((28, 5), (True, False, False, False))","((28, 6), (True, False, False, False))",South,"[((28, 6), (True, False, False, False)), ((28, 4), (True, False, False, False))]",23 items,23 items,705 items,63.0,42.0,105.0
706,"((28, 4), (True, False, False, False))","((28, 5), (True, False, False, False))",South,"[((28, 5), (True, False, False, False)), ((28, 3), (True, False, False, False))]",23 items,23 items,706 items,64.0,41.0,105.0
707,"((28, 3), (True, False, False, False))","((28, 4), (True, False, False, False))",South,"[((28, 4), (True, False, False, False)), ((28, 2), (True, False, False, False))]",23 items,23 items,707 items,65.0,40.0,105.0
708,"((28, 2), (True, False, False, False))","((28, 3), (True, False, False, False))",South,"[((28, 3), (True, False, False, False)), ((28, 1), (True, False, True, False))]",23 items,23 items,708 items,66.0,39.0,105.0
709,"((28, 1), (True, False, True, False))","((28, 2), (True, False, False, False))",South,"[((28, 2), (True, False, True, False)), ((27, 1), (True, False, True, False))]",23 items,24 items,709 items,67.0,38.0,105.0
710,"((28, 2), (True, False, True, False))","((28, 1), (True, False, True, False))",North,"[((28, 3), (True, False, True, False)), ((28, 1), (True, False, True, False))]",24 items,24 items,710 items,68.0,37.0,105.0
711,"((28, 3), (True, False, True, False))","((28, 2), (True, False, True, False))",North,"[((28, 4), (True, False, True, False)), ((28, 2), (True, False, True, False))]",24 items,24 items,711 items,69.0,36.0,105.0
712,"((28, 4), (True, False, True, False))","((28, 3), (True, False, True, False))",North,"[((28, 5), (True, False, True, False)), ((28, 3), (True, False, True, False))]",24 items,24 items,712 items,70.0,35.0,105.0
713,"((28, 5), (True, False, True, False))","((28, 4), (True, False, True, False))",North,"[((28, 6), (True, False, True, False)), ((28, 4), (True, False, True, False))]",24 items,24 items,713 items,71.0,34.0,105.0
714,"((28, 6), (True, False, True, False))","((28, 5), (True, False, True, False))",North,"[((28, 7), (True, False, True, False)), ((28, 5), (True, False, True, False)), ((27, 6), (True, False, True, False))]",24 items,25 items,714 items,72.0,33.0,105.0
715,"((28, 7), (True, False, True, False))","((28, 6), (True, False, True, False))",North,"[((28, 8), (True, False, True, False)), ((28, 6), (True, False, True, False))]",25 items,25 items,715 items,73.0,32.0,105.0
716,"((28, 8), (True, False, True, False))","((28, 7), (True, False, True, False))",North,"[((28, 7), (True, False, True, False)), ((27, 8), (True, False, True, False))]",25 items,25 items,716 items,74.0,31.0,105.0
717,"((16, 4), (False, True, False, False))","((16, 3), (False, True, False, False))",North,"[((16, 3), (False, True, False, False)), ((17, 4), (False, True, False, False))]",25 items,25 items,717 items,50.0,56.0,106.0
718,"((24, 4), (False, False, True, False))","((25, 4), (False, False, True, False))",West,"[((24, 5), (False, False, True, False)), ((25, 4), (False, False, True, False)), ((23, 4), (False, False, True, False))]",25 items,26 items,718 items,56.0,50.0,106.0
719,"((22, 6), (True, True, False, False))","((22, 5), (True, True, False, False))",North,"[((22, 5), (True, True, False, False))]",26 items,25 items,719 items,84.0,22.0,106.0
720,"((22, 12), (False, False, True, False))","((23, 12), (False, False, True, False))",West,"[((23, 12), (False, False, True, False)), ((21, 12), (False, False, True, False))]",25 items,25 items,720 items,62.0,44.0,106.0
721,"((11, 9), (False, True, False, False))","((11, 8), (False, True, False, False))",North,"[((11, 10), (False, True, False, False)), ((11, 8), (False, True, False, False))]",25 items,25 items,721 items,50.0,56.0,106.0
722,"((12, 8), (False, True, False, False))","((11, 8), (False, True, False, False))",East,"[((13, 8), (False, True, False, False)), ((11, 8), (False, True, False, False))]",25 items,25 items,722 items,50.0,56.0,106.0
723,"((20, 2), (True, True, False, False))","((21, 2), (True, True, False, False))",West,"[((21, 2), (True, True, False, False))]",25 items,24 items,723 items,86.0,20.0,106.0
724,"((26, 8), (False, False, True, True))","((26, 9), (False, False, True, True))",South,"[((26, 9), (False, False, True, True)), ((27, 8), (False, False, True, True))]",24 items,24 items,724 items,66.0,40.0,106.0
725,"((26, 1), (True, True, True, False))","((27, 1), (True, True, True, False))",West,"[((27, 1), (True, True, True, False)), ((25, 1), (True, True, True, False))]",24 items,24 items,725 items,93.0,13.0,106.0
726,"((26, 6), (True, True, True, False))","((27, 6), (True, True, True, False))",West,"[((26, 5), (True, True, True, False)), ((27, 6), (True, True, True, False))]",24 items,24 items,726 items,98.0,8.0,106.0
727,"((18, 10), (False, False, True, True))","((18, 11), (False, False, True, True))",South,"[((18, 11), (False, False, True, True)), ((18, 9), (False, False, True, True)), ((19, 10), (False, False, True, True))]",24 items,25 items,727 items,76.0,30.0,106.0
728,"((26, 8), (True, True, True, False))","((27, 8), (True, True, True, False))",West,"[((26, 9), (True, True, True, False)), ((27, 8), (True, True, True, False))]",25 items,25 items,728 items,100.0,6.0,106.0
729,"((24, 5), (False, False, True, False))","((24, 4), (False, False, True, False))",North,"[((24, 6), (False, False, True, False)), ((24, 4), (False, False, True, False))]",25 items,25 items,729 items,57.0,49.0,106.0
730,"((26, 9), (True, True, True, False))","((26, 8), (True, True, True, False))",North,"[((26, 10), (True, True, True, False)), ((26, 8), (True, True, True, False))]",25 items,25 items,730 items,101.0,5.0,106.0
731,"((24, 6), (False, False, True, False))","((24, 5), (False, False, True, False))",North,"[((24, 7), (False, False, True, False)), ((24, 5), (False, False, True, False))]",25 items,25 items,731 items,58.0,48.0,106.0
732,"((26, 10), (True, True, True, False))","((26, 9), (True, True, True, False))",North,"[((26, 11), (True, True, True, False)), ((26, 9), (True, True, True, False)), ((27, 10), (True, True, True, False))]",25 items,26 items,732 items,102.0,4.0,106.0
733,"((24, 7), (False, False, True, False))","((24, 6), (False, False, True, False))",North,"[((24, 8), (False, False, True, False)), ((24, 6), (False, False, True, False))]",26 items,26 items,733 items,59.0,47.0,106.0
734,"((26, 11), (True, True, True, False))","((26, 10), (True, True, True, False))",North,"[((26, 12), (True, True, True, False)), ((26, 10), (True, True, True, False))]",26 items,26 items,734 items,103.0,3.0,106.0
735,"((27, 10), (True, True, True, False))","((26, 10), (True, True, True, False))",East,"[((28, 10), (True, True, True, False)), ((26, 10), (True, True, True, False))]",26 items,26 items,735 items,103.0,3.0,106.0
736,"((24, 8), (False, False, True, False))","((24, 7), (False, False, True, False))",North,"[((24, 9), (False, False, True, False)), ((24, 7), (False, False, True, False)), ((23, 8), (False, False, True, False))]",26 items,27 items,736 items,60.0,46.0,106.0
737,"((26, 12), (True, True, True, False))","((26, 11), (True, True, True, False))",North,"[((26, 11), (True, True, True, False)), ((25, 12), (True, True, True, False))]",27 items,27 items,737 items,104.0,2.0,106.0
738,"((28, 10), (True, True, True, False))","((27, 10), (True, True, True, False))",East,"[((28, 11), (True, True, True, False)), ((27, 10), (True, True, True, False))]",27 items,27 items,738 items,104.0,2.0,106.0
739,"((24, 9), (False, False, True, False))","((24, 8), (False, False, True, False))",North,"[((24, 10), (False, False, True, False)), ((24, 8), (False, False, True, False))]",27 items,27 items,739 items,61.0,45.0,106.0
740,"((28, 11), (True, True, True, False))","((28, 10), (True, True, True, False))",North,"[((28, 12), (True, True, True, True)), ((28, 10), (True, True, True, False))]",27 items,27 items,740 items,105.0,1.0,106.0
741,"((24, 10), (False, False, True, False))","((24, 9), (False, False, True, False))",North,"[((24, 9), (False, False, True, False))]",27 items,26 items,741 items,62.0,44.0,106.0
742,"((28, 12), (True, True, True, True))","((28, 11), (True, True, True, False))",North,[],26 items,25 items,741 items,106.0,0.0,106.0
