iteration,expanded_state,parent,action,generated_successors,frontier_before,frontier_after,explored,g,h,f
1,"((4, 5), (False, False, False, False))",START,START,"[((4, 6), (False, False, False, False)), ((5, 5), (False, False, False, False)), ((3, 5), (False, False, False, False))]","[((4, 5), (False, False, False, False))]","[((3, 5), (False, False, False, False)), ((5, 5), (False, False, False, False)), ((4, 6), (False, False, False, False))]","[((4, 5), (False, False, False, False))]",0.0,0.0,0.0
2,"((4, 6), (False, False, False, False))","((4, 5), (False, False, False, False))",North,"[((4, 5), (False, False, False, False)), ((5, 6), (False, False, False, False)), ((3, 6), (False, False, False, False))]","[((3, 5), (False, False, False, False)), ((5, 5), (False, False, False, False)), ((4, 6), (False, False, False, False))]","[((3, 6), (False, False, False, False)), ((5, 6), (False, False, False, False)), ((3, 5), (False, False, False, False)), ((5, 5), (False, False, False, False))]","[((4, 5), (False, False, False, False)), ((4, 6), (False, False, False, False))]",1.0,0.0,1.0
3,"((5, 5), (False, False, False, False))","((4, 5), (False, False, False, False))",East,"[((5, 6), (False, False, False, False)), ((6, 5), (False, False, False, False)), ((4, 5), (False, False, False, False))]","[((3, 6), (False, False, False, False)), ((5, 6), (False, False, False, False)), ((3, 5), (False, False, False, False)), ((5, 5), (False, False, False, False))]","[((6, 5), (False, False, False, False)), ((3, 6), (False, False, False, False)), ((5, 6), (False, False, False, False)), ((3, 5), (False, False, False, False))]","[((4, 5), (False, False, False, False)), ((4, 6), (False, False, False, False)), ((5, 5), (False, False, False, False))]",1.0,0.0,1.0
4,"((3, 5), (False, False, False, False))","((4, 5), (False, False, False, False))",West,"[((3, 6), (False, False, False, False)), ((4, 5), (False, False, False, False)), ((2, 5), (False, False, False, False))]","[((6, 5), (False, False, False, False)), ((3, 6), (False, False, False, False)), ((5, 6), (False, False, False, False)), ((3, 5), (False, False, False, False))]","[((2, 5), (False, False, False, False)), ((6, 5), (False, False, False, False)), ((3, 6), (False, False, False, False)), ((5, 6), (False, False, False, False))]","[((4, 5), (False, False, False, False)), ((3, 5), (False, False, False, False)), ((4, 6), (False, False, False, False)), ((5, 5), (False, False, False, False))]",1.0,0.0,1.0
5,"((5, 6), (False, False, False, False))","((4, 6), (False, False, False, False))",East,"[((5, 5), (False, False, False, False)), ((6, 6), (False, False, False, True)), ((4, 6), (False, False, False, False))]","[((2, 5), (False, False, False, False)), ((6, 5), (False, False, False, False)), ((3, 6), (False, False, False, False)), ((5, 6), (False, False, False, False))]","[((6, 6), (False, False, False, True)), ((2, 5), (False, False, False, False)), ((6, 5), (False, False, False, False)), ((3, 6), (False, False, False, False))]","[((4, 6), (False, False, False, False)), ((5, 6), (False, False, False, False)), ((5, 5), (False, False, False, False)), ((4, 5), (False, False, False, False)), ((3, 5), (False, False, False, False))]",2.0,0.0,2.0
6,"((3, 6), (False, False, False, False))","((4, 6), (False, False, False, False))",West,"[((3, 5), (False, False, False, False)), ((4, 6), (False, False, False, False)), ((2, 6), (False, False, False, False))]","[((6, 6), (False, False, False, True)), ((2, 5), (False, False, False, False)), ((6, 5), (False, False, False, False)), ((3, 6), (False, False, False, False))]","[((2, 6), (False, False, False, False)), ((6, 6), (False, False, False, True)), ((2, 5), (False, False, False, False)), ((6, 5), (False, False, False, False))]","[((3, 6), (False, False, False, False)), ((4, 6), (False, False, False, False)), ((5, 6), (False, False, False, False)), ((5, 5), (False, False, False, False)), ((4, 5), (False, False, False, False)), ((3, 5), (False, False, False, False))]",2.0,0.0,2.0
7,"((6, 5), (False, False, False, False))","((5, 5), (False, False, False, False))",East,"[((6, 6), (False, False, False, True)), ((6, 4), (False, False, False, False)), ((5, 5), (False, False, False, False))]","[((2, 6), (False, False, False, False)), ((6, 6), (False, False, False, True)), ((2, 5), (False, False, False, False)), ((6, 5), (False, False, False, False))]","[((6, 4), (False, False, False, False)), ((2, 6), (False, False, False, False)), ((6, 6), (False, False, False, True)), ((2, 5), (False, False, False, False))]","[((6, 5), (False, False, False, False)), ((3, 6), (False, False, False, False)), ((4, 6), (False, False, False, False)), ((5, 6), (False, False, False, False)), ((5, 5), (False, False, False, False)), ((4, 5), (False, False, False, False)), ((3, 5), (False, False, False, False))]",2.0,0.0,2.0
8,"((2, 5), (False, False, False, False))","((3, 5), (False, False, False, False))",West,"[((2, 6), (False, False, False, False)), ((3, 5), (False, False, False, False)), ((1, 5), (False, False, False, False))]","[((6, 4), (False, False, False, False)), ((2, 6), (False, False, False, False)), ((6, 6), (False, False, False, True)), ((2, 5), (False, False, False, False))]","[((1, 5), (False, False, False, False)), ((6, 4), (False, False, False, False)), ((2, 6), (False, False, False, False)), ((6, 6), (False, False, False, True))]","[((6, 5), (False, False, False, False)), ((3, 6), (False, False, False, False)), ((4, 6), (False, False, False, False)), ((5, 6), (False, False, False, False)), ((5, 5), (False, False, False, False)), ((4, 5), (False, False, False, False)), ((2, 5), (False, False, False, False)), ((3, 5), (False, False, False, False))]",2.0,0.0,2.0
9,"((6, 6), (False, False, False, True))","((5, 6), (False, False, False, False))",East,"[((6, 5), (False, False, False, True)), ((5, 6), (False, False, False, True))]","[((1, 5), (False, False, False, False)), ((6, 4), (False, False, False, False)), ((2, 6), (False, False, False, False)), ((6, 6), (False, False, False, True))]","[((5, 6), (False, False, False, True)), ((6, 5), (False, False, False, True)), ((1, 5), (False, False, False, False)), ((6, 4), (False, False, False, False)), ((2, 6), (False, False, False, False))]","[((6, 5), (False, False, False, False)), ((3, 6), (False, False, False, False)), ((4, 6), (False, False, False, False)), ((5, 6), (False, False, False, False)), ((5, 5), (False, False, False, False)), ((6, 6), (False, False, False, True)), ((4, 5), (False, False, False, False)), ((2, 5), (False, False, False, False)), ((3, 5), (False, False, False, False))]",3.0,0.0,3.0
10,"((2, 6), (False, False, False, False))","((3, 6), (False, False, False, False))",West,"[((2, 5), (False, False, False, False)), ((3, 6), (False, False, False, False)), ((1, 6), (False, True, False, False))]","[((5, 6), (False, False, False, True)), ((6, 5), (False, False, False, True)), ((1, 5), (False, False, False, False)), ((6, 4), (False, False, False, False)), ((2, 6), (False, False, False, False))]","[((1, 6), (False, True, False, False)), ((5, 6), (False, False, False, True)), ((6, 5), (False, False, False, True)), ((1, 5), (False, False, False, False)), ((6, 4), (False, False, False, False))]","[((6, 5), (False, False, False, False)), ((3, 6), (False, False, False, False)), ((4, 6), (False, False, False, False)), ((5, 6), (False, False, False, False)), ((5, 5), (False, False, False, False)), ((6, 6), (False, False, False, True)), ((2, 6), (False, False, False, False)), ((4, 5), (False, False, False, False)), ((2, 5), (False, False, False, False)), ((3, 5), (False, False, False, False))]",3.0,0.0,3.0
11,"((6, 4), (False, False, False, False))","((6, 5), (False, False, False, False))",South,"[((6, 5), (False, False, False, False)), ((6, 3), (False, False, False, False))]","[((1, 6), (False, True, False, False)), ((5, 6), (False, False, False, True)), ((6, 5), (False, False, False, True)), ((1, 5), (False, False, False, False)), ((6, 4), (False, False, False, False))]","[((6, 3), (False, False, False, False)), ((1, 6), (False, True, False, False)), ((5, 6), (False, False, False, True)), ((6, 5), (False, False, False, True)), ((1, 5), (False, False, False, False))]","[((6, 5), (False, False, False, False)), ((6, 4), (False, False, False, False)), ((3, 6), (False, False, False, False)), ((4, 6), (False, False, False, False)), ((5, 6), (False, False, False, False)), ((5, 5), (False, False, False, False)), ((6, 6), (False, False, False, True)), ((2, 6), (False, False, False, False)), ((4, 5), (False, False, False, False)), ((2, 5), (False, False, False, False)), ((3, 5), (False, False, False, False))]",3.0,0.0,3.0
12,"((1, 5), (False, False, False, False))","((2, 5), (False, False, False, False))",West,"[((1, 6), (False, True, False, False)), ((1, 4), (False, False, False, False)), ((2, 5), (False, False, False, False))]","[((6, 3), (False, False, False, False)), ((1, 6), (False, True, False, False)), ((5, 6), (False, False, False, True)), ((6, 5), (False, False, False, True)), ((1, 5), (False, False, False, False))]","[((1, 4), (False, False, False, False)), ((6, 3), (False, False, False, False)), ((1, 6), (False, True, False, False)), ((5, 6), (False, False, False, True)), ((6, 5), (False, False, False, True))]","[((6, 5), (False, False, False, False)), ((6, 4), (False, False, False, False)), ((3, 6), (False, False, False, False)), ((1, 5), (False, False, False, False)), ((4, 6), (False, False, False, False)), ((5, 6), (False, False, False, False)), ((5, 5), (False, False, False, False)), ((6, 6), (False, False, False, True)), ((2, 6), (False, False, False, False)), ((4, 5), (False, False, False, False)), ((2, 5), (False, False, False, False)), ((3, 5), (False, False, False, False))]",3.0,0.0,3.0
13,"((6, 5), (False, False, False, True))","((6, 6), (False, False, False, True))",South,"[((6, 6), (False, False, False, True)), ((6, 4), (False, False, False, True)), ((5, 5), (False, False, False, True))]","[((1, 4), (False, False, False, False)), ((6, 3), (False, False, False, False)), ((1, 6), (False, True, False, False)), ((5, 6), (False, False, False, True)), ((6, 5), (False, False, False, True))]","[((5, 5), (False, False, False, True)), ((6, 4), (False, False, False, True)), ((1, 4), (False, False, False, False)), ((6, 3), (False, False, False, False)), ((1, 6), (False, True, False, False)), ((5, 6), (False, False, False, True))]","[((6, 5), (False, False, False, False)), ((6, 4), (False, False, False, False)), ((3, 6), (False, False, False, False)), ((1, 5), (False, False, False, False)), ((4, 6), (False, False, False, False)), ((5, 6), (False, False, False, False)), ((5, 5), (False, False, False, False)), ((6, 6), (False, False, False, True)), ((6, 5), (False, False, False, True)), ((2, 6), (False, False, False, False)), ((4, 5), (False, False, False, False)), ((2, 5), (False, False, False, False)), ((3, 5), (False, False, False, False))]",4.0,0.0,4.0
14,"((5, 6), (False, False, False, True))","((6, 6), (False, False, False, True))",West,"[((5, 5), (False, False, False, True)), ((6, 6), (False, False, False, True)), ((4, 6), (False, False, False, True))]","[((5, 5), (False, False, False, True)), ((6, 4), (False, False, False, True)), ((1, 4), (False, False, False, False)), ((6, 3), (False, False, False, False)), ((1, 6), (False, True, False, False)), ((5, 6), (False, False, False, True))]","[((4, 6), (False, False, False, True)), ((5, 5), (False, False, False, True)), ((6, 4), (False, False, False, True)), ((1, 4), (False, False, False, False)), ((6, 3), (False, False, False, False)), ((1, 6), (False, True, False, False))]","[((6, 5), (False, False, False, False)), ((6, 4), (False, False, False, False)), ((3, 6), (False, False, False, False)), ((1, 5), (False, False, False, False)), ((4, 6), (False, False, False, False)), ((5, 6), (False, False, False, True)), ((5, 6), (False, False, False, False)), ((5, 5), (False, False, False, False)), ((6, 6), (False, False, False, True)), ((6, 5), (False, False, False, True)), ((2, 6), (False, False, False, False)), ((4, 5), (False, False, False, False)), ((2, 5), (False, False, False, False)), ((3, 5), (False, False, False, False))]",4.0,0.0,4.0
15,"((1, 6), (False, True, False, False))","((2, 6), (False, False, False, False))",West,"[((1, 5), (False, True, False, False)), ((2, 6), (False, True, False, False))]","[((4, 6), (False, False, False, True)), ((5, 5), (False, False, False, True)), ((6, 4), (False, False, False, True)), ((1, 4), (False, False, False, False)), ((6, 3), (False, False, False, False)), ((1, 6), (False, True, False, False))]","[((2, 6), (False, True, False, False)), ((1, 5), (False, True, False, False)), ((4, 6), (False, False, False, True)), ((5, 5), (False, False, False, True)), ((6, 4), (False, False, False, True)), ((1, 4), (False, False, False, False)), ((6, 3), (False, False, False, False))]","[((1, 6), (False, True, False, False)), ((6, 5), (False, False, False, False)), ((6, 4), (False, False, False, False)), ((3, 6), (False, False, False, False)), ((1, 5), (False, False, False, False)), ((4, 6), (False, False, False, False)), ((5, 6), (False, False, False, True)), ((5, 6), (False, False, False, False)), ((5, 5), (False, False, False, False)), ((6, 6), (False, False, False, True)), ((6, 5), (False, False, False, True)), ((2, 6), (False, False, False, False)), ((4, 5), (False, False, False, False)), ((2, 5), (False, False, False, False)), ((3, 5), (False, False, False, False))]",4.0,0.0,4.0
16,"((6, 3), (False, False, False, False))","((6, 4), (False, False, False, False))",South,"[((6, 4), (False, False, False, False)), ((5, 3), (False, False, False, False))]","[((2, 6), (False, True, False, False)), ((1, 5), (False, True, False, False)), ((4, 6), (False, False, False, True)), ((5, 5), (False, False, False, True)), ((6, 4), (False, False, False, True)), ((1, 4), (False, False, False, False)), ((6, 3), (False, False, False, False))]","[((5, 3), (False, False, False, False)), ((2, 6), (False, True, False, False)), ((1, 5), (False, True, False, False)), ((4, 6), (False, False, False, True)), ((5, 5), (False, False, False, True)), ((6, 4), (False, False, False, True)), ((1, 4), (False, False, False, False))]",16 items,4.0,0.0,4.0
17,"((1, 4), (False, False, False, False))","((1, 5), (False, False, False, False))",South,"[((1, 5), (False, False, False, False)), ((1, 3), (False, False, False, False))]","[((5, 3), (False, False, False, False)), ((2, 6), (False, True, False, False)), ((1, 5), (False, True, False, False)), ((4, 6), (False, False, False, True)), ((5, 5), (False, False, False, True)), ((6, 4), (False, False, False, True)), ((1, 4), (False, False, False, False))]","[((1, 3), (False, False, False, False)), ((5, 3), (False, False, False, False)), ((2, 6), (False, True, False, False)), ((1, 5), (False, True, False, False)), ((4, 6), (False, False, False, True)), ((5, 5), (False, False, False, True)), ((6, 4), (False, False, False, True))]",17 items,4.0,0.0,4.0
18,"((6, 4), (False, False, False, True))","((6, 5), (False, False, False, True))",South,"[((6, 5), (False, False, False, True)), ((6, 3), (False, False, False, True))]","[((1, 3), (False, False, False, False)), ((5, 3), (False, False, False, False)), ((2, 6), (False, True, False, False)), ((1, 5), (False, True, False, False)), ((4, 6), (False, False, False, True)), ((5, 5), (False, False, False, True)), ((6, 4), (False, False, False, True))]","[((6, 3), (False, False, False, True)), ((1, 3), (False, False, False, False)), ((5, 3), (False, False, False, False)), ((2, 6), (False, True, False, False)), ((1, 5), (False, True, False, False)), ((4, 6), (False, False, False, True)), ((5, 5), (False, False, False, True))]",18 items,5.0,0.0,5.0
19,"((5, 5), (False, False, False, True))","((6, 5), (False, False, False, True))",West,"[((5, 6), (False, False, False, True)), ((6, 5), (False, False, False, True)), ((4, 5), (False, False, False, True))]","[((6, 3), (False, False, False, True)), ((1, 3), (False, False, False, False)), ((5, 3), (False, False, False, False)), ((2, 6), (False, True, False, False)), ((1, 5), (False, True, False, False)), ((4, 6), (False, False, False, True)), ((5, 5), (False, False, False, True))]","[((4, 5), (False, False, False, True)), ((6, 3), (False, False, False, True)), ((1, 3), (False, False, False, False)), ((5, 3), (False, False, False, False)), ((2, 6), (False, True, False, False)), ((1, 5), (False, True, False, False)), ((4, 6), (False, False, False, True))]",19 items,5.0,0.0,5.0
20,"((4, 6), (False, False, False, True))","((5, 6), (False, False, False, True))",West,"[((4, 5), (False, False, False, True)), ((5, 6), (False, False, False, True)), ((3, 6), (False, False, False, True))]","[((4, 5), (False, False, False, True)), ((6, 3), (False, False, False, True)), ((1, 3), (False, False, False, False)), ((5, 3), (False, False, False, False)), ((2, 6), (False, True, False, False)), ((1, 5), (False, True, False, False)), ((4, 6), (False, False, False, True))]","[((3, 6), (False, False, False, True)), ((4, 5), (False, False, False, True)), ((6, 3), (False, False, False, True)), ((1, 3), (False, False, False, False)), ((5, 3), (False, False, False, False)), ((2, 6), (False, True, False, False)), ((1, 5), (False, True, False, False))]",20 items,5.0,0.0,5.0
21,"((1, 5), (False, True, False, False))","((1, 6), (False, True, False, False))",South,"[((1, 6), (False, True, False, False)), ((1, 4), (False, True, False, False)), ((2, 5), (False, True, False, False))]","[((3, 6), (False, False, False, True)), ((4, 5), (False, False, False, True)), ((6, 3), (False, False, False, True)), ((1, 3), (False, False, False, False)), ((5, 3), (False, False, False, False)), ((2, 6), (False, True, False, False)), ((1, 5), (False, True, False, False))]","[((2, 5), (False, True, False, False)), ((1, 4), (False, True, False, False)), ((3, 6), (False, False, False, True)), ((4, 5), (False, False, False, True)), ((6, 3), (False, False, False, True)), ((1, 3), (False, False, False, False)), ((5, 3), (False, False, False, False)), ((2, 6), (False, True, False, False))]",21 items,5.0,0.0,5.0
22,"((2, 6), (False, True, False, False))","((1, 6), (False, True, False, False))",East,"[((2, 5), (False, True, False, False)), ((3, 6), (False, True, False, False)), ((1, 6), (False, True, False, False))]","[((2, 5), (False, True, False, False)), ((1, 4), (False, True, False, False)), ((3, 6), (False, False, False, True)), ((4, 5), (False, False, False, True)), ((6, 3), (False, False, False, True)), ((1, 3), (False, False, False, False)), ((5, 3), (False, False, False, False)), ((2, 6), (False, True, False, False))]","[((3, 6), (False, True, False, False)), ((2, 5), (False, True, False, False)), ((1, 4), (False, True, False, False)), ((3, 6), (False, False, False, True)), ((4, 5), (False, False, False, True)), ((6, 3), (False, False, False, True)), ((1, 3), (False, False, False, False)), ((5, 3), (False, False, False, False))]",22 items,5.0,0.0,5.0
23,"((5, 3), (False, False, False, False))","((6, 3), (False, False, False, False))",West,"[((6, 3), (False, False, False, False)), ((4, 3), (False, False, False, False))]","[((3, 6), (False, True, False, False)), ((2, 5), (False, True, False, False)), ((1, 4), (False, True, False, False)), ((3, 6), (False, False, False, True)), ((4, 5), (False, False, False, True)), ((6, 3), (False, False, False, True)), ((1, 3), (False, False, False, False)), ((5, 3), (False, False, False, False))]","[((4, 3), (False, False, False, False)), ((3, 6), (False, True, False, False)), ((2, 5), (False, True, False, False)), ((1, 4), (False, True, False, False)), ((3, 6), (False, False, False, True)), ((4, 5), (False, False, False, True)), ((6, 3), (False, False, False, True)), ((1, 3), (False, False, False, False))]",23 items,5.0,0.0,5.0
24,"((1, 3), (False, False, False, False))","((1, 4), (False, False, False, False))",South,"[((1, 4), (False, False, False, False)), ((1, 2), (False, False, False, False))]","[((4, 3), (False, False, False, False)), ((3, 6), (False, True, False, False)), ((2, 5), (False, True, False, False)), ((1, 4), (False, True, False, False)), ((3, 6), (False, False, False, True)), ((4, 5), (False, False, False, True)), ((6, 3), (False, False, False, True)), ((1, 3), (False, False, False, False))]","[((1, 2), (False, False, False, False)), ((4, 3), (False, False, False, False)), ((3, 6), (False, True, False, False)), ((2, 5), (False, True, False, False)), ((1, 4), (False, True, False, False)), ((3, 6), (False, False, False, True)), ((4, 5), (False, False, False, True)), ((6, 3), (False, False, False, True))]",24 items,5.0,0.0,5.0
25,"((6, 3), (False, False, False, True))","((6, 4), (False, False, False, True))",South,"[((6, 4), (False, False, False, True)), ((5, 3), (False, False, False, True))]","[((1, 2), (False, False, False, False)), ((4, 3), (False, False, False, False)), ((3, 6), (False, True, False, False)), ((2, 5), (False, True, False, False)), ((1, 4), (False, True, False, False)), ((3, 6), (False, False, False, True)), ((4, 5), (False, False, False, True)), ((6, 3), (False, False, False, True))]","[((5, 3), (False, False, False, True)), ((1, 2), (False, False, False, False)), ((4, 3), (False, False, False, False)), ((3, 6), (False, True, False, False)), ((2, 5), (False, True, False, False)), ((1, 4), (False, True, False, False)), ((3, 6), (False, False, False, True)), ((4, 5), (False, False, False, True))]",25 items,6.0,0.0,6.0
26,"((4, 5), (False, False, False, True))","((5, 5), (False, False, False, True))",West,"[((4, 6), (False, False, False, True)), ((5, 5), (False, False, False, True)), ((3, 5), (False, False, False, True))]","[((5, 3), (False, False, False, True)), ((1, 2), (False, False, False, False)), ((4, 3), (False, False, False, False)), ((3, 6), (False, True, False, False)), ((2, 5), (False, True, False, False)), ((1, 4), (False, True, False, False)), ((3, 6), (False, False, False, True)), ((4, 5), (False, False, False, True))]","[((3, 5), (False, False, False, True)), ((5, 3), (False, False, False, True)), ((1, 2), (False, False, False, False)), ((4, 3), (False, False, False, False)), ((3, 6), (False, True, False, False)), ((2, 5), (False, True, False, False)), ((1, 4), (False, True, False, False)), ((3, 6), (False, False, False, True))]",26 items,6.0,0.0,6.0
27,"((3, 6), (False, False, False, True))","((4, 6), (False, False, False, True))",West,"[((3, 5), (False, False, False, True)), ((4, 6), (False, False, False, True)), ((2, 6), (False, False, False, True))]","[((3, 5), (False, False, False, True)), ((5, 3), (False, False, False, True)), ((1, 2), (False, False, False, False)), ((4, 3), (False, False, False, False)), ((3, 6), (False, True, False, False)), ((2, 5), (False, True, False, False)), ((1, 4), (False, True, False, False)), ((3, 6), (False, False, False, True))]","[((2, 6), (False, False, False, True)), ((3, 5), (False, False, False, True)), ((5, 3), (False, False, False, True)), ((1, 2), (False, False, False, False)), ((4, 3), (False, False, False, False)), ((3, 6), (False, True, False, False)), ((2, 5), (False, True, False, False)), ((1, 4), (False, True, False, False))]",27 items,6.0,0.0,6.0
28,"((1, 4), (False, True, False, False))","((1, 5), (False, True, False, False))",South,"[((1, 5), (False, True, False, False)), ((1, 3), (False, True, False, False))]","[((2, 6), (False, False, False, True)), ((3, 5), (False, False, False, True)), ((5, 3), (False, False, False, True)), ((1, 2), (False, False, False, False)), ((4, 3), (False, False, False, False)), ((3, 6), (False, True, False, False)), ((2, 5), (False, True, False, False)), ((1, 4), (False, True, False, False))]","[((1, 3), (False, True, False, False)), ((2, 6), (False, False, False, True)), ((3, 5), (False, False, False, True)), ((5, 3), (False, False, False, True)), ((1, 2), (False, False, False, False)), ((4, 3), (False, False, False, False)), ((3, 6), (False, True, False, False)), ((2, 5), (False, True, False, False))]",28 items,6.0,0.0,6.0
29,"((2, 5), (False, True, False, False))","((1, 5), (False, True, False, False))",East,"[((2, 6), (False, True, False, False)), ((3, 5), (False, True, False, False)), ((1, 5), (False, True, False, False))]","[((1, 3), (False, True, False, False)), ((2, 6), (False, False, False, True)), ((3, 5), (False, False, False, True)), ((5, 3), (False, False, False, True)), ((1, 2), (False, False, False, False)), ((4, 3), (False, False, False, False)), ((3, 6), (False, True, False, False)), ((2, 5), (False, True, False, False))]","[((3, 5), (False, True, False, False)), ((1, 3), (False, True, False, False)), ((2, 6), (False, False, False, True)), ((3, 5), (False, False, False, True)), ((5, 3), (False, False, False, True)), ((1, 2), (False, False, False, False)), ((4, 3), (False, False, False, False)), ((3, 6), (False, True, False, False))]",29 items,6.0,0.0,6.0
30,"((3, 6), (False, True, False, False))","((2, 6), (False, True, False, False))",East,"[((3, 5), (False, True, False, False)), ((4, 6), (False, True, False, False)), ((2, 6), (False, True, False, False))]","[((3, 5), (False, True, False, False)), ((1, 3), (False, True, False, False)), ((2, 6), (False, False, False, True)), ((3, 5), (False, False, False, True)), ((5, 3), (False, False, False, True)), ((1, 2), (False, False, False, False)), ((4, 3), (False, False, False, False)), ((3, 6), (False, True, False, False))]","[((4, 6), (False, True, False, False)), ((3, 5), (False, True, False, False)), ((1, 3), (False, True, False, False)), ((2, 6), (False, False, False, True)), ((3, 5), (False, False, False, True)), ((5, 3), (False, False, False, True)), ((1, 2), (False, False, False, False)), ((4, 3), (False, False, False, False))]",30 items,6.0,0.0,6.0
31,"((4, 3), (False, False, False, False))","((5, 3), (False, False, False, False))",West,"[((5, 3), (False, False, False, False)), ((3, 3), (False, False, False, False))]","[((4, 6), (False, True, False, False)), ((3, 5), (False, True, False, False)), ((1, 3), (False, True, False, False)), ((2, 6), (False, False, False, True)), ((3, 5), (False, False, False, True)), ((5, 3), (False, False, False, True)), ((1, 2), (False, False, False, False)), ((4, 3), (False, False, False, False))]","[((3, 3), (False, False, False, False)), ((4, 6), (False, True, False, False)), ((3, 5), (False, True, False, False)), ((1, 3), (False, True, False, False)), ((2, 6), (False, False, False, True)), ((3, 5), (False, False, False, True)), ((5, 3), (False, False, False, True)), ((1, 2), (False, False, False, False))]",31 items,6.0,0.0,6.0
32,"((1, 2), (False, False, False, False))","((1, 3), (False, False, False, False))",South,"[((1, 3), (False, False, False, False)), ((1, 1), (True, False, False, False))]","[((3, 3), (False, False, False, False)), ((4, 6), (False, True, False, False)), ((3, 5), (False, True, False, False)), ((1, 3), (False, True, False, False)), ((2, 6), (False, False, False, True)), ((3, 5), (False, False, False, True)), ((5, 3), (False, False, False, True)), ((1, 2), (False, False, False, False))]","[((1, 1), (True, False, False, False)), ((3, 3), (False, False, False, False)), ((4, 6), (False, True, False, False)), ((3, 5), (False, True, False, False)), ((1, 3), (False, True, False, False)), ((2, 6), (False, False, False, True)), ((3, 5), (False, False, False, True)), ((5, 3), (False, False, False, True))]",32 items,6.0,0.0,6.0
33,"((5, 3), (False, False, False, True))","((6, 3), (False, False, False, True))",West,"[((6, 3), (False, False, False, True)), ((4, 3), (False, False, False, True))]","[((1, 1), (True, False, False, False)), ((3, 3), (False, False, False, False)), ((4, 6), (False, True, False, False)), ((3, 5), (False, True, False, False)), ((1, 3), (False, True, False, False)), ((2, 6), (False, False, False, True)), ((3, 5), (False, False, False, True)), ((5, 3), (False, False, False, True))]","[((4, 3), (False, False, False, True)), ((1, 1), (True, False, False, False)), ((3, 3), (False, False, False, False)), ((4, 6), (False, True, False, False)), ((3, 5), (False, True, False, False)), ((1, 3), (False, True, False, False)), ((2, 6), (False, False, False, True)), ((3, 5), (False, False, False, True))]",33 items,7.0,0.0,7.0
34,"((3, 5), (False, False, False, True))","((4, 5), (False, False, False, True))",West,"[((3, 6), (False, False, False, True)), ((4, 5), (False, False, False, True)), ((2, 5), (False, False, False, True))]","[((4, 3), (False, False, False, True)), ((1, 1), (True, False, False, False)), ((3, 3), (False, False, False, False)), ((4, 6), (False, True, False, False)), ((3, 5), (False, True, False, False)), ((1, 3), (False, True, False, False)), ((2, 6), (False, False, False, True)), ((3, 5), (False, False, False, True))]","[((2, 5), (False, False, False, True)), ((4, 3), (False, False, False, True)), ((1, 1), (True, False, False, False)), ((3, 3), (False, False, False, False)), ((4, 6), (False, True, False, False)), ((3, 5), (False, True, False, False)), ((1, 3), (False, True, False, False)), ((2, 6), (False, False, False, True))]",34 items,7.0,0.0,7.0
35,"((2, 6), (False, False, False, True))","((3, 6), (False, False, False, True))",West,"[((2, 5), (False, False, False, True)), ((3, 6), (False, False, False, True)), ((1, 6), (False, True, False, True))]","[((2, 5), (False, False, False, True)), ((4, 3), (False, False, False, True)), ((1, 1), (True, False, False, False)), ((3, 3), (False, False, False, False)), ((4, 6), (False, True, False, False)), ((3, 5), (False, True, False, False)), ((1, 3), (False, True, False, False)), ((2, 6), (False, False, False, True))]","[((1, 6), (False, True, False, True)), ((2, 5), (False, False, False, True)), ((4, 3), (False, False, False, True)), ((1, 1), (True, False, False, False)), ((3, 3), (False, False, False, False)), ((4, 6), (False, True, False, False)), ((3, 5), (False, True, False, False)), ((1, 3), (False, True, False, False))]",35 items,7.0,0.0,7.0
36,"((1, 3), (False, True, False, False))","((1, 4), (False, True, False, False))",South,"[((1, 4), (False, True, False, False)), ((1, 2), (False, True, False, False))]","[((1, 6), (False, True, False, True)), ((2, 5), (False, False, False, True)), ((4, 3), (False, False, False, True)), ((1, 1), (True, False, False, False)), ((3, 3), (False, False, False, False)), ((4, 6), (False, True, False, False)), ((3, 5), (False, True, False, False)), ((1, 3), (False, True, False, False))]","[((1, 2), (False, True, False, False)), ((1, 6), (False, True, False, True)), ((2, 5), (False, False, False, True)), ((4, 3), (False, False, False, True)), ((1, 1), (True, False, False, False)), ((3, 3), (False, False, False, False)), ((4, 6), (False, True, False, False)), ((3, 5), (False, True, False, False))]",36 items,7.0,0.0,7.0
37,"((3, 5), (False, True, False, False))","((2, 5), (False, True, False, False))",East,"[((3, 6), (False, True, False, False)), ((4, 5), (False, True, False, False)), ((2, 5), (False, True, False, False))]","[((1, 2), (False, True, False, False)), ((1, 6), (False, True, False, True)), ((2, 5), (False, False, False, True)), ((4, 3), (False, False, False, True)), ((1, 1), (True, False, False, False)), ((3, 3), (False, False, False, False)), ((4, 6), (False, True, False, False)), ((3, 5), (False, True, False, False))]","[((4, 5), (False, True, False, False)), ((1, 2), (False, True, False, False)), ((1, 6), (False, True, False, True)), ((2, 5), (False, False, False, True)), ((4, 3), (False, False, False, True)), ((1, 1), (True, False, False, False)), ((3, 3), (False, False, False, False)), ((4, 6), (False, True, False, False))]",37 items,7.0,0.0,7.0
38,"((4, 6), (False, True, False, False))","((3, 6), (False, True, False, False))",East,"[((4, 5), (False, True, False, False)), ((5, 6), (False, True, False, False)), ((3, 6), (False, True, False, False))]","[((4, 5), (False, True, False, False)), ((1, 2), (False, True, False, False)), ((1, 6), (False, True, False, True)), ((2, 5), (False, False, False, True)), ((4, 3), (False, False, False, True)), ((1, 1), (True, False, False, False)), ((3, 3), (False, False, False, False)), ((4, 6), (False, True, False, False))]","[((5, 6), (False, True, False, False)), ((4, 5), (False, True, False, False)), ((1, 2), (False, True, False, False)), ((1, 6), (False, True, False, True)), ((2, 5), (False, False, False, True)), ((4, 3), (False, False, False, True)), ((1, 1), (True, False, False, False)), ((3, 3), (False, False, False, False))]",38 items,7.0,0.0,7.0
39,"((3, 3), (False, False, False, False))","((4, 3), (False, False, False, False))",West,"[((3, 2), (False, False, False, False)), ((4, 3), (False, False, False, False))]","[((5, 6), (False, True, False, False)), ((4, 5), (False, True, False, False)), ((1, 2), (False, True, False, False)), ((1, 6), (False, True, False, True)), ((2, 5), (False, False, False, True)), ((4, 3), (False, False, False, True)), ((1, 1), (True, False, False, False)), ((3, 3), (False, False, False, False))]","[((3, 2), (False, False, False, False)), ((5, 6), (False, True, False, False)), ((4, 5), (False, True, False, False)), ((1, 2), (False, True, False, False)), ((1, 6), (False, True, False, True)), ((2, 5), (False, False, False, True)), ((4, 3), (False, False, False, True)), ((1, 1), (True, False, False, False))]",39 items,7.0,0.0,7.0
40,"((1, 1), (True, False, False, False))","((1, 2), (False, False, False, False))",South,"[((1, 2), (True, False, False, False))]","[((3, 2), (False, False, False, False)), ((5, 6), (False, True, False, False)), ((4, 5), (False, True, False, False)), ((1, 2), (False, True, False, False)), ((1, 6), (False, True, False, True)), ((2, 5), (False, False, False, True)), ((4, 3), (False, False, False, True)), ((1, 1), (True, False, False, False))]","[((1, 2), (True, False, False, False)), ((3, 2), (False, False, False, False)), ((5, 6), (False, True, False, False)), ((4, 5), (False, True, False, False)), ((1, 2), (False, True, False, False)), ((1, 6), (False, True, False, True)), ((2, 5), (False, False, False, True)), ((4, 3), (False, False, False, True))]",40 items,7.0,0.0,7.0
41,"((4, 3), (False, False, False, True))","((5, 3), (False, False, False, True))",West,"[((5, 3), (False, False, False, True)), ((3, 3), (False, False, False, True))]","[((1, 2), (True, False, False, False)), ((3, 2), (False, False, False, False)), ((5, 6), (False, True, False, False)), ((4, 5), (False, True, False, False)), ((1, 2), (False, True, False, False)), ((1, 6), (False, True, False, True)), ((2, 5), (False, False, False, True)), ((4, 3), (False, False, False, True))]","[((3, 3), (False, False, False, True)), ((1, 2), (True, False, False, False)), ((3, 2), (False, False, False, False)), ((5, 6), (False, True, False, False)), ((4, 5), (False, True, False, False)), ((1, 2), (False, True, False, False)), ((1, 6), (False, True, False, True)), ((2, 5), (False, False, False, True))]",41 items,8.0,0.0,8.0
42,"((2, 5), (False, False, False, True))","((3, 5), (False, False, False, True))",West,"[((2, 6), (False, False, False, True)), ((3, 5), (False, False, False, True)), ((1, 5), (False, False, False, True))]","[((3, 3), (False, False, False, True)), ((1, 2), (True, False, False, False)), ((3, 2), (False, False, False, False)), ((5, 6), (False, True, False, False)), ((4, 5), (False, True, False, False)), ((1, 2), (False, True, False, False)), ((1, 6), (False, True, False, True)), ((2, 5), (False, False, False, True))]","[((1, 5), (False, False, False, True)), ((3, 3), (False, False, False, True)), ((1, 2), (True, False, False, False)), ((3, 2), (False, False, False, False)), ((5, 6), (False, True, False, False)), ((4, 5), (False, True, False, False)), ((1, 2), (False, True, False, False)), ((1, 6), (False, True, False, True))]",42 items,8.0,0.0,8.0
43,"((1, 6), (False, True, False, True))","((2, 6), (False, False, False, True))",West,"[((1, 5), (False, True, False, True)), ((2, 6), (False, True, False, True))]","[((1, 5), (False, False, False, True)), ((3, 3), (False, False, False, True)), ((1, 2), (True, False, False, False)), ((3, 2), (False, False, False, False)), ((5, 6), (False, True, False, False)), ((4, 5), (False, True, False, False)), ((1, 2), (False, True, False, False)), ((1, 6), (False, True, False, True))]","[((2, 6), (False, True, False, True)), ((1, 5), (False, True, False, True)), ((1, 5), (False, False, False, True)), ((3, 3), (False, False, False, True)), ((1, 2), (True, False, False, False)), ((3, 2), (False, False, False, False)), ((5, 6), (False, True, False, False)), ((4, 5), (False, True, False, False)), ((1, 2), (False, True, False, False))]",43 items,8.0,0.0,8.0
44,"((1, 2), (False, True, False, False))","((1, 3), (False, True, False, False))",South,"[((1, 3), (False, True, False, False)), ((1, 1), (True, True, False, False))]","[((2, 6), (False, True, False, True)), ((1, 5), (False, True, False, True)), ((1, 5), (False, False, False, True)), ((3, 3), (False, False, False, True)), ((1, 2), (True, False, False, False)), ((3, 2), (False, False, False, False)), ((5, 6), (False, True, False, False)), ((4, 5), (False, True, False, False)), ((1, 2), (False, True, False, False))]","[((1, 1), (True, True, False, False)), ((2, 6), (False, True, False, True)), ((1, 5), (False, True, False, True)), ((1, 5), (False, False, False, True)), ((3, 3), (False, False, False, True)), ((1, 2), (True, False, False, False)), ((3, 2), (False, False, False, False)), ((5, 6), (False, True, False, False)), ((4, 5), (False, True, False, False))]",44 items,8.0,0.0,8.0
45,"((4, 5), (False, True, False, False))","((3, 5), (False, True, False, False))",East,"[((4, 6), (False, True, False, False)), ((5, 5), (False, True, False, False)), ((3, 5), (False, True, False, False))]","[((1, 1), (True, True, False, False)), ((2, 6), (False, True, False, True)), ((1, 5), (False, True, False, True)), ((1, 5), (False, False, False, True)), ((3, 3), (False, False, False, True)), ((1, 2), (True, False, False, False)), ((3, 2), (False, False, False, False)), ((5, 6), (False, True, False, False)), ((4, 5), (False, True, False, False))]","[((5, 5), (False, True, False, False)), ((1, 1), (True, True, False, False)), ((2, 6), (False, True, False, True)), ((1, 5), (False, True, False, True)), ((1, 5), (False, False, False, True)), ((3, 3), (False, False, False, True)), ((1, 2), (True, False, False, False)), ((3, 2), (False, False, False, False)), ((5, 6), (False, True, False, False))]",45 items,8.0,0.0,8.0
46,"((5, 6), (False, True, False, False))","((4, 6), (False, True, False, False))",East,"[((5, 5), (False, True, False, False)), ((6, 6), (False, True, False, True)), ((4, 6), (False, True, False, False))]","[((5, 5), (False, True, False, False)), ((1, 1), (True, True, False, False)), ((2, 6), (False, True, False, True)), ((1, 5), (False, True, False, True)), ((1, 5), (False, False, False, True)), ((3, 3), (False, False, False, True)), ((1, 2), (True, False, False, False)), ((3, 2), (False, False, False, False)), ((5, 6), (False, True, False, False))]","[((6, 6), (False, True, False, True)), ((5, 5), (False, True, False, False)), ((1, 1), (True, True, False, False)), ((2, 6), (False, True, False, True)), ((1, 5), (False, True, False, True)), ((1, 5), (False, False, False, True)), ((3, 3), (False, False, False, True)), ((1, 2), (True, False, False, False)), ((3, 2), (False, False, False, False))]",46 items,8.0,0.0,8.0
47,"((3, 2), (False, False, False, False))","((3, 3), (False, False, False, False))",South,"[((3, 3), (False, False, False, False)), ((3, 1), (False, False, False, False))]","[((6, 6), (False, True, False, True)), ((5, 5), (False, True, False, False)), ((1, 1), (True, True, False, False)), ((2, 6), (False, True, False, True)), ((1, 5), (False, True, False, True)), ((1, 5), (False, False, False, True)), ((3, 3), (False, False, False, True)), ((1, 2), (True, False, False, False)), ((3, 2), (False, False, False, False))]","[((3, 1), (False, False, False, False)), ((6, 6), (False, True, False, True)), ((5, 5), (False, True, False, False)), ((1, 1), (True, True, False, False)), ((2, 6), (False, True, False, True)), ((1, 5), (False, True, False, True)), ((1, 5), (False, False, False, True)), ((3, 3), (False, False, False, True)), ((1, 2), (True, False, False, False))]",47 items,8.0,0.0,8.0
48,"((1, 2), (True, False, False, False))","((1, 1), (True, False, False, False))",North,"[((1, 3), (True, False, False, False)), ((1, 1), (True, False, False, False))]","[((3, 1), (False, False, False, False)), ((6, 6), (False, True, False, True)), ((5, 5), (False, True, False, False)), ((1, 1), (True, True, False, False)), ((2, 6), (False, True, False, True)), ((1, 5), (False, True, False, True)), ((1, 5), (False, False, False, True)), ((3, 3), (False, False, False, True)), ((1, 2), (True, False, False, False))]","[((1, 3), (True, False, False, False)), ((3, 1), (False, False, False, False)), ((6, 6), (False, True, False, True)), ((5, 5), (False, True, False, False)), ((1, 1), (True, True, False, False)), ((2, 6), (False, True, False, True)), ((1, 5), (False, True, False, True)), ((1, 5), (False, False, False, True)), ((3, 3), (False, False, False, True))]",48 items,8.0,0.0,8.0
49,"((3, 3), (False, False, False, True))","((4, 3), (False, False, False, True))",West,"[((3, 2), (False, False, False, True)), ((4, 3), (False, False, False, True))]","[((1, 3), (True, False, False, False)), ((3, 1), (False, False, False, False)), ((6, 6), (False, True, False, True)), ((5, 5), (False, True, False, False)), ((1, 1), (True, True, False, False)), ((2, 6), (False, True, False, True)), ((1, 5), (False, True, False, True)), ((1, 5), (False, False, False, True)), ((3, 3), (False, False, False, True))]","[((3, 2), (False, False, False, True)), ((1, 3), (True, False, False, False)), ((3, 1), (False, False, False, False)), ((6, 6), (False, True, False, True)), ((5, 5), (False, True, False, False)), ((1, 1), (True, True, False, False)), ((2, 6), (False, True, False, True)), ((1, 5), (False, True, False, True)), ((1, 5), (False, False, False, True))]",49 items,9.0,0.0,9.0
50,"((1, 5), (False, False, False, True))","((2, 5), (False, False, False, True))",West,"[((1, 6), (False, True, False, True)), ((1, 4), (False, False, False, True)), ((2, 5), (False, False, False, True))]","[((3, 2), (False, False, False, True)), ((1, 3), (True, False, False, False)), ((3, 1), (False, False, False, False)), ((6, 6), (False, True, False, True)), ((5, 5), (False, True, False, False)), ((1, 1), (True, True, False, False)), ((2, 6), (False, True, False, True)), ((1, 5), (False, True, False, True)), ((1, 5), (False, False, False, True))]","[((1, 4), (False, False, False, True)), ((3, 2), (False, False, False, True)), ((1, 3), (True, False, False, False)), ((3, 1), (False, False, False, False)), ((6, 6), (False, True, False, True)), ((5, 5), (False, True, False, False)), ((1, 1), (True, True, False, False)), ((2, 6), (False, True, False, True)), ((1, 5), (False, True, False, True))]",50 items,9.0,0.0,9.0
51,"((1, 5), (False, True, False, True))","((1, 6), (False, True, False, True))",South,"[((1, 6), (False, True, False, True)), ((1, 4), (False, True, False, True)), ((2, 5), (False, True, False, True))]","[((1, 4), (False, False, False, True)), ((3, 2), (False, False, False, True)), ((1, 3), (True, False, False, False)), ((3, 1), (False, False, False, False)), ((6, 6), (False, True, False, True)), ((5, 5), (False, True, False, False)), ((1, 1), (True, True, False, False)), ((2, 6), (False, True, False, True)), ((1, 5), (False, True, False, True))]","[((2, 5), (False, True, False, True)), ((1, 4), (False, True, False, True)), ((1, 4), (False, False, False, True)), ((3, 2), (False, False, False, True)), ((1, 3), (True, False, False, False)), ((3, 1), (False, False, False, False)), ((6, 6), (False, True, False, True)), ((5, 5), (False, True, False, False)), ((1, 1), (True, True, False, False)), ((2, 6), (False, True, False, True))]",51 items,9.0,0.0,9.0
52,"((2, 6), (False, True, False, True))","((1, 6), (False, True, False, True))",East,"[((2, 5), (False, True, False, True)), ((3, 6), (False, True, False, True)), ((1, 6), (False, True, False, True))]","[((2, 5), (False, True, False, True)), ((1, 4), (False, True, False, True)), ((1, 4), (False, False, False, True)), ((3, 2), (False, False, False, True)), ((1, 3), (True, False, False, False)), ((3, 1), (False, False, False, False)), ((6, 6), (False, True, False, True)), ((5, 5), (False, True, False, False)), ((1, 1), (True, True, False, False)), ((2, 6), (False, True, False, True))]","[((3, 6), (False, True, False, True)), ((2, 5), (False, True, False, True)), ((1, 4), (False, True, False, True)), ((1, 4), (False, False, False, True)), ((3, 2), (False, False, False, True)), ((1, 3), (True, False, False, False)), ((3, 1), (False, False, False, False)), ((6, 6), (False, True, False, True)), ((5, 5), (False, True, False, False)), ((1, 1), (True, True, False, False))]",52 items,9.0,0.0,9.0
53,"((1, 1), (True, True, False, False))","((1, 2), (False, True, False, False))",South,"[((1, 2), (True, True, False, False))]","[((3, 6), (False, True, False, True)), ((2, 5), (False, True, False, True)), ((1, 4), (False, True, False, True)), ((1, 4), (False, False, False, True)), ((3, 2), (False, False, False, True)), ((1, 3), (True, False, False, False)), ((3, 1), (False, False, False, False)), ((6, 6), (False, True, False, True)), ((5, 5), (False, True, False, False)), ((1, 1), (True, True, False, False))]","[((1, 2), (True, True, False, False)), ((3, 6), (False, True, False, True)), ((2, 5), (False, True, False, True)), ((1, 4), (False, True, False, True)), ((1, 4), (False, False, False, True)), ((3, 2), (False, False, False, True)), ((1, 3), (True, False, False, False)), ((3, 1), (False, False, False, False)), ((6, 6), (False, True, False, True)), ((5, 5), (False, True, False, False))]",53 items,9.0,0.0,9.0
54,"((5, 5), (False, True, False, False))","((4, 5), (False, True, False, False))",East,"[((5, 6), (False, True, False, False)), ((6, 5), (False, True, False, False)), ((4, 5), (False, True, False, False))]","[((1, 2), (True, True, False, False)), ((3, 6), (False, True, False, True)), ((2, 5), (False, True, False, True)), ((1, 4), (False, True, False, True)), ((1, 4), (False, False, False, True)), ((3, 2), (False, False, False, True)), ((1, 3), (True, False, False, False)), ((3, 1), (False, False, False, False)), ((6, 6), (False, True, False, True)), ((5, 5), (False, True, False, False))]","[((6, 5), (False, True, False, False)), ((1, 2), (True, True, False, False)), ((3, 6), (False, True, False, True)), ((2, 5), (False, True, False, True)), ((1, 4), (False, True, False, True)), ((1, 4), (False, False, False, True)), ((3, 2), (False, False, False, True)), ((1, 3), (True, False, False, False)), ((3, 1), (False, False, False, False)), ((6, 6), (False, True, False, True))]",54 items,9.0,0.0,9.0
55,"((6, 6), (False, True, False, True))","((5, 6), (False, True, False, False))",East,"[((6, 5), (False, True, False, True)), ((5, 6), (False, True, False, True))]","[((6, 5), (False, True, False, False)), ((1, 2), (True, True, False, False)), ((3, 6), (False, True, False, True)), ((2, 5), (False, True, False, True)), ((1, 4), (False, True, False, True)), ((1, 4), (False, False, False, True)), ((3, 2), (False, False, False, True)), ((1, 3), (True, False, False, False)), ((3, 1), (False, False, False, False)), ((6, 6), (False, True, False, True))]","[((5, 6), (False, True, False, True)), ((6, 5), (False, True, False, True)), ((6, 5), (False, True, False, False)), ((1, 2), (True, True, False, False)), ((3, 6), (False, True, False, True)), ((2, 5), (False, True, False, True)), ((1, 4), (False, True, False, True)), ((1, 4), (False, False, False, True)), ((3, 2), (False, False, False, True)), ((1, 3), (True, False, False, False)), ((3, 1), (False, False, False, False))]",55 items,9.0,0.0,9.0
56,"((3, 1), (False, False, False, False))","((3, 2), (False, False, False, False))",South,"[((3, 2), (False, False, False, False)), ((4, 1), (False, False, False, False))]","[((5, 6), (False, True, False, True)), ((6, 5), (False, True, False, True)), ((6, 5), (False, True, False, False)), ((1, 2), (True, True, False, False)), ((3, 6), (False, True, False, True)), ((2, 5), (False, True, False, True)), ((1, 4), (False, True, False, True)), ((1, 4), (False, False, False, True)), ((3, 2), (False, False, False, True)), ((1, 3), (True, False, False, False)), ((3, 1), (False, False, False, False))]","[((4, 1), (False, False, False, False)), ((5, 6), (False, True, False, True)), ((6, 5), (False, True, False, True)), ((6, 5), (False, True, False, False)), ((1, 2), (True, True, False, False)), ((3, 6), (False, True, False, True)), ((2, 5), (False, True, False, True)), ((1, 4), (False, True, False, True)), ((1, 4), (False, False, False, True)), ((3, 2), (False, False, False, True)), ((1, 3), (True, False, False, False))]",56 items,9.0,0.0,9.0
57,"((1, 3), (True, False, False, False))","((1, 2), (True, False, False, False))",North,"[((1, 4), (True, False, False, False)), ((1, 2), (True, False, False, False))]","[((4, 1), (False, False, False, False)), ((5, 6), (False, True, False, True)), ((6, 5), (False, True, False, True)), ((6, 5), (False, True, False, False)), ((1, 2), (True, True, False, False)), ((3, 6), (False, True, False, True)), ((2, 5), (False, True, False, True)), ((1, 4), (False, True, False, True)), ((1, 4), (False, False, False, True)), ((3, 2), (False, False, False, True)), ((1, 3), (True, False, False, False))]","[((1, 4), (True, False, False, False)), ((4, 1), (False, False, False, False)), ((5, 6), (False, True, False, True)), ((6, 5), (False, True, False, True)), ((6, 5), (False, True, False, False)), ((1, 2), (True, True, False, False)), ((3, 6), (False, True, False, True)), ((2, 5), (False, True, False, True)), ((1, 4), (False, True, False, True)), ((1, 4), (False, False, False, True)), ((3, 2), (False, False, False, True))]",57 items,9.0,0.0,9.0
58,"((3, 2), (False, False, False, True))","((3, 3), (False, False, False, True))",South,"[((3, 3), (False, False, False, True)), ((3, 1), (False, False, False, True))]","[((1, 4), (True, False, False, False)), ((4, 1), (False, False, False, False)), ((5, 6), (False, True, False, True)), ((6, 5), (False, True, False, True)), ((6, 5), (False, True, False, False)), ((1, 2), (True, True, False, False)), ((3, 6), (False, True, False, True)), ((2, 5), (False, True, False, True)), ((1, 4), (False, True, False, True)), ((1, 4), (False, False, False, True)), ((3, 2), (False, False, False, True))]","[((3, 1), (False, False, False, True)), ((1, 4), (True, False, False, False)), ((4, 1), (False, False, False, False)), ((5, 6), (False, True, False, True)), ((6, 5), (False, True, False, True)), ((6, 5), (False, True, False, False)), ((1, 2), (True, True, False, False)), ((3, 6), (False, True, False, True)), ((2, 5), (False, True, False, True)), ((1, 4), (False, True, False, True)), ((1, 4), (False, False, False, True))]",58 items,10.0,0.0,10.0
59,"((1, 4), (False, False, False, True))","((1, 5), (False, False, False, True))",South,"[((1, 5), (False, False, False, True)), ((1, 3), (False, False, False, True))]","[((3, 1), (False, False, False, True)), ((1, 4), (True, False, False, False)), ((4, 1), (False, False, False, False)), ((5, 6), (False, True, False, True)), ((6, 5), (False, True, False, True)), ((6, 5), (False, True, False, False)), ((1, 2), (True, True, False, False)), ((3, 6), (False, True, False, True)), ((2, 5), (False, True, False, True)), ((1, 4), (False, True, False, True)), ((1, 4), (False, False, False, True))]","[((1, 3), (False, False, False, True)), ((3, 1), (False, False, False, True)), ((1, 4), (True, False, False, False)), ((4, 1), (False, False, False, False)), ((5, 6), (False, True, False, True)), ((6, 5), (False, True, False, True)), ((6, 5), (False, True, False, False)), ((1, 2), (True, True, False, False)), ((3, 6), (False, True, False, True)), ((2, 5), (False, True, False, True)), ((1, 4), (False, True, False, True))]",59 items,10.0,0.0,10.0
60,"((1, 4), (False, True, False, True))","((1, 5), (False, True, False, True))",South,"[((1, 5), (False, True, False, True)), ((1, 3), (False, True, False, True))]","[((1, 3), (False, False, False, True)), ((3, 1), (False, False, False, True)), ((1, 4), (True, False, False, False)), ((4, 1), (False, False, False, False)), ((5, 6), (False, True, False, True)), ((6, 5), (False, True, False, True)), ((6, 5), (False, True, False, False)), ((1, 2), (True, True, False, False)), ((3, 6), (False, True, False, True)), ((2, 5), (False, True, False, True)), ((1, 4), (False, True, False, True))]","[((1, 3), (False, True, False, True)), ((1, 3), (False, False, False, True)), ((3, 1), (False, False, False, True)), ((1, 4), (True, False, False, False)), ((4, 1), (False, False, False, False)), ((5, 6), (False, True, False, True)), ((6, 5), (False, True, False, True)), ((6, 5), (False, True, False, False)), ((1, 2), (True, True, False, False)), ((3, 6), (False, True, False, True)), ((2, 5), (False, True, False, True))]",60 items,10.0,0.0,10.0
61,"((2, 5), (False, True, False, True))","((1, 5), (False, True, False, True))",East,"[((2, 6), (False, True, False, True)), ((3, 5), (False, True, False, True)), ((1, 5), (False, True, False, True))]","[((1, 3), (False, True, False, True)), ((1, 3), (False, False, False, True)), ((3, 1), (False, False, False, True)), ((1, 4), (True, False, False, False)), ((4, 1), (False, False, False, False)), ((5, 6), (False, True, False, True)), ((6, 5), (False, True, False, True)), ((6, 5), (False, True, False, False)), ((1, 2), (True, True, False, False)), ((3, 6), (False, True, False, True)), ((2, 5), (False, True, False, True))]","[((3, 5), (False, True, False, True)), ((1, 3), (False, True, False, True)), ((1, 3), (False, False, False, True)), ((3, 1), (False, False, False, True)), ((1, 4), (True, False, False, False)), ((4, 1), (False, False, False, False)), ((5, 6), (False, True, False, True)), ((6, 5), (False, True, False, True)), ((6, 5), (False, True, False, False)), ((1, 2), (True, True, False, False)), ((3, 6), (False, True, False, True))]",61 items,10.0,0.0,10.0
62,"((3, 6), (False, True, False, True))","((2, 6), (False, True, False, True))",East,"[((3, 5), (False, True, False, True)), ((4, 6), (False, True, False, True)), ((2, 6), (False, True, False, True))]","[((3, 5), (False, True, False, True)), ((1, 3), (False, True, False, True)), ((1, 3), (False, False, False, True)), ((3, 1), (False, False, False, True)), ((1, 4), (True, False, False, False)), ((4, 1), (False, False, False, False)), ((5, 6), (False, True, False, True)), ((6, 5), (False, True, False, True)), ((6, 5), (False, True, False, False)), ((1, 2), (True, True, False, False)), ((3, 6), (False, True, False, True))]","[((4, 6), (False, True, False, True)), ((3, 5), (False, True, False, True)), ((1, 3), (False, True, False, True)), ((1, 3), (False, False, False, True)), ((3, 1), (False, False, False, True)), ((1, 4), (True, False, False, False)), ((4, 1), (False, False, False, False)), ((5, 6), (False, True, False, True)), ((6, 5), (False, True, False, True)), ((6, 5), (False, True, False, False)), ((1, 2), (True, True, False, False))]",62 items,10.0,0.0,10.0
63,"((1, 2), (True, True, False, False))","((1, 1), (True, True, False, False))",North,"[((1, 3), (True, True, False, False)), ((1, 1), (True, True, False, False))]","[((4, 6), (False, True, False, True)), ((3, 5), (False, True, False, True)), ((1, 3), (False, True, False, True)), ((1, 3), (False, False, False, True)), ((3, 1), (False, False, False, True)), ((1, 4), (True, False, False, False)), ((4, 1), (False, False, False, False)), ((5, 6), (False, True, False, True)), ((6, 5), (False, True, False, True)), ((6, 5), (False, True, False, False)), ((1, 2), (True, True, False, False))]","[((1, 3), (True, True, False, False)), ((4, 6), (False, True, False, True)), ((3, 5), (False, True, False, True)), ((1, 3), (False, True, False, True)), ((1, 3), (False, False, False, True)), ((3, 1), (False, False, False, True)), ((1, 4), (True, False, False, False)), ((4, 1), (False, False, False, False)), ((5, 6), (False, True, False, True)), ((6, 5), (False, True, False, True)), ((6, 5), (False, True, False, False))]",63 items,10.0,0.0,10.0
64,"((6, 5), (False, True, False, False))","((5, 5), (False, True, False, False))",East,"[((6, 6), (False, True, False, True)), ((6, 4), (False, True, False, False)), ((5, 5), (False, True, False, False))]","[((1, 3), (True, True, False, False)), ((4, 6), (False, True, False, True)), ((3, 5), (False, True, False, True)), ((1, 3), (False, True, False, True)), ((1, 3), (False, False, False, True)), ((3, 1), (False, False, False, True)), ((1, 4), (True, False, False, False)), ((4, 1), (False, False, False, False)), ((5, 6), (False, True, False, True)), ((6, 5), (False, True, False, True)), ((6, 5), (False, True, False, False))]","[((6, 4), (False, True, False, False)), ((1, 3), (True, True, False, False)), ((4, 6), (False, True, False, True)), ((3, 5), (False, True, False, True)), ((1, 3), (False, True, False, True)), ((1, 3), (False, False, False, True)), ((3, 1), (False, False, False, True)), ((1, 4), (True, False, False, False)), ((4, 1), (False, False, False, False)), ((5, 6), (False, True, False, True)), ((6, 5), (False, True, False, True))]",64 items,10.0,0.0,10.0
65,"((6, 5), (False, True, False, True))","((6, 6), (False, True, False, True))",South,"[((6, 6), (False, True, False, True)), ((6, 4), (False, True, False, True)), ((5, 5), (False, True, False, True))]","[((6, 4), (False, True, False, False)), ((1, 3), (True, True, False, False)), ((4, 6), (False, True, False, True)), ((3, 5), (False, True, False, True)), ((1, 3), (False, True, False, True)), ((1, 3), (False, False, False, True)), ((3, 1), (False, False, False, True)), ((1, 4), (True, False, False, False)), ((4, 1), (False, False, False, False)), ((5, 6), (False, True, False, True)), ((6, 5), (False, True, False, True))]","[((5, 5), (False, True, False, True)), ((6, 4), (False, True, False, True)), ((6, 4), (False, True, False, False)), ((1, 3), (True, True, False, False)), ((4, 6), (False, True, False, True)), ((3, 5), (False, True, False, True)), ((1, 3), (False, True, False, True)), ((1, 3), (False, False, False, True)), ((3, 1), (False, False, False, True)), ((1, 4), (True, False, False, False)), ((4, 1), (False, False, False, False)), ((5, 6), (False, True, False, True))]",65 items,10.0,0.0,10.0
66,"((5, 6), (False, True, False, True))","((6, 6), (False, True, False, True))",West,"[((5, 5), (False, True, False, True)), ((6, 6), (False, True, False, True)), ((4, 6), (False, True, False, True))]","[((5, 5), (False, True, False, True)), ((6, 4), (False, True, False, True)), ((6, 4), (False, True, False, False)), ((1, 3), (True, True, False, False)), ((4, 6), (False, True, False, True)), ((3, 5), (False, True, False, True)), ((1, 3), (False, True, False, True)), ((1, 3), (False, False, False, True)), ((3, 1), (False, False, False, True)), ((1, 4), (True, False, False, False)), ((4, 1), (False, False, False, False)), ((5, 6), (False, True, False, True))]","[((5, 5), (False, True, False, True)), ((6, 4), (False, True, False, True)), ((6, 4), (False, True, False, False)), ((1, 3), (True, True, False, False)), ((4, 6), (False, True, False, True)), ((3, 5), (False, True, False, True)), ((1, 3), (False, True, False, True)), ((1, 3), (False, False, False, True)), ((3, 1), (False, False, False, True)), ((1, 4), (True, False, False, False)), ((4, 1), (False, False, False, False))]",66 items,10.0,0.0,10.0
67,"((4, 1), (False, False, False, False))","((3, 1), (False, False, False, False))",East,"[((5, 1), (False, False, False, False)), ((3, 1), (False, False, False, False))]","[((5, 5), (False, True, False, True)), ((6, 4), (False, True, False, True)), ((6, 4), (False, True, False, False)), ((1, 3), (True, True, False, False)), ((4, 6), (False, True, False, True)), ((3, 5), (False, True, False, True)), ((1, 3), (False, True, False, True)), ((1, 3), (False, False, False, True)), ((3, 1), (False, False, False, True)), ((1, 4), (True, False, False, False)), ((4, 1), (False, False, False, False))]","[((5, 1), (False, False, False, False)), ((5, 5), (False, True, False, True)), ((6, 4), (False, True, False, True)), ((6, 4), (False, True, False, False)), ((1, 3), (True, True, False, False)), ((4, 6), (False, True, False, True)), ((3, 5), (False, True, False, True)), ((1, 3), (False, True, False, True)), ((1, 3), (False, False, False, True)), ((3, 1), (False, False, False, True)), ((1, 4), (True, False, False, False))]",67 items,10.0,0.0,10.0
68,"((1, 4), (True, False, False, False))","((1, 3), (True, False, False, False))",North,"[((1, 5), (True, False, False, False)), ((1, 3), (True, False, False, False))]","[((5, 1), (False, False, False, False)), ((5, 5), (False, True, False, True)), ((6, 4), (False, True, False, True)), ((6, 4), (False, True, False, False)), ((1, 3), (True, True, False, False)), ((4, 6), (False, True, False, True)), ((3, 5), (False, True, False, True)), ((1, 3), (False, True, False, True)), ((1, 3), (False, False, False, True)), ((3, 1), (False, False, False, True)), ((1, 4), (True, False, False, False))]","[((1, 5), (True, False, False, False)), ((5, 1), (False, False, False, False)), ((5, 5), (False, True, False, True)), ((6, 4), (False, True, False, True)), ((6, 4), (False, True, False, False)), ((1, 3), (True, True, False, False)), ((4, 6), (False, True, False, True)), ((3, 5), (False, True, False, True)), ((1, 3), (False, True, False, True)), ((1, 3), (False, False, False, True)), ((3, 1), (False, False, False, True))]",68 items,10.0,0.0,10.0
69,"((3, 1), (False, False, False, True))","((3, 2), (False, False, False, True))",South,"[((3, 2), (False, False, False, True)), ((4, 1), (False, False, False, True))]","[((1, 5), (True, False, False, False)), ((5, 1), (False, False, False, False)), ((5, 5), (False, True, False, True)), ((6, 4), (False, True, False, True)), ((6, 4), (False, True, False, False)), ((1, 3), (True, True, False, False)), ((4, 6), (False, True, False, True)), ((3, 5), (False, True, False, True)), ((1, 3), (False, True, False, True)), ((1, 3), (False, False, False, True)), ((3, 1), (False, False, False, True))]","[((4, 1), (False, False, False, True)), ((1, 5), (True, False, False, False)), ((5, 1), (False, False, False, False)), ((5, 5), (False, True, False, True)), ((6, 4), (False, True, False, True)), ((6, 4), (False, True, False, False)), ((1, 3), (True, True, False, False)), ((4, 6), (False, True, False, True)), ((3, 5), (False, True, False, True)), ((1, 3), (False, True, False, True)), ((1, 3), (False, False, False, True))]",69 items,11.0,0.0,11.0
70,"((1, 3), (False, False, False, True))","((1, 4), (False, False, False, True))",South,"[((1, 4), (False, False, False, True)), ((1, 2), (False, False, False, True))]","[((4, 1), (False, False, False, True)), ((1, 5), (True, False, False, False)), ((5, 1), (False, False, False, False)), ((5, 5), (False, True, False, True)), ((6, 4), (False, True, False, True)), ((6, 4), (False, True, False, False)), ((1, 3), (True, True, False, False)), ((4, 6), (False, True, False, True)), ((3, 5), (False, True, False, True)), ((1, 3), (False, True, False, True)), ((1, 3), (False, False, False, True))]","[((1, 2), (False, False, False, True)), ((4, 1), (False, False, False, True)), ((1, 5), (True, False, False, False)), ((5, 1), (False, False, False, False)), ((5, 5), (False, True, False, True)), ((6, 4), (False, True, False, True)), ((6, 4), (False, True, False, False)), ((1, 3), (True, True, False, False)), ((4, 6), (False, True, False, True)), ((3, 5), (False, True, False, True)), ((1, 3), (False, True, False, True))]",70 items,11.0,0.0,11.0
71,"((1, 3), (False, True, False, True))","((1, 4), (False, True, False, True))",South,"[((1, 4), (False, True, False, True)), ((1, 2), (False, True, False, True))]","[((1, 2), (False, False, False, True)), ((4, 1), (False, False, False, True)), ((1, 5), (True, False, False, False)), ((5, 1), (False, False, False, False)), ((5, 5), (False, True, False, True)), ((6, 4), (False, True, False, True)), ((6, 4), (False, True, False, False)), ((1, 3), (True, True, False, False)), ((4, 6), (False, True, False, True)), ((3, 5), (False, True, False, True)), ((1, 3), (False, True, False, True))]","[((1, 2), (False, True, False, True)), ((1, 2), (False, False, False, True)), ((4, 1), (False, False, False, True)), ((1, 5), (True, False, False, False)), ((5, 1), (False, False, False, False)), ((5, 5), (False, True, False, True)), ((6, 4), (False, True, False, True)), ((6, 4), (False, True, False, False)), ((1, 3), (True, True, False, False)), ((4, 6), (False, True, False, True)), ((3, 5), (False, True, False, True))]",71 items,11.0,0.0,11.0
72,"((3, 5), (False, True, False, True))","((2, 5), (False, True, False, True))",East,"[((3, 6), (False, True, False, True)), ((4, 5), (False, True, False, True)), ((2, 5), (False, True, False, True))]","[((1, 2), (False, True, False, True)), ((1, 2), (False, False, False, True)), ((4, 1), (False, False, False, True)), ((1, 5), (True, False, False, False)), ((5, 1), (False, False, False, False)), ((5, 5), (False, True, False, True)), ((6, 4), (False, True, False, True)), ((6, 4), (False, True, False, False)), ((1, 3), (True, True, False, False)), ((4, 6), (False, True, False, True)), ((3, 5), (False, True, False, True))]","[((4, 5), (False, True, False, True)), ((1, 2), (False, True, False, True)), ((1, 2), (False, False, False, True)), ((4, 1), (False, False, False, True)), ((1, 5), (True, False, False, False)), ((5, 1), (False, False, False, False)), ((5, 5), (False, True, False, True)), ((6, 4), (False, True, False, True)), ((6, 4), (False, True, False, False)), ((1, 3), (True, True, False, False)), ((4, 6), (False, True, False, True))]",72 items,11.0,0.0,11.0
73,"((4, 6), (False, True, False, True))","((3, 6), (False, True, False, True))",East,"[((4, 5), (False, True, False, True)), ((5, 6), (False, True, False, True)), ((3, 6), (False, True, False, True))]","[((4, 5), (False, True, False, True)), ((1, 2), (False, True, False, True)), ((1, 2), (False, False, False, True)), ((4, 1), (False, False, False, True)), ((1, 5), (True, False, False, False)), ((5, 1), (False, False, False, False)), ((5, 5), (False, True, False, True)), ((6, 4), (False, True, False, True)), ((6, 4), (False, True, False, False)), ((1, 3), (True, True, False, False)), ((4, 6), (False, True, False, True))]","[((4, 5), (False, True, False, True)), ((1, 2), (False, True, False, True)), ((1, 2), (False, False, False, True)), ((4, 1), (False, False, False, True)), ((1, 5), (True, False, False, False)), ((5, 1), (False, False, False, False)), ((5, 5), (False, True, False, True)), ((6, 4), (False, True, False, True)), ((6, 4), (False, True, False, False)), ((1, 3), (True, True, False, False))]",73 items,11.0,0.0,11.0
74,"((1, 3), (True, True, False, False))","((1, 2), (True, True, False, False))",North,"[((1, 4), (True, True, False, False)), ((1, 2), (True, True, False, False))]","[((4, 5), (False, True, False, True)), ((1, 2), (False, True, False, True)), ((1, 2), (False, False, False, True)), ((4, 1), (False, False, False, True)), ((1, 5), (True, False, False, False)), ((5, 1), (False, False, False, False)), ((5, 5), (False, True, False, True)), ((6, 4), (False, True, False, True)), ((6, 4), (False, True, False, False)), ((1, 3), (True, True, False, False))]","[((1, 4), (True, True, False, False)), ((4, 5), (False, True, False, True)), ((1, 2), (False, True, False, True)), ((1, 2), (False, False, False, True)), ((4, 1), (False, False, False, True)), ((1, 5), (True, False, False, False)), ((5, 1), (False, False, False, False)), ((5, 5), (False, True, False, True)), ((6, 4), (False, True, False, True)), ((6, 4), (False, True, False, False))]",74 items,11.0,0.0,11.0
75,"((6, 4), (False, True, False, False))","((6, 5), (False, True, False, False))",South,"[((6, 5), (False, True, False, False)), ((6, 3), (False, True, False, False))]","[((1, 4), (True, True, False, False)), ((4, 5), (False, True, False, True)), ((1, 2), (False, True, False, True)), ((1, 2), (False, False, False, True)), ((4, 1), (False, False, False, True)), ((1, 5), (True, False, False, False)), ((5, 1), (False, False, False, False)), ((5, 5), (False, True, False, True)), ((6, 4), (False, True, False, True)), ((6, 4), (False, True, False, False))]","[((6, 3), (False, True, False, False)), ((1, 4), (True, True, False, False)), ((4, 5), (False, True, False, True)), ((1, 2), (False, True, False, True)), ((1, 2), (False, False, False, True)), ((4, 1), (False, False, False, True)), ((1, 5), (True, False, False, False)), ((5, 1), (False, False, False, False)), ((5, 5), (False, True, False, True)), ((6, 4), (False, True, False, True))]",75 items,11.0,0.0,11.0
76,"((6, 4), (False, True, False, True))","((6, 5), (False, True, False, True))",South,"[((6, 5), (False, True, False, True)), ((6, 3), (False, True, False, True))]","[((6, 3), (False, True, False, False)), ((1, 4), (True, True, False, False)), ((4, 5), (False, True, False, True)), ((1, 2), (False, True, False, True)), ((1, 2), (False, False, False, True)), ((4, 1), (False, False, False, True)), ((1, 5), (True, False, False, False)), ((5, 1), (False, False, False, False)), ((5, 5), (False, True, False, True)), ((6, 4), (False, True, False, True))]","[((6, 3), (False, True, False, True)), ((6, 3), (False, True, False, False)), ((1, 4), (True, True, False, False)), ((4, 5), (False, True, False, True)), ((1, 2), (False, True, False, True)), ((1, 2), (False, False, False, True)), ((4, 1), (False, False, False, True)), ((1, 5), (True, False, False, False)), ((5, 1), (False, False, False, False)), ((5, 5), (False, True, False, True))]",76 items,11.0,0.0,11.0
77,"((5, 5), (False, True, False, True))","((6, 5), (False, True, False, True))",West,"[((5, 6), (False, True, False, True)), ((6, 5), (False, True, False, True)), ((4, 5), (False, True, False, True))]","[((6, 3), (False, True, False, True)), ((6, 3), (False, True, False, False)), ((1, 4), (True, True, False, False)), ((4, 5), (False, True, False, True)), ((1, 2), (False, True, False, True)), ((1, 2), (False, False, False, True)), ((4, 1), (False, False, False, True)), ((1, 5), (True, False, False, False)), ((5, 1), (False, False, False, False)), ((5, 5), (False, True, False, True))]","[((6, 3), (False, True, False, True)), ((6, 3), (False, True, False, False)), ((1, 4), (True, True, False, False)), ((4, 5), (False, True, False, True)), ((1, 2), (False, True, False, True)), ((1, 2), (False, False, False, True)), ((4, 1), (False, False, False, True)), ((1, 5), (True, False, False, False)), ((5, 1), (False, False, False, False))]",77 items,11.0,0.0,11.0
78,"((5, 1), (False, False, False, False))","((4, 1), (False, False, False, False))",East,"[((6, 1), (False, False, True, False)), ((4, 1), (False, False, False, False))]","[((6, 3), (False, True, False, True)), ((6, 3), (False, True, False, False)), ((1, 4), (True, True, False, False)), ((4, 5), (False, True, False, True)), ((1, 2), (False, True, False, True)), ((1, 2), (False, False, False, True)), ((4, 1), (False, False, False, True)), ((1, 5), (True, False, False, False)), ((5, 1), (False, False, False, False))]","[((6, 1), (False, False, True, False)), ((6, 3), (False, True, False, True)), ((6, 3), (False, True, False, False)), ((1, 4), (True, True, False, False)), ((4, 5), (False, True, False, True)), ((1, 2), (False, True, False, True)), ((1, 2), (False, False, False, True)), ((4, 1), (False, False, False, True)), ((1, 5), (True, False, False, False))]",78 items,11.0,0.0,11.0
79,"((1, 5), (True, False, False, False))","((1, 4), (True, False, False, False))",North,"[((1, 6), (True, True, False, False)), ((1, 4), (True, False, False, False)), ((2, 5), (True, False, False, False))]","[((6, 1), (False, False, True, False)), ((6, 3), (False, True, False, True)), ((6, 3), (False, True, False, False)), ((1, 4), (True, True, False, False)), ((4, 5), (False, True, False, True)), ((1, 2), (False, True, False, True)), ((1, 2), (False, False, False, True)), ((4, 1), (False, False, False, True)), ((1, 5), (True, False, False, False))]","[((2, 5), (True, False, False, False)), ((1, 6), (True, True, False, False)), ((6, 1), (False, False, True, False)), ((6, 3), (False, True, False, True)), ((6, 3), (False, True, False, False)), ((1, 4), (True, True, False, False)), ((4, 5), (False, True, False, True)), ((1, 2), (False, True, False, True)), ((1, 2), (False, False, False, True)), ((4, 1), (False, False, False, True))]",79 items,11.0,0.0,11.0
80,"((4, 1), (False, False, False, True))","((3, 1), (False, False, False, True))",East,"[((5, 1), (False, False, False, True)), ((3, 1), (False, False, False, True))]","[((2, 5), (True, False, False, False)), ((1, 6), (True, True, False, False)), ((6, 1), (False, False, True, False)), ((6, 3), (False, True, False, True)), ((6, 3), (False, True, False, False)), ((1, 4), (True, True, False, False)), ((4, 5), (False, True, False, True)), ((1, 2), (False, True, False, True)), ((1, 2), (False, False, False, True)), ((4, 1), (False, False, False, True))]","[((5, 1), (False, False, False, True)), ((2, 5), (True, False, False, False)), ((1, 6), (True, True, False, False)), ((6, 1), (False, False, True, False)), ((6, 3), (False, True, False, True)), ((6, 3), (False, True, False, False)), ((1, 4), (True, True, False, False)), ((4, 5), (False, True, False, True)), ((1, 2), (False, True, False, True)), ((1, 2), (False, False, False, True))]",80 items,12.0,0.0,12.0
81,"((1, 2), (False, False, False, True))","((1, 3), (False, False, False, True))",South,"[((1, 3), (False, False, False, True)), ((1, 1), (True, False, False, True))]","[((5, 1), (False, False, False, True)), ((2, 5), (True, False, False, False)), ((1, 6), (True, True, False, False)), ((6, 1), (False, False, True, False)), ((6, 3), (False, True, False, True)), ((6, 3), (False, True, False, False)), ((1, 4), (True, True, False, False)), ((4, 5), (False, True, False, True)), ((1, 2), (False, True, False, True)), ((1, 2), (False, False, False, True))]","[((1, 1), (True, False, False, True)), ((5, 1), (False, False, False, True)), ((2, 5), (True, False, False, False)), ((1, 6), (True, True, False, False)), ((6, 1), (False, False, True, False)), ((6, 3), (False, True, False, True)), ((6, 3), (False, True, False, False)), ((1, 4), (True, True, False, False)), ((4, 5), (False, True, False, True)), ((1, 2), (False, True, False, True))]",81 items,12.0,0.0,12.0
82,"((1, 2), (False, True, False, True))","((1, 3), (False, True, False, True))",South,"[((1, 3), (False, True, False, True)), ((1, 1), (True, True, False, True))]","[((1, 1), (True, False, False, True)), ((5, 1), (False, False, False, True)), ((2, 5), (True, False, False, False)), ((1, 6), (True, True, False, False)), ((6, 1), (False, False, True, False)), ((6, 3), (False, True, False, True)), ((6, 3), (False, True, False, False)), ((1, 4), (True, True, False, False)), ((4, 5), (False, True, False, True)), ((1, 2), (False, True, False, True))]","[((1, 1), (True, True, False, True)), ((1, 1), (True, False, False, True)), ((5, 1), (False, False, False, True)), ((2, 5), (True, False, False, False)), ((1, 6), (True, True, False, False)), ((6, 1), (False, False, True, False)), ((6, 3), (False, True, False, True)), ((6, 3), (False, True, False, False)), ((1, 4), (True, True, False, False)), ((4, 5), (False, True, False, True))]",82 items,12.0,0.0,12.0
83,"((4, 5), (False, True, False, True))","((3, 5), (False, True, False, True))",East,"[((4, 6), (False, True, False, True)), ((5, 5), (False, True, False, True)), ((3, 5), (False, True, False, True))]","[((1, 1), (True, True, False, True)), ((1, 1), (True, False, False, True)), ((5, 1), (False, False, False, True)), ((2, 5), (True, False, False, False)), ((1, 6), (True, True, False, False)), ((6, 1), (False, False, True, False)), ((6, 3), (False, True, False, True)), ((6, 3), (False, True, False, False)), ((1, 4), (True, True, False, False)), ((4, 5), (False, True, False, True))]","[((1, 1), (True, True, False, True)), ((1, 1), (True, False, False, True)), ((5, 1), (False, False, False, True)), ((2, 5), (True, False, False, False)), ((1, 6), (True, True, False, False)), ((6, 1), (False, False, True, False)), ((6, 3), (False, True, False, True)), ((6, 3), (False, True, False, False)), ((1, 4), (True, True, False, False))]",83 items,12.0,0.0,12.0
84,"((1, 4), (True, True, False, False))","((1, 3), (True, True, False, False))",North,"[((1, 5), (True, True, False, False)), ((1, 3), (True, True, False, False))]","[((1, 1), (True, True, False, True)), ((1, 1), (True, False, False, True)), ((5, 1), (False, False, False, True)), ((2, 5), (True, False, False, False)), ((1, 6), (True, True, False, False)), ((6, 1), (False, False, True, False)), ((6, 3), (False, True, False, True)), ((6, 3), (False, True, False, False)), ((1, 4), (True, True, False, False))]","[((1, 5), (True, True, False, False)), ((1, 1), (True, True, False, True)), ((1, 1), (True, False, False, True)), ((5, 1), (False, False, False, True)), ((2, 5), (True, False, False, False)), ((1, 6), (True, True, False, False)), ((6, 1), (False, False, True, False)), ((6, 3), (False, True, False, True)), ((6, 3), (False, True, False, False))]",84 items,12.0,0.0,12.0
85,"((6, 3), (False, True, False, False))","((6, 4), (False, True, False, False))",South,"[((6, 4), (False, True, False, False)), ((5, 3), (False, True, False, False))]","[((1, 5), (True, True, False, False)), ((1, 1), (True, True, False, True)), ((1, 1), (True, False, False, True)), ((5, 1), (False, False, False, True)), ((2, 5), (True, False, False, False)), ((1, 6), (True, True, False, False)), ((6, 1), (False, False, True, False)), ((6, 3), (False, True, False, True)), ((6, 3), (False, True, False, False))]","[((5, 3), (False, True, False, False)), ((1, 5), (True, True, False, False)), ((1, 1), (True, True, False, True)), ((1, 1), (True, False, False, True)), ((5, 1), (False, False, False, True)), ((2, 5), (True, False, False, False)), ((1, 6), (True, True, False, False)), ((6, 1), (False, False, True, False)), ((6, 3), (False, True, False, True))]",85 items,12.0,0.0,12.0
86,"((6, 3), (False, True, False, True))","((6, 4), (False, True, False, True))",South,"[((6, 4), (False, True, False, True)), ((5, 3), (False, True, False, True))]","[((5, 3), (False, True, False, False)), ((1, 5), (True, True, False, False)), ((1, 1), (True, True, False, True)), ((1, 1), (True, False, False, True)), ((5, 1), (False, False, False, True)), ((2, 5), (True, False, False, False)), ((1, 6), (True, True, False, False)), ((6, 1), (False, False, True, False)), ((6, 3), (False, True, False, True))]","[((5, 3), (False, True, False, True)), ((5, 3), (False, True, False, False)), ((1, 5), (True, True, False, False)), ((1, 1), (True, True, False, True)), ((1, 1), (True, False, False, True)), ((5, 1), (False, False, False, True)), ((2, 5), (True, False, False, False)), ((1, 6), (True, True, False, False)), ((6, 1), (False, False, True, False))]",86 items,12.0,0.0,12.0
87,"((6, 1), (False, False, True, False))","((5, 1), (False, False, False, False))",East,"[((5, 1), (False, False, True, False))]","[((5, 3), (False, True, False, True)), ((5, 3), (False, True, False, False)), ((1, 5), (True, True, False, False)), ((1, 1), (True, True, False, True)), ((1, 1), (True, False, False, True)), ((5, 1), (False, False, False, True)), ((2, 5), (True, False, False, False)), ((1, 6), (True, True, False, False)), ((6, 1), (False, False, True, False))]","[((5, 1), (False, False, True, False)), ((5, 3), (False, True, False, True)), ((5, 3), (False, True, False, False)), ((1, 5), (True, True, False, False)), ((1, 1), (True, True, False, True)), ((1, 1), (True, False, False, True)), ((5, 1), (False, False, False, True)), ((2, 5), (True, False, False, False)), ((1, 6), (True, True, False, False))]",87 items,12.0,0.0,12.0
88,"((1, 6), (True, True, False, False))","((1, 5), (True, False, False, False))",North,"[((1, 5), (True, True, False, False)), ((2, 6), (True, True, False, False))]","[((5, 1), (False, False, True, False)), ((5, 3), (False, True, False, True)), ((5, 3), (False, True, False, False)), ((1, 5), (True, True, False, False)), ((1, 1), (True, True, False, True)), ((1, 1), (True, False, False, True)), ((5, 1), (False, False, False, True)), ((2, 5), (True, False, False, False)), ((1, 6), (True, True, False, False))]","[((2, 6), (True, True, False, False)), ((5, 1), (False, False, True, False)), ((5, 3), (False, True, False, True)), ((5, 3), (False, True, False, False)), ((1, 5), (True, True, False, False)), ((1, 1), (True, True, False, True)), ((1, 1), (True, False, False, True)), ((5, 1), (False, False, False, True)), ((2, 5), (True, False, False, False))]",88 items,12.0,0.0,12.0
89,"((2, 5), (True, False, False, False))","((1, 5), (True, False, False, False))",East,"[((2, 6), (True, False, False, False)), ((3, 5), (True, False, False, False)), ((1, 5), (True, False, False, False))]","[((2, 6), (True, True, False, False)), ((5, 1), (False, False, True, False)), ((5, 3), (False, True, False, True)), ((5, 3), (False, True, False, False)), ((1, 5), (True, True, False, False)), ((1, 1), (True, True, False, True)), ((1, 1), (True, False, False, True)), ((5, 1), (False, False, False, True)), ((2, 5), (True, False, False, False))]","[((3, 5), (True, False, False, False)), ((2, 6), (True, False, False, False)), ((2, 6), (True, True, False, False)), ((5, 1), (False, False, True, False)), ((5, 3), (False, True, False, True)), ((5, 3), (False, True, False, False)), ((1, 5), (True, True, False, False)), ((1, 1), (True, True, False, True)), ((1, 1), (True, False, False, True)), ((5, 1), (False, False, False, True))]",89 items,12.0,0.0,12.0
90,"((5, 1), (False, False, False, True))","((4, 1), (False, False, False, True))",East,"[((6, 1), (False, False, True, True)), ((4, 1), (False, False, False, True))]","[((3, 5), (True, False, False, False)), ((2, 6), (True, False, False, False)), ((2, 6), (True, True, False, False)), ((5, 1), (False, False, True, False)), ((5, 3), (False, True, False, True)), ((5, 3), (False, True, False, False)), ((1, 5), (True, True, False, False)), ((1, 1), (True, True, False, True)), ((1, 1), (True, False, False, True)), ((5, 1), (False, False, False, True))]","[((6, 1), (False, False, True, True)), ((3, 5), (True, False, False, False)), ((2, 6), (True, False, False, False)), ((2, 6), (True, True, False, False)), ((5, 1), (False, False, True, False)), ((5, 3), (False, True, False, True)), ((5, 3), (False, True, False, False)), ((1, 5), (True, True, False, False)), ((1, 1), (True, True, False, True)), ((1, 1), (True, False, False, True))]",90 items,13.0,0.0,13.0
91,"((1, 1), (True, False, False, True))","((1, 2), (False, False, False, True))",South,"[((1, 2), (True, False, False, True))]","[((6, 1), (False, False, True, True)), ((3, 5), (True, False, False, False)), ((2, 6), (True, False, False, False)), ((2, 6), (True, True, False, False)), ((5, 1), (False, False, True, False)), ((5, 3), (False, True, False, True)), ((5, 3), (False, True, False, False)), ((1, 5), (True, True, False, False)), ((1, 1), (True, True, False, True)), ((1, 1), (True, False, False, True))]","[((1, 2), (True, False, False, True)), ((6, 1), (False, False, True, True)), ((3, 5), (True, False, False, False)), ((2, 6), (True, False, False, False)), ((2, 6), (True, True, False, False)), ((5, 1), (False, False, True, False)), ((5, 3), (False, True, False, True)), ((5, 3), (False, True, False, False)), ((1, 5), (True, True, False, False)), ((1, 1), (True, True, False, True))]",91 items,13.0,0.0,13.0
92,"((1, 1), (True, True, False, True))","((1, 2), (False, True, False, True))",South,"[((1, 2), (True, True, False, True))]","[((1, 2), (True, False, False, True)), ((6, 1), (False, False, True, True)), ((3, 5), (True, False, False, False)), ((2, 6), (True, False, False, False)), ((2, 6), (True, True, False, False)), ((5, 1), (False, False, True, False)), ((5, 3), (False, True, False, True)), ((5, 3), (False, True, False, False)), ((1, 5), (True, True, False, False)), ((1, 1), (True, True, False, True))]","[((1, 2), (True, True, False, True)), ((1, 2), (True, False, False, True)), ((6, 1), (False, False, True, True)), ((3, 5), (True, False, False, False)), ((2, 6), (True, False, False, False)), ((2, 6), (True, True, False, False)), ((5, 1), (False, False, True, False)), ((5, 3), (False, True, False, True)), ((5, 3), (False, True, False, False)), ((1, 5), (True, True, False, False))]",92 items,13.0,0.0,13.0
93,"((1, 5), (True, True, False, False))","((1, 4), (True, True, False, False))",North,"[((1, 6), (True, True, False, False)), ((1, 4), (True, True, False, False)), ((2, 5), (True, True, False, False))]","[((1, 2), (True, True, False, True)), ((1, 2), (True, False, False, True)), ((6, 1), (False, False, True, True)), ((3, 5), (True, False, False, False)), ((2, 6), (True, False, False, False)), ((2, 6), (True, True, False, False)), ((5, 1), (False, False, True, False)), ((5, 3), (False, True, False, True)), ((5, 3), (False, True, False, False)), ((1, 5), (True, True, False, False))]","[((2, 5), (True, True, False, False)), ((1, 2), (True, True, False, True)), ((1, 2), (True, False, False, True)), ((6, 1), (False, False, True, True)), ((3, 5), (True, False, False, False)), ((2, 6), (True, False, False, False)), ((2, 6), (True, True, False, False)), ((5, 1), (False, False, True, False)), ((5, 3), (False, True, False, True)), ((5, 3), (False, True, False, False))]",93 items,13.0,0.0,13.0
94,"((5, 3), (False, True, False, False))","((6, 3), (False, True, False, False))",West,"[((6, 3), (False, True, False, False)), ((4, 3), (False, True, False, False))]","[((2, 5), (True, True, False, False)), ((1, 2), (True, True, False, True)), ((1, 2), (True, False, False, True)), ((6, 1), (False, False, True, True)), ((3, 5), (True, False, False, False)), ((2, 6), (True, False, False, False)), ((2, 6), (True, True, False, False)), ((5, 1), (False, False, True, False)), ((5, 3), (False, True, False, True)), ((5, 3), (False, True, False, False))]","[((4, 3), (False, True, False, False)), ((2, 5), (True, True, False, False)), ((1, 2), (True, True, False, True)), ((1, 2), (True, False, False, True)), ((6, 1), (False, False, True, True)), ((3, 5), (True, False, False, False)), ((2, 6), (True, False, False, False)), ((2, 6), (True, True, False, False)), ((5, 1), (False, False, True, False)), ((5, 3), (False, True, False, True))]",94 items,13.0,0.0,13.0
95,"((5, 3), (False, True, False, True))","((6, 3), (False, True, False, True))",West,"[((6, 3), (False, True, False, True)), ((4, 3), (False, True, False, True))]","[((4, 3), (False, True, False, False)), ((2, 5), (True, True, False, False)), ((1, 2), (True, True, False, True)), ((1, 2), (True, False, False, True)), ((6, 1), (False, False, True, True)), ((3, 5), (True, False, False, False)), ((2, 6), (True, False, False, False)), ((2, 6), (True, True, False, False)), ((5, 1), (False, False, True, False)), ((5, 3), (False, True, False, True))]","[((4, 3), (False, True, False, True)), ((4, 3), (False, True, False, False)), ((2, 5), (True, True, False, False)), ((1, 2), (True, True, False, True)), ((1, 2), (True, False, False, True)), ((6, 1), (False, False, True, True)), ((3, 5), (True, False, False, False)), ((2, 6), (True, False, False, False)), ((2, 6), (True, True, False, False)), ((5, 1), (False, False, True, False))]",95 items,13.0,0.0,13.0
96,"((5, 1), (False, False, True, False))","((6, 1), (False, False, True, False))",West,"[((6, 1), (False, False, True, False)), ((4, 1), (False, False, True, False))]","[((4, 3), (False, True, False, True)), ((4, 3), (False, True, False, False)), ((2, 5), (True, True, False, False)), ((1, 2), (True, True, False, True)), ((1, 2), (True, False, False, True)), ((6, 1), (False, False, True, True)), ((3, 5), (True, False, False, False)), ((2, 6), (True, False, False, False)), ((2, 6), (True, True, False, False)), ((5, 1), (False, False, True, False))]","[((4, 1), (False, False, True, False)), ((4, 3), (False, True, False, True)), ((4, 3), (False, True, False, False)), ((2, 5), (True, True, False, False)), ((1, 2), (True, True, False, True)), ((1, 2), (True, False, False, True)), ((6, 1), (False, False, True, True)), ((3, 5), (True, False, False, False)), ((2, 6), (True, False, False, False)), ((2, 6), (True, True, False, False))]",96 items,13.0,0.0,13.0
97,"((2, 6), (True, True, False, False))","((1, 6), (True, True, False, False))",East,"[((2, 5), (True, True, False, False)), ((3, 6), (True, True, False, False)), ((1, 6), (True, True, False, False))]","[((4, 1), (False, False, True, False)), ((4, 3), (False, True, False, True)), ((4, 3), (False, True, False, False)), ((2, 5), (True, True, False, False)), ((1, 2), (True, True, False, True)), ((1, 2), (True, False, False, True)), ((6, 1), (False, False, True, True)), ((3, 5), (True, False, False, False)), ((2, 6), (True, False, False, False)), ((2, 6), (True, True, False, False))]","[((3, 6), (True, True, False, False)), ((4, 1), (False, False, True, False)), ((4, 3), (False, True, False, True)), ((4, 3), (False, True, False, False)), ((2, 5), (True, True, False, False)), ((1, 2), (True, True, False, True)), ((1, 2), (True, False, False, True)), ((6, 1), (False, False, True, True)), ((3, 5), (True, False, False, False)), ((2, 6), (True, False, False, False))]",97 items,13.0,0.0,13.0
98,"((2, 6), (True, False, False, False))","((2, 5), (True, False, False, False))",North,"[((2, 5), (True, False, False, False)), ((3, 6), (True, False, False, False)), ((1, 6), (True, True, False, False))]","[((3, 6), (True, True, False, False)), ((4, 1), (False, False, True, False)), ((4, 3), (False, True, False, True)), ((4, 3), (False, True, False, False)), ((2, 5), (True, True, False, False)), ((1, 2), (True, True, False, True)), ((1, 2), (True, False, False, True)), ((6, 1), (False, False, True, True)), ((3, 5), (True, False, False, False)), ((2, 6), (True, False, False, False))]","[((3, 6), (True, False, False, False)), ((3, 6), (True, True, False, False)), ((4, 1), (False, False, True, False)), ((4, 3), (False, True, False, True)), ((4, 3), (False, True, False, False)), ((2, 5), (True, True, False, False)), ((1, 2), (True, True, False, True)), ((1, 2), (True, False, False, True)), ((6, 1), (False, False, True, True)), ((3, 5), (True, False, False, False))]",98 items,13.0,0.0,13.0
99,"((3, 5), (True, False, False, False))","((2, 5), (True, False, False, False))",East,"[((3, 6), (True, False, False, False)), ((4, 5), (True, False, False, False)), ((2, 5), (True, False, False, False))]","[((3, 6), (True, False, False, False)), ((3, 6), (True, True, False, False)), ((4, 1), (False, False, True, False)), ((4, 3), (False, True, False, True)), ((4, 3), (False, True, False, False)), ((2, 5), (True, True, False, False)), ((1, 2), (True, True, False, True)), ((1, 2), (True, False, False, True)), ((6, 1), (False, False, True, True)), ((3, 5), (True, False, False, False))]","[((4, 5), (True, False, False, False)), ((3, 6), (True, False, False, False)), ((3, 6), (True, True, False, False)), ((4, 1), (False, False, True, False)), ((4, 3), (False, True, False, True)), ((4, 3), (False, True, False, False)), ((2, 5), (True, True, False, False)), ((1, 2), (True, True, False, True)), ((1, 2), (True, False, False, True)), ((6, 1), (False, False, True, True))]",99 items,13.0,0.0,13.0
100,"((6, 1), (False, False, True, True))","((5, 1), (False, False, False, True))",East,"[((5, 1), (False, False, True, True))]","[((4, 5), (True, False, False, False)), ((3, 6), (True, False, False, False)), ((3, 6), (True, True, False, False)), ((4, 1), (False, False, True, False)), ((4, 3), (False, True, False, True)), ((4, 3), (False, True, False, False)), ((2, 5), (True, True, False, False)), ((1, 2), (True, True, False, True)), ((1, 2), (True, False, False, True)), ((6, 1), (False, False, True, True))]","[((5, 1), (False, False, True, True)), ((4, 5), (True, False, False, False)), ((3, 6), (True, False, False, False)), ((3, 6), (True, True, False, False)), ((4, 1), (False, False, True, False)), ((4, 3), (False, True, False, True)), ((4, 3), (False, True, False, False)), ((2, 5), (True, True, False, False)), ((1, 2), (True, True, False, True)), ((1, 2), (True, False, False, True))]",100 items,14.0,0.0,14.0
101,"((1, 2), (True, False, False, True))","((1, 1), (True, False, False, True))",North,"[((1, 3), (True, False, False, True)), ((1, 1), (True, False, False, True))]","[((5, 1), (False, False, True, True)), ((4, 5), (True, False, False, False)), ((3, 6), (True, False, False, False)), ((3, 6), (True, True, False, False)), ((4, 1), (False, False, True, False)), ((4, 3), (False, True, False, True)), ((4, 3), (False, True, False, False)), ((2, 5), (True, True, False, False)), ((1, 2), (True, True, False, True)), ((1, 2), (True, False, False, True))]","[((1, 3), (True, False, False, True)), ((5, 1), (False, False, True, True)), ((4, 5), (True, False, False, False)), ((3, 6), (True, False, False, False)), ((3, 6), (True, True, False, False)), ((4, 1), (False, False, True, False)), ((4, 3), (False, True, False, True)), ((4, 3), (False, True, False, False)), ((2, 5), (True, True, False, False)), ((1, 2), (True, True, False, True))]",101 items,14.0,0.0,14.0
102,"((1, 2), (True, True, False, True))","((1, 1), (True, True, False, True))",North,"[((1, 3), (True, True, False, True)), ((1, 1), (True, True, False, True))]","[((1, 3), (True, False, False, True)), ((5, 1), (False, False, True, True)), ((4, 5), (True, False, False, False)), ((3, 6), (True, False, False, False)), ((3, 6), (True, True, False, False)), ((4, 1), (False, False, True, False)), ((4, 3), (False, True, False, True)), ((4, 3), (False, True, False, False)), ((2, 5), (True, True, False, False)), ((1, 2), (True, True, False, True))]","[((1, 3), (True, True, False, True)), ((1, 3), (True, False, False, True)), ((5, 1), (False, False, True, True)), ((4, 5), (True, False, False, False)), ((3, 6), (True, False, False, False)), ((3, 6), (True, True, False, False)), ((4, 1), (False, False, True, False)), ((4, 3), (False, True, False, True)), ((4, 3), (False, True, False, False)), ((2, 5), (True, True, False, False))]",102 items,14.0,0.0,14.0
103,"((2, 5), (True, True, False, False))","((1, 5), (True, True, False, False))",East,"[((2, 6), (True, True, False, False)), ((3, 5), (True, True, False, False)), ((1, 5), (True, True, False, False))]","[((1, 3), (True, True, False, True)), ((1, 3), (True, False, False, True)), ((5, 1), (False, False, True, True)), ((4, 5), (True, False, False, False)), ((3, 6), (True, False, False, False)), ((3, 6), (True, True, False, False)), ((4, 1), (False, False, True, False)), ((4, 3), (False, True, False, True)), ((4, 3), (False, True, False, False)), ((2, 5), (True, True, False, False))]","[((3, 5), (True, True, False, False)), ((1, 3), (True, True, False, True)), ((1, 3), (True, False, False, True)), ((5, 1), (False, False, True, True)), ((4, 5), (True, False, False, False)), ((3, 6), (True, False, False, False)), ((3, 6), (True, True, False, False)), ((4, 1), (False, False, True, False)), ((4, 3), (False, True, False, True)), ((4, 3), (False, True, False, False))]",103 items,14.0,0.0,14.0
104,"((4, 3), (False, True, False, False))","((5, 3), (False, True, False, False))",West,"[((5, 3), (False, True, False, False)), ((3, 3), (False, True, False, False))]","[((3, 5), (True, True, False, False)), ((1, 3), (True, True, False, True)), ((1, 3), (True, False, False, True)), ((5, 1), (False, False, True, True)), ((4, 5), (True, False, False, False)), ((3, 6), (True, False, False, False)), ((3, 6), (True, True, False, False)), ((4, 1), (False, False, True, False)), ((4, 3), (False, True, False, True)), ((4, 3), (False, True, False, False))]","[((3, 3), (False, True, False, False)), ((3, 5), (True, True, False, False)), ((1, 3), (True, True, False, True)), ((1, 3), (True, False, False, True)), ((5, 1), (False, False, True, True)), ((4, 5), (True, False, False, False)), ((3, 6), (True, False, False, False)), ((3, 6), (True, True, False, False)), ((4, 1), (False, False, True, False)), ((4, 3), (False, True, False, True))]",104 items,14.0,0.0,14.0
105,"((4, 3), (False, True, False, True))","((5, 3), (False, True, False, True))",West,"[((5, 3), (False, True, False, True)), ((3, 3), (False, True, False, True))]","[((3, 3), (False, True, False, False)), ((3, 5), (True, True, False, False)), ((1, 3), (True, True, False, True)), ((1, 3), (True, False, False, True)), ((5, 1), (False, False, True, True)), ((4, 5), (True, False, False, False)), ((3, 6), (True, False, False, False)), ((3, 6), (True, True, False, False)), ((4, 1), (False, False, True, False)), ((4, 3), (False, True, False, True))]","[((3, 3), (False, True, False, True)), ((3, 3), (False, True, False, False)), ((3, 5), (True, True, False, False)), ((1, 3), (True, True, False, True)), ((1, 3), (True, False, False, True)), ((5, 1), (False, False, True, True)), ((4, 5), (True, False, False, False)), ((3, 6), (True, False, False, False)), ((3, 6), (True, True, False, False)), ((4, 1), (False, False, True, False))]",105 items,14.0,0.0,14.0
106,"((4, 1), (False, False, True, False))","((5, 1), (False, False, True, False))",West,"[((5, 1), (False, False, True, False)), ((3, 1), (False, False, True, False))]","[((3, 3), (False, True, False, True)), ((3, 3), (False, True, False, False)), ((3, 5), (True, True, False, False)), ((1, 3), (True, True, False, True)), ((1, 3), (True, False, False, True)), ((5, 1), (False, False, True, True)), ((4, 5), (True, False, False, False)), ((3, 6), (True, False, False, False)), ((3, 6), (True, True, False, False)), ((4, 1), (False, False, True, False))]","[((3, 1), (False, False, True, False)), ((3, 3), (False, True, False, True)), ((3, 3), (False, True, False, False)), ((3, 5), (True, True, False, False)), ((1, 3), (True, True, False, True)), ((1, 3), (True, False, False, True)), ((5, 1), (False, False, True, True)), ((4, 5), (True, False, False, False)), ((3, 6), (True, False, False, False)), ((3, 6), (True, True, False, False))]",106 items,14.0,0.0,14.0
107,"((3, 6), (True, True, False, False))","((2, 6), (True, True, False, False))",East,"[((3, 5), (True, True, False, False)), ((4, 6), (True, True, False, False)), ((2, 6), (True, True, False, False))]","[((3, 1), (False, False, True, False)), ((3, 3), (False, True, False, True)), ((3, 3), (False, True, False, False)), ((3, 5), (True, True, False, False)), ((1, 3), (True, True, False, True)), ((1, 3), (True, False, False, True)), ((5, 1), (False, False, True, True)), ((4, 5), (True, False, False, False)), ((3, 6), (True, False, False, False)), ((3, 6), (True, True, False, False))]","[((4, 6), (True, True, False, False)), ((3, 1), (False, False, True, False)), ((3, 3), (False, True, False, True)), ((3, 3), (False, True, False, False)), ((3, 5), (True, True, False, False)), ((1, 3), (True, True, False, True)), ((1, 3), (True, False, False, True)), ((5, 1), (False, False, True, True)), ((4, 5), (True, False, False, False)), ((3, 6), (True, False, False, False))]",107 items,14.0,0.0,14.0
108,"((3, 6), (True, False, False, False))","((2, 6), (True, False, False, False))",East,"[((3, 5), (True, False, False, False)), ((4, 6), (True, False, False, False)), ((2, 6), (True, False, False, False))]","[((4, 6), (True, True, False, False)), ((3, 1), (False, False, True, False)), ((3, 3), (False, True, False, True)), ((3, 3), (False, True, False, False)), ((3, 5), (True, True, False, False)), ((1, 3), (True, True, False, True)), ((1, 3), (True, False, False, True)), ((5, 1), (False, False, True, True)), ((4, 5), (True, False, False, False)), ((3, 6), (True, False, False, False))]","[((4, 6), (True, False, False, False)), ((4, 6), (True, True, False, False)), ((3, 1), (False, False, True, False)), ((3, 3), (False, True, False, True)), ((3, 3), (False, True, False, False)), ((3, 5), (True, True, False, False)), ((1, 3), (True, True, False, True)), ((1, 3), (True, False, False, True)), ((5, 1), (False, False, True, True)), ((4, 5), (True, False, False, False))]",108 items,14.0,0.0,14.0
109,"((4, 5), (True, False, False, False))","((3, 5), (True, False, False, False))",East,"[((4, 6), (True, False, False, False)), ((5, 5), (True, False, False, False)), ((3, 5), (True, False, False, False))]","[((4, 6), (True, False, False, False)), ((4, 6), (True, True, False, False)), ((3, 1), (False, False, True, False)), ((3, 3), (False, True, False, True)), ((3, 3), (False, True, False, False)), ((3, 5), (True, True, False, False)), ((1, 3), (True, True, False, True)), ((1, 3), (True, False, False, True)), ((5, 1), (False, False, True, True)), ((4, 5), (True, False, False, False))]","[((5, 5), (True, False, False, False)), ((4, 6), (True, False, False, False)), ((4, 6), (True, True, False, False)), ((3, 1), (False, False, True, False)), ((3, 3), (False, True, False, True)), ((3, 3), (False, True, False, False)), ((3, 5), (True, True, False, False)), ((1, 3), (True, True, False, True)), ((1, 3), (True, False, False, True)), ((5, 1), (False, False, True, True))]",109 items,14.0,0.0,14.0
110,"((5, 1), (False, False, True, True))","((6, 1), (False, False, True, True))",West,"[((6, 1), (False, False, True, True)), ((4, 1), (False, False, True, True))]","[((5, 5), (True, False, False, False)), ((4, 6), (True, False, False, False)), ((4, 6), (True, True, False, False)), ((3, 1), (False, False, True, False)), ((3, 3), (False, True, False, True)), ((3, 3), (False, True, False, False)), ((3, 5), (True, True, False, False)), ((1, 3), (True, True, False, True)), ((1, 3), (True, False, False, True)), ((5, 1), (False, False, True, True))]","[((4, 1), (False, False, True, True)), ((5, 5), (True, False, False, False)), ((4, 6), (True, False, False, False)), ((4, 6), (True, True, False, False)), ((3, 1), (False, False, True, False)), ((3, 3), (False, True, False, True)), ((3, 3), (False, True, False, False)), ((3, 5), (True, True, False, False)), ((1, 3), (True, True, False, True)), ((1, 3), (True, False, False, True))]",110 items,15.0,0.0,15.0
111,"((1, 3), (True, False, False, True))","((1, 2), (True, False, False, True))",North,"[((1, 4), (True, False, False, True)), ((1, 2), (True, False, False, True))]","[((4, 1), (False, False, True, True)), ((5, 5), (True, False, False, False)), ((4, 6), (True, False, False, False)), ((4, 6), (True, True, False, False)), ((3, 1), (False, False, True, False)), ((3, 3), (False, True, False, True)), ((3, 3), (False, True, False, False)), ((3, 5), (True, True, False, False)), ((1, 3), (True, True, False, True)), ((1, 3), (True, False, False, True))]","[((1, 4), (True, False, False, True)), ((4, 1), (False, False, True, True)), ((5, 5), (True, False, False, False)), ((4, 6), (True, False, False, False)), ((4, 6), (True, True, False, False)), ((3, 1), (False, False, True, False)), ((3, 3), (False, True, False, True)), ((3, 3), (False, True, False, False)), ((3, 5), (True, True, False, False)), ((1, 3), (True, True, False, True))]",111 items,15.0,0.0,15.0
112,"((1, 3), (True, True, False, True))","((1, 2), (True, True, False, True))",North,"[((1, 4), (True, True, False, True)), ((1, 2), (True, True, False, True))]","[((1, 4), (True, False, False, True)), ((4, 1), (False, False, True, True)), ((5, 5), (True, False, False, False)), ((4, 6), (True, False, False, False)), ((4, 6), (True, True, False, False)), ((3, 1), (False, False, True, False)), ((3, 3), (False, True, False, True)), ((3, 3), (False, True, False, False)), ((3, 5), (True, True, False, False)), ((1, 3), (True, True, False, True))]","[((1, 4), (True, True, False, True)), ((1, 4), (True, False, False, True)), ((4, 1), (False, False, True, True)), ((5, 5), (True, False, False, False)), ((4, 6), (True, False, False, False)), ((4, 6), (True, True, False, False)), ((3, 1), (False, False, True, False)), ((3, 3), (False, True, False, True)), ((3, 3), (False, True, False, False)), ((3, 5), (True, True, False, False))]",112 items,15.0,0.0,15.0
113,"((3, 5), (True, True, False, False))","((2, 5), (True, True, False, False))",East,"[((3, 6), (True, True, False, False)), ((4, 5), (True, True, False, False)), ((2, 5), (True, True, False, False))]","[((1, 4), (True, True, False, True)), ((1, 4), (True, False, False, True)), ((4, 1), (False, False, True, True)), ((5, 5), (True, False, False, False)), ((4, 6), (True, False, False, False)), ((4, 6), (True, True, False, False)), ((3, 1), (False, False, True, False)), ((3, 3), (False, True, False, True)), ((3, 3), (False, True, False, False)), ((3, 5), (True, True, False, False))]","[((4, 5), (True, True, False, False)), ((1, 4), (True, True, False, True)), ((1, 4), (True, False, False, True)), ((4, 1), (False, False, True, True)), ((5, 5), (True, False, False, False)), ((4, 6), (True, False, False, False)), ((4, 6), (True, True, False, False)), ((3, 1), (False, False, True, False)), ((3, 3), (False, True, False, True)), ((3, 3), (False, True, False, False))]",113 items,15.0,0.0,15.0
114,"((3, 3), (False, True, False, False))","((4, 3), (False, True, False, False))",West,"[((3, 2), (False, True, False, False)), ((4, 3), (False, True, False, False))]","[((4, 5), (True, True, False, False)), ((1, 4), (True, True, False, True)), ((1, 4), (True, False, False, True)), ((4, 1), (False, False, True, True)), ((5, 5), (True, False, False, False)), ((4, 6), (True, False, False, False)), ((4, 6), (True, True, False, False)), ((3, 1), (False, False, True, False)), ((3, 3), (False, True, False, True)), ((3, 3), (False, True, False, False))]","[((3, 2), (False, True, False, False)), ((4, 5), (True, True, False, False)), ((1, 4), (True, True, False, True)), ((1, 4), (True, False, False, True)), ((4, 1), (False, False, True, True)), ((5, 5), (True, False, False, False)), ((4, 6), (True, False, False, False)), ((4, 6), (True, True, False, False)), ((3, 1), (False, False, True, False)), ((3, 3), (False, True, False, True))]",114 items,15.0,0.0,15.0
115,"((3, 3), (False, True, False, True))","((4, 3), (False, True, False, True))",West,"[((3, 2), (False, True, False, True)), ((4, 3), (False, True, False, True))]","[((3, 2), (False, True, False, False)), ((4, 5), (True, True, False, False)), ((1, 4), (True, True, False, True)), ((1, 4), (True, False, False, True)), ((4, 1), (False, False, True, True)), ((5, 5), (True, False, False, False)), ((4, 6), (True, False, False, False)), ((4, 6), (True, True, False, False)), ((3, 1), (False, False, True, False)), ((3, 3), (False, True, False, True))]","[((3, 2), (False, True, False, True)), ((3, 2), (False, True, False, False)), ((4, 5), (True, True, False, False)), ((1, 4), (True, True, False, True)), ((1, 4), (True, False, False, True)), ((4, 1), (False, False, True, True)), ((5, 5), (True, False, False, False)), ((4, 6), (True, False, False, False)), ((4, 6), (True, True, False, False)), ((3, 1), (False, False, True, False))]",115 items,15.0,0.0,15.0
116,"((3, 1), (False, False, True, False))","((4, 1), (False, False, True, False))",West,"[((3, 2), (False, False, True, False)), ((4, 1), (False, False, True, False))]","[((3, 2), (False, True, False, True)), ((3, 2), (False, True, False, False)), ((4, 5), (True, True, False, False)), ((1, 4), (True, True, False, True)), ((1, 4), (True, False, False, True)), ((4, 1), (False, False, True, True)), ((5, 5), (True, False, False, False)), ((4, 6), (True, False, False, False)), ((4, 6), (True, True, False, False)), ((3, 1), (False, False, True, False))]","[((3, 2), (False, False, True, False)), ((3, 2), (False, True, False, True)), ((3, 2), (False, True, False, False)), ((4, 5), (True, True, False, False)), ((1, 4), (True, True, False, True)), ((1, 4), (True, False, False, True)), ((4, 1), (False, False, True, True)), ((5, 5), (True, False, False, False)), ((4, 6), (True, False, False, False)), ((4, 6), (True, True, False, False))]",116 items,15.0,0.0,15.0
117,"((4, 6), (True, True, False, False))","((3, 6), (True, True, False, False))",East,"[((4, 5), (True, True, False, False)), ((5, 6), (True, True, False, False)), ((3, 6), (True, True, False, False))]","[((3, 2), (False, False, True, False)), ((3, 2), (False, True, False, True)), ((3, 2), (False, True, False, False)), ((4, 5), (True, True, False, False)), ((1, 4), (True, True, False, True)), ((1, 4), (True, False, False, True)), ((4, 1), (False, False, True, True)), ((5, 5), (True, False, False, False)), ((4, 6), (True, False, False, False)), ((4, 6), (True, True, False, False))]","[((5, 6), (True, True, False, False)), ((3, 2), (False, False, True, False)), ((3, 2), (False, True, False, True)), ((3, 2), (False, True, False, False)), ((4, 5), (True, True, False, False)), ((1, 4), (True, True, False, True)), ((1, 4), (True, False, False, True)), ((4, 1), (False, False, True, True)), ((5, 5), (True, False, False, False)), ((4, 6), (True, False, False, False))]",117 items,15.0,0.0,15.0
118,"((4, 6), (True, False, False, False))","((3, 6), (True, False, False, False))",East,"[((4, 5), (True, False, False, False)), ((5, 6), (True, False, False, False)), ((3, 6), (True, False, False, False))]","[((5, 6), (True, True, False, False)), ((3, 2), (False, False, True, False)), ((3, 2), (False, True, False, True)), ((3, 2), (False, True, False, False)), ((4, 5), (True, True, False, False)), ((1, 4), (True, True, False, True)), ((1, 4), (True, False, False, True)), ((4, 1), (False, False, True, True)), ((5, 5), (True, False, False, False)), ((4, 6), (True, False, False, False))]","[((5, 6), (True, False, False, False)), ((5, 6), (True, True, False, False)), ((3, 2), (False, False, True, False)), ((3, 2), (False, True, False, True)), ((3, 2), (False, True, False, False)), ((4, 5), (True, True, False, False)), ((1, 4), (True, True, False, True)), ((1, 4), (True, False, False, True)), ((4, 1), (False, False, True, True)), ((5, 5), (True, False, False, False))]",118 items,15.0,0.0,15.0
119,"((5, 5), (True, False, False, False))","((4, 5), (True, False, False, False))",East,"[((5, 6), (True, False, False, False)), ((6, 5), (True, False, False, False)), ((4, 5), (True, False, False, False))]","[((5, 6), (True, False, False, False)), ((5, 6), (True, True, False, False)), ((3, 2), (False, False, True, False)), ((3, 2), (False, True, False, True)), ((3, 2), (False, True, False, False)), ((4, 5), (True, True, False, False)), ((1, 4), (True, True, False, True)), ((1, 4), (True, False, False, True)), ((4, 1), (False, False, True, True)), ((5, 5), (True, False, False, False))]","[((6, 5), (True, False, False, False)), ((5, 6), (True, False, False, False)), ((5, 6), (True, True, False, False)), ((3, 2), (False, False, True, False)), ((3, 2), (False, True, False, True)), ((3, 2), (False, True, False, False)), ((4, 5), (True, True, False, False)), ((1, 4), (True, True, False, True)), ((1, 4), (True, False, False, True)), ((4, 1), (False, False, True, True))]",119 items,15.0,0.0,15.0
120,"((4, 1), (False, False, True, True))","((5, 1), (False, False, True, True))",West,"[((5, 1), (False, False, True, True)), ((3, 1), (False, False, True, True))]","[((6, 5), (True, False, False, False)), ((5, 6), (True, False, False, False)), ((5, 6), (True, True, False, False)), ((3, 2), (False, False, True, False)), ((3, 2), (False, True, False, True)), ((3, 2), (False, True, False, False)), ((4, 5), (True, True, False, False)), ((1, 4), (True, True, False, True)), ((1, 4), (True, False, False, True)), ((4, 1), (False, False, True, True))]","[((3, 1), (False, False, True, True)), ((6, 5), (True, False, False, False)), ((5, 6), (True, False, False, False)), ((5, 6), (True, True, False, False)), ((3, 2), (False, False, True, False)), ((3, 2), (False, True, False, True)), ((3, 2), (False, True, False, False)), ((4, 5), (True, True, False, False)), ((1, 4), (True, True, False, True)), ((1, 4), (True, False, False, True))]",120 items,16.0,0.0,16.0
121,"((1, 4), (True, False, False, True))","((1, 3), (True, False, False, True))",North,"[((1, 5), (True, False, False, True)), ((1, 3), (True, False, False, True))]","[((3, 1), (False, False, True, True)), ((6, 5), (True, False, False, False)), ((5, 6), (True, False, False, False)), ((5, 6), (True, True, False, False)), ((3, 2), (False, False, True, False)), ((3, 2), (False, True, False, True)), ((3, 2), (False, True, False, False)), ((4, 5), (True, True, False, False)), ((1, 4), (True, True, False, True)), ((1, 4), (True, False, False, True))]","[((1, 5), (True, False, False, True)), ((3, 1), (False, False, True, True)), ((6, 5), (True, False, False, False)), ((5, 6), (True, False, False, False)), ((5, 6), (True, True, False, False)), ((3, 2), (False, False, True, False)), ((3, 2), (False, True, False, True)), ((3, 2), (False, True, False, False)), ((4, 5), (True, True, False, False)), ((1, 4), (True, True, False, True))]",121 items,16.0,0.0,16.0
122,"((1, 4), (True, True, False, True))","((1, 3), (True, True, False, True))",North,"[((1, 5), (True, True, False, True)), ((1, 3), (True, True, False, True))]","[((1, 5), (True, False, False, True)), ((3, 1), (False, False, True, True)), ((6, 5), (True, False, False, False)), ((5, 6), (True, False, False, False)), ((5, 6), (True, True, False, False)), ((3, 2), (False, False, True, False)), ((3, 2), (False, True, False, True)), ((3, 2), (False, True, False, False)), ((4, 5), (True, True, False, False)), ((1, 4), (True, True, False, True))]","[((1, 5), (True, True, False, True)), ((1, 5), (True, False, False, True)), ((3, 1), (False, False, True, True)), ((6, 5), (True, False, False, False)), ((5, 6), (True, False, False, False)), ((5, 6), (True, True, False, False)), ((3, 2), (False, False, True, False)), ((3, 2), (False, True, False, True)), ((3, 2), (False, True, False, False)), ((4, 5), (True, True, False, False))]",122 items,16.0,0.0,16.0
123,"((4, 5), (True, True, False, False))","((3, 5), (True, True, False, False))",East,"[((4, 6), (True, True, False, False)), ((5, 5), (True, True, False, False)), ((3, 5), (True, True, False, False))]","[((1, 5), (True, True, False, True)), ((1, 5), (True, False, False, True)), ((3, 1), (False, False, True, True)), ((6, 5), (True, False, False, False)), ((5, 6), (True, False, False, False)), ((5, 6), (True, True, False, False)), ((3, 2), (False, False, True, False)), ((3, 2), (False, True, False, True)), ((3, 2), (False, True, False, False)), ((4, 5), (True, True, False, False))]","[((5, 5), (True, True, False, False)), ((1, 5), (True, True, False, True)), ((1, 5), (True, False, False, True)), ((3, 1), (False, False, True, True)), ((6, 5), (True, False, False, False)), ((5, 6), (True, False, False, False)), ((5, 6), (True, True, False, False)), ((3, 2), (False, False, True, False)), ((3, 2), (False, True, False, True)), ((3, 2), (False, True, False, False))]",123 items,16.0,0.0,16.0
124,"((3, 2), (False, True, False, False))","((3, 3), (False, True, False, False))",South,"[((3, 3), (False, True, False, False)), ((3, 1), (False, True, False, False))]","[((5, 5), (True, True, False, False)), ((1, 5), (True, True, False, True)), ((1, 5), (True, False, False, True)), ((3, 1), (False, False, True, True)), ((6, 5), (True, False, False, False)), ((5, 6), (True, False, False, False)), ((5, 6), (True, True, False, False)), ((3, 2), (False, False, True, False)), ((3, 2), (False, True, False, True)), ((3, 2), (False, True, False, False))]","[((3, 1), (False, True, False, False)), ((5, 5), (True, True, False, False)), ((1, 5), (True, True, False, True)), ((1, 5), (True, False, False, True)), ((3, 1), (False, False, True, True)), ((6, 5), (True, False, False, False)), ((5, 6), (True, False, False, False)), ((5, 6), (True, True, False, False)), ((3, 2), (False, False, True, False)), ((3, 2), (False, True, False, True))]",124 items,16.0,0.0,16.0
125,"((3, 2), (False, True, False, True))","((3, 3), (False, True, False, True))",South,"[((3, 3), (False, True, False, True)), ((3, 1), (False, True, False, True))]","[((3, 1), (False, True, False, False)), ((5, 5), (True, True, False, False)), ((1, 5), (True, True, False, True)), ((1, 5), (True, False, False, True)), ((3, 1), (False, False, True, True)), ((6, 5), (True, False, False, False)), ((5, 6), (True, False, False, False)), ((5, 6), (True, True, False, False)), ((3, 2), (False, False, True, False)), ((3, 2), (False, True, False, True))]","[((3, 1), (False, True, False, True)), ((3, 1), (False, True, False, False)), ((5, 5), (True, True, False, False)), ((1, 5), (True, True, False, True)), ((1, 5), (True, False, False, True)), ((3, 1), (False, False, True, True)), ((6, 5), (True, False, False, False)), ((5, 6), (True, False, False, False)), ((5, 6), (True, True, False, False)), ((3, 2), (False, False, True, False))]",125 items,16.0,0.0,16.0
126,"((3, 2), (False, False, True, False))","((3, 1), (False, False, True, False))",North,"[((3, 3), (False, False, True, False)), ((3, 1), (False, False, True, False))]","[((3, 1), (False, True, False, True)), ((3, 1), (False, True, False, False)), ((5, 5), (True, True, False, False)), ((1, 5), (True, True, False, True)), ((1, 5), (True, False, False, True)), ((3, 1), (False, False, True, True)), ((6, 5), (True, False, False, False)), ((5, 6), (True, False, False, False)), ((5, 6), (True, True, False, False)), ((3, 2), (False, False, True, False))]","[((3, 3), (False, False, True, False)), ((3, 1), (False, True, False, True)), ((3, 1), (False, True, False, False)), ((5, 5), (True, True, False, False)), ((1, 5), (True, True, False, True)), ((1, 5), (True, False, False, True)), ((3, 1), (False, False, True, True)), ((6, 5), (True, False, False, False)), ((5, 6), (True, False, False, False)), ((5, 6), (True, True, False, False))]",126 items,16.0,0.0,16.0
127,"((5, 6), (True, True, False, False))","((4, 6), (True, True, False, False))",East,"[((5, 5), (True, True, False, False)), ((6, 6), (True, True, False, True)), ((4, 6), (True, True, False, False))]","[((3, 3), (False, False, True, False)), ((3, 1), (False, True, False, True)), ((3, 1), (False, True, False, False)), ((5, 5), (True, True, False, False)), ((1, 5), (True, True, False, True)), ((1, 5), (True, False, False, True)), ((3, 1), (False, False, True, True)), ((6, 5), (True, False, False, False)), ((5, 6), (True, False, False, False)), ((5, 6), (True, True, False, False))]","[((6, 6), (True, True, False, True)), ((3, 3), (False, False, True, False)), ((3, 1), (False, True, False, True)), ((3, 1), (False, True, False, False)), ((5, 5), (True, True, False, False)), ((1, 5), (True, True, False, True)), ((1, 5), (True, False, False, True)), ((3, 1), (False, False, True, True)), ((6, 5), (True, False, False, False)), ((5, 6), (True, False, False, False))]",127 items,16.0,0.0,16.0
128,"((5, 6), (True, False, False, False))","((4, 6), (True, False, False, False))",East,"[((5, 5), (True, False, False, False)), ((6, 6), (True, False, False, True)), ((4, 6), (True, False, False, False))]","[((6, 6), (True, True, False, True)), ((3, 3), (False, False, True, False)), ((3, 1), (False, True, False, True)), ((3, 1), (False, True, False, False)), ((5, 5), (True, True, False, False)), ((1, 5), (True, True, False, True)), ((1, 5), (True, False, False, True)), ((3, 1), (False, False, True, True)), ((6, 5), (True, False, False, False)), ((5, 6), (True, False, False, False))]","[((6, 6), (True, False, False, True)), ((6, 6), (True, True, False, True)), ((3, 3), (False, False, True, False)), ((3, 1), (False, True, False, True)), ((3, 1), (False, True, False, False)), ((5, 5), (True, True, False, False)), ((1, 5), (True, True, False, True)), ((1, 5), (True, False, False, True)), ((3, 1), (False, False, True, True)), ((6, 5), (True, False, False, False))]",128 items,16.0,0.0,16.0
129,"((6, 5), (True, False, False, False))","((5, 5), (True, False, False, False))",East,"[((6, 6), (True, False, False, True)), ((6, 4), (True, False, False, False)), ((5, 5), (True, False, False, False))]","[((6, 6), (True, False, False, True)), ((6, 6), (True, True, False, True)), ((3, 3), (False, False, True, False)), ((3, 1), (False, True, False, True)), ((3, 1), (False, True, False, False)), ((5, 5), (True, True, False, False)), ((1, 5), (True, True, False, True)), ((1, 5), (True, False, False, True)), ((3, 1), (False, False, True, True)), ((6, 5), (True, False, False, False))]","[((6, 4), (True, False, False, False)), ((6, 6), (True, False, False, True)), ((6, 6), (True, True, False, True)), ((3, 3), (False, False, True, False)), ((3, 1), (False, True, False, True)), ((3, 1), (False, True, False, False)), ((5, 5), (True, True, False, False)), ((1, 5), (True, True, False, True)), ((1, 5), (True, False, False, True)), ((3, 1), (False, False, True, True))]",129 items,16.0,0.0,16.0
130,"((3, 1), (False, False, True, True))","((4, 1), (False, False, True, True))",West,"[((3, 2), (False, False, True, True)), ((4, 1), (False, False, True, True))]","[((6, 4), (True, False, False, False)), ((6, 6), (True, False, False, True)), ((6, 6), (True, True, False, True)), ((3, 3), (False, False, True, False)), ((3, 1), (False, True, False, True)), ((3, 1), (False, True, False, False)), ((5, 5), (True, True, False, False)), ((1, 5), (True, True, False, True)), ((1, 5), (True, False, False, True)), ((3, 1), (False, False, True, True))]","[((3, 2), (False, False, True, True)), ((6, 4), (True, False, False, False)), ((6, 6), (True, False, False, True)), ((6, 6), (True, True, False, True)), ((3, 3), (False, False, True, False)), ((3, 1), (False, True, False, True)), ((3, 1), (False, True, False, False)), ((5, 5), (True, True, False, False)), ((1, 5), (True, True, False, True)), ((1, 5), (True, False, False, True))]",130 items,17.0,0.0,17.0
131,"((1, 5), (True, False, False, True))","((1, 4), (True, False, False, True))",North,"[((1, 6), (True, True, False, True)), ((1, 4), (True, False, False, True)), ((2, 5), (True, False, False, True))]","[((3, 2), (False, False, True, True)), ((6, 4), (True, False, False, False)), ((6, 6), (True, False, False, True)), ((6, 6), (True, True, False, True)), ((3, 3), (False, False, True, False)), ((3, 1), (False, True, False, True)), ((3, 1), (False, True, False, False)), ((5, 5), (True, True, False, False)), ((1, 5), (True, True, False, True)), ((1, 5), (True, False, False, True))]","[((2, 5), (True, False, False, True)), ((1, 6), (True, True, False, True)), ((3, 2), (False, False, True, True)), ((6, 4), (True, False, False, False)), ((6, 6), (True, False, False, True)), ((6, 6), (True, True, False, True)), ((3, 3), (False, False, True, False)), ((3, 1), (False, True, False, True)), ((3, 1), (False, True, False, False)), ((5, 5), (True, True, False, False)), ((1, 5), (True, True, False, True))]",131 items,17.0,0.0,17.0
132,"((1, 5), (True, True, False, True))","((1, 4), (True, True, False, True))",North,"[((1, 6), (True, True, False, True)), ((1, 4), (True, True, False, True)), ((2, 5), (True, True, False, True))]","[((2, 5), (True, False, False, True)), ((1, 6), (True, True, False, True)), ((3, 2), (False, False, True, True)), ((6, 4), (True, False, False, False)), ((6, 6), (True, False, False, True)), ((6, 6), (True, True, False, True)), ((3, 3), (False, False, True, False)), ((3, 1), (False, True, False, True)), ((3, 1), (False, True, False, False)), ((5, 5), (True, True, False, False)), ((1, 5), (True, True, False, True))]","[((2, 5), (True, True, False, True)), ((2, 5), (True, False, False, True)), ((1, 6), (True, True, False, True)), ((3, 2), (False, False, True, True)), ((6, 4), (True, False, False, False)), ((6, 6), (True, False, False, True)), ((6, 6), (True, True, False, True)), ((3, 3), (False, False, True, False)), ((3, 1), (False, True, False, True)), ((3, 1), (False, True, False, False)), ((5, 5), (True, True, False, False))]",132 items,17.0,0.0,17.0
133,"((5, 5), (True, True, False, False))","((4, 5), (True, True, False, False))",East,"[((5, 6), (True, True, False, False)), ((6, 5), (True, True, False, False)), ((4, 5), (True, True, False, False))]","[((2, 5), (True, True, False, True)), ((2, 5), (True, False, False, True)), ((1, 6), (True, True, False, True)), ((3, 2), (False, False, True, True)), ((6, 4), (True, False, False, False)), ((6, 6), (True, False, False, True)), ((6, 6), (True, True, False, True)), ((3, 3), (False, False, True, False)), ((3, 1), (False, True, False, True)), ((3, 1), (False, True, False, False)), ((5, 5), (True, True, False, False))]","[((6, 5), (True, True, False, False)), ((2, 5), (True, True, False, True)), ((2, 5), (True, False, False, True)), ((1, 6), (True, True, False, True)), ((3, 2), (False, False, True, True)), ((6, 4), (True, False, False, False)), ((6, 6), (True, False, False, True)), ((6, 6), (True, True, False, True)), ((3, 3), (False, False, True, False)), ((3, 1), (False, True, False, True)), ((3, 1), (False, True, False, False))]",133 items,17.0,0.0,17.0
134,"((3, 1), (False, True, False, False))","((3, 2), (False, True, False, False))",South,"[((3, 2), (False, True, False, False)), ((4, 1), (False, True, False, False))]","[((6, 5), (True, True, False, False)), ((2, 5), (True, True, False, True)), ((2, 5), (True, False, False, True)), ((1, 6), (True, True, False, True)), ((3, 2), (False, False, True, True)), ((6, 4), (True, False, False, False)), ((6, 6), (True, False, False, True)), ((6, 6), (True, True, False, True)), ((3, 3), (False, False, True, False)), ((3, 1), (False, True, False, True)), ((3, 1), (False, True, False, False))]","[((4, 1), (False, True, False, False)), ((6, 5), (True, True, False, False)), ((2, 5), (True, True, False, True)), ((2, 5), (True, False, False, True)), ((1, 6), (True, True, False, True)), ((3, 2), (False, False, True, True)), ((6, 4), (True, False, False, False)), ((6, 6), (True, False, False, True)), ((6, 6), (True, True, False, True)), ((3, 3), (False, False, True, False)), ((3, 1), (False, True, False, True))]",134 items,17.0,0.0,17.0
135,"((3, 1), (False, True, False, True))","((3, 2), (False, True, False, True))",South,"[((3, 2), (False, True, False, True)), ((4, 1), (False, True, False, True))]","[((4, 1), (False, True, False, False)), ((6, 5), (True, True, False, False)), ((2, 5), (True, True, False, True)), ((2, 5), (True, False, False, True)), ((1, 6), (True, True, False, True)), ((3, 2), (False, False, True, True)), ((6, 4), (True, False, False, False)), ((6, 6), (True, False, False, True)), ((6, 6), (True, True, False, True)), ((3, 3), (False, False, True, False)), ((3, 1), (False, True, False, True))]","[((4, 1), (False, True, False, True)), ((4, 1), (False, True, False, False)), ((6, 5), (True, True, False, False)), ((2, 5), (True, True, False, True)), ((2, 5), (True, False, False, True)), ((1, 6), (True, True, False, True)), ((3, 2), (False, False, True, True)), ((6, 4), (True, False, False, False)), ((6, 6), (True, False, False, True)), ((6, 6), (True, True, False, True)), ((3, 3), (False, False, True, False))]",135 items,17.0,0.0,17.0
136,"((3, 3), (False, False, True, False))","((3, 2), (False, False, True, False))",North,"[((3, 2), (False, False, True, False)), ((4, 3), (False, False, True, False))]","[((4, 1), (False, True, False, True)), ((4, 1), (False, True, False, False)), ((6, 5), (True, True, False, False)), ((2, 5), (True, True, False, True)), ((2, 5), (True, False, False, True)), ((1, 6), (True, True, False, True)), ((3, 2), (False, False, True, True)), ((6, 4), (True, False, False, False)), ((6, 6), (True, False, False, True)), ((6, 6), (True, True, False, True)), ((3, 3), (False, False, True, False))]","[((4, 3), (False, False, True, False)), ((4, 1), (False, True, False, True)), ((4, 1), (False, True, False, False)), ((6, 5), (True, True, False, False)), ((2, 5), (True, True, False, True)), ((2, 5), (True, False, False, True)), ((1, 6), (True, True, False, True)), ((3, 2), (False, False, True, True)), ((6, 4), (True, False, False, False)), ((6, 6), (True, False, False, True)), ((6, 6), (True, True, False, True))]",136 items,17.0,0.0,17.0
137,"((6, 6), (True, True, False, True))","((5, 6), (True, True, False, False))",East,"[((6, 5), (True, True, False, True)), ((5, 6), (True, True, False, True))]","[((4, 3), (False, False, True, False)), ((4, 1), (False, True, False, True)), ((4, 1), (False, True, False, False)), ((6, 5), (True, True, False, False)), ((2, 5), (True, True, False, True)), ((2, 5), (True, False, False, True)), ((1, 6), (True, True, False, True)), ((3, 2), (False, False, True, True)), ((6, 4), (True, False, False, False)), ((6, 6), (True, False, False, True)), ((6, 6), (True, True, False, True))]","[((5, 6), (True, True, False, True)), ((6, 5), (True, True, False, True)), ((4, 3), (False, False, True, False)), ((4, 1), (False, True, False, True)), ((4, 1), (False, True, False, False)), ((6, 5), (True, True, False, False)), ((2, 5), (True, True, False, True)), ((2, 5), (True, False, False, True)), ((1, 6), (True, True, False, True)), ((3, 2), (False, False, True, True)), ((6, 4), (True, False, False, False)), ((6, 6), (True, False, False, True))]",137 items,17.0,0.0,17.0
138,"((6, 6), (True, False, False, True))","((5, 6), (True, False, False, False))",East,"[((6, 5), (True, False, False, True)), ((5, 6), (True, False, False, True))]","[((5, 6), (True, True, False, True)), ((6, 5), (True, True, False, True)), ((4, 3), (False, False, True, False)), ((4, 1), (False, True, False, True)), ((4, 1), (False, True, False, False)), ((6, 5), (True, True, False, False)), ((2, 5), (True, True, False, True)), ((2, 5), (True, False, False, True)), ((1, 6), (True, True, False, True)), ((3, 2), (False, False, True, True)), ((6, 4), (True, False, False, False)), ((6, 6), (True, False, False, True))]","[((5, 6), (True, False, False, True)), ((6, 5), (True, False, False, True)), ((5, 6), (True, True, False, True)), ((6, 5), (True, True, False, True)), ((4, 3), (False, False, True, False)), ((4, 1), (False, True, False, True)), ((4, 1), (False, True, False, False)), ((6, 5), (True, True, False, False)), ((2, 5), (True, True, False, True)), ((2, 5), (True, False, False, True)), ((1, 6), (True, True, False, True)), ((3, 2), (False, False, True, True)), ((6, 4), (True, False, False, False))]",138 items,17.0,0.0,17.0
139,"((6, 4), (True, False, False, False))","((6, 5), (True, False, False, False))",South,"[((6, 5), (True, False, False, False)), ((6, 3), (True, False, False, False))]","[((5, 6), (True, False, False, True)), ((6, 5), (True, False, False, True)), ((5, 6), (True, True, False, True)), ((6, 5), (True, True, False, True)), ((4, 3), (False, False, True, False)), ((4, 1), (False, True, False, True)), ((4, 1), (False, True, False, False)), ((6, 5), (True, True, False, False)), ((2, 5), (True, True, False, True)), ((2, 5), (True, False, False, True)), ((1, 6), (True, True, False, True)), ((3, 2), (False, False, True, True)), ((6, 4), (True, False, False, False))]","[((6, 3), (True, False, False, False)), ((5, 6), (True, False, False, True)), ((6, 5), (True, False, False, True)), ((5, 6), (True, True, False, True)), ((6, 5), (True, True, False, True)), ((4, 3), (False, False, True, False)), ((4, 1), (False, True, False, True)), ((4, 1), (False, True, False, False)), ((6, 5), (True, True, False, False)), ((2, 5), (True, True, False, True)), ((2, 5), (True, False, False, True)), ((1, 6), (True, True, False, True)), ((3, 2), (False, False, True, True))]",139 items,17.0,0.0,17.0
140,"((3, 2), (False, False, True, True))","((3, 1), (False, False, True, True))",North,"[((3, 3), (False, False, True, True)), ((3, 1), (False, False, True, True))]","[((6, 3), (True, False, False, False)), ((5, 6), (True, False, False, True)), ((6, 5), (True, False, False, True)), ((5, 6), (True, True, False, True)), ((6, 5), (True, True, False, True)), ((4, 3), (False, False, True, False)), ((4, 1), (False, True, False, True)), ((4, 1), (False, True, False, False)), ((6, 5), (True, True, False, False)), ((2, 5), (True, True, False, True)), ((2, 5), (True, False, False, True)), ((1, 6), (True, True, False, True)), ((3, 2), (False, False, True, True))]","[((3, 3), (False, False, True, True)), ((6, 3), (True, False, False, False)), ((5, 6), (True, False, False, True)), ((6, 5), (True, False, False, True)), ((5, 6), (True, True, False, True)), ((6, 5), (True, True, False, True)), ((4, 3), (False, False, True, False)), ((4, 1), (False, True, False, True)), ((4, 1), (False, True, False, False)), ((6, 5), (True, True, False, False)), ((2, 5), (True, True, False, True)), ((2, 5), (True, False, False, True)), ((1, 6), (True, True, False, True))]",140 items,18.0,0.0,18.0
141,"((1, 6), (True, True, False, True))","((1, 5), (True, False, False, True))",North,"[((1, 5), (True, True, False, True)), ((2, 6), (True, True, False, True))]","[((3, 3), (False, False, True, True)), ((6, 3), (True, False, False, False)), ((5, 6), (True, False, False, True)), ((6, 5), (True, False, False, True)), ((5, 6), (True, True, False, True)), ((6, 5), (True, True, False, True)), ((4, 3), (False, False, True, False)), ((4, 1), (False, True, False, True)), ((4, 1), (False, True, False, False)), ((6, 5), (True, True, False, False)), ((2, 5), (True, True, False, True)), ((2, 5), (True, False, False, True)), ((1, 6), (True, True, False, True))]","[((2, 6), (True, True, False, True)), ((3, 3), (False, False, True, True)), ((6, 3), (True, False, False, False)), ((5, 6), (True, False, False, True)), ((6, 5), (True, False, False, True)), ((5, 6), (True, True, False, True)), ((6, 5), (True, True, False, True)), ((4, 3), (False, False, True, False)), ((4, 1), (False, True, False, True)), ((4, 1), (False, True, False, False)), ((6, 5), (True, True, False, False)), ((2, 5), (True, True, False, True)), ((2, 5), (True, False, False, True))]",141 items,18.0,0.0,18.0
142,"((2, 5), (True, False, False, True))","((1, 5), (True, False, False, True))",East,"[((2, 6), (True, False, False, True)), ((3, 5), (True, False, False, True)), ((1, 5), (True, False, False, True))]","[((2, 6), (True, True, False, True)), ((3, 3), (False, False, True, True)), ((6, 3), (True, False, False, False)), ((5, 6), (True, False, False, True)), ((6, 5), (True, False, False, True)), ((5, 6), (True, True, False, True)), ((6, 5), (True, True, False, True)), ((4, 3), (False, False, True, False)), ((4, 1), (False, True, False, True)), ((4, 1), (False, True, False, False)), ((6, 5), (True, True, False, False)), ((2, 5), (True, True, False, True)), ((2, 5), (True, False, False, True))]","[((3, 5), (True, False, False, True)), ((2, 6), (True, False, False, True)), ((2, 6), (True, True, False, True)), ((3, 3), (False, False, True, True)), ((6, 3), (True, False, False, False)), ((5, 6), (True, False, False, True)), ((6, 5), (True, False, False, True)), ((5, 6), (True, True, False, True)), ((6, 5), (True, True, False, True)), ((4, 3), (False, False, True, False)), ((4, 1), (False, True, False, True)), ((4, 1), (False, True, False, False)), ((6, 5), (True, True, False, False)), ((2, 5), (True, True, False, True))]",142 items,18.0,0.0,18.0
143,"((2, 5), (True, True, False, True))","((1, 5), (True, True, False, True))",East,"[((2, 6), (True, True, False, True)), ((3, 5), (True, True, False, True)), ((1, 5), (True, True, False, True))]","[((3, 5), (True, False, False, True)), ((2, 6), (True, False, False, True)), ((2, 6), (True, True, False, True)), ((3, 3), (False, False, True, True)), ((6, 3), (True, False, False, False)), ((5, 6), (True, False, False, True)), ((6, 5), (True, False, False, True)), ((5, 6), (True, True, False, True)), ((6, 5), (True, True, False, True)), ((4, 3), (False, False, True, False)), ((4, 1), (False, True, False, True)), ((4, 1), (False, True, False, False)), ((6, 5), (True, True, False, False)), ((2, 5), (True, True, False, True))]","[((3, 5), (True, True, False, True)), ((3, 5), (True, False, False, True)), ((2, 6), (True, False, False, True)), ((2, 6), (True, True, False, True)), ((3, 3), (False, False, True, True)), ((6, 3), (True, False, False, False)), ((5, 6), (True, False, False, True)), ((6, 5), (True, False, False, True)), ((5, 6), (True, True, False, True)), ((6, 5), (True, True, False, True)), ((4, 3), (False, False, True, False)), ((4, 1), (False, True, False, True)), ((4, 1), (False, True, False, False)), ((6, 5), (True, True, False, False))]",143 items,18.0,0.0,18.0
144,"((6, 5), (True, True, False, False))","((5, 5), (True, True, False, False))",East,"[((6, 6), (True, True, False, True)), ((6, 4), (True, True, False, False)), ((5, 5), (True, True, False, False))]","[((3, 5), (True, True, False, True)), ((3, 5), (True, False, False, True)), ((2, 6), (True, False, False, True)), ((2, 6), (True, True, False, True)), ((3, 3), (False, False, True, True)), ((6, 3), (True, False, False, False)), ((5, 6), (True, False, False, True)), ((6, 5), (True, False, False, True)), ((5, 6), (True, True, False, True)), ((6, 5), (True, True, False, True)), ((4, 3), (False, False, True, False)), ((4, 1), (False, True, False, True)), ((4, 1), (False, True, False, False)), ((6, 5), (True, True, False, False))]","[((6, 4), (True, True, False, False)), ((3, 5), (True, True, False, True)), ((3, 5), (True, False, False, True)), ((2, 6), (True, False, False, True)), ((2, 6), (True, True, False, True)), ((3, 3), (False, False, True, True)), ((6, 3), (True, False, False, False)), ((5, 6), (True, False, False, True)), ((6, 5), (True, False, False, True)), ((5, 6), (True, True, False, True)), ((6, 5), (True, True, False, True)), ((4, 3), (False, False, True, False)), ((4, 1), (False, True, False, True)), ((4, 1), (False, True, False, False))]",144 items,18.0,0.0,18.0
145,"((4, 1), (False, True, False, False))","((3, 1), (False, True, False, False))",East,"[((5, 1), (False, True, False, False)), ((3, 1), (False, True, False, False))]","[((6, 4), (True, True, False, False)), ((3, 5), (True, True, False, True)), ((3, 5), (True, False, False, True)), ((2, 6), (True, False, False, True)), ((2, 6), (True, True, False, True)), ((3, 3), (False, False, True, True)), ((6, 3), (True, False, False, False)), ((5, 6), (True, False, False, True)), ((6, 5), (True, False, False, True)), ((5, 6), (True, True, False, True)), ((6, 5), (True, True, False, True)), ((4, 3), (False, False, True, False)), ((4, 1), (False, True, False, True)), ((4, 1), (False, True, False, False))]","[((5, 1), (False, True, False, False)), ((6, 4), (True, True, False, False)), ((3, 5), (True, True, False, True)), ((3, 5), (True, False, False, True)), ((2, 6), (True, False, False, True)), ((2, 6), (True, True, False, True)), ((3, 3), (False, False, True, True)), ((6, 3), (True, False, False, False)), ((5, 6), (True, False, False, True)), ((6, 5), (True, False, False, True)), ((5, 6), (True, True, False, True)), ((6, 5), (True, True, False, True)), ((4, 3), (False, False, True, False)), ((4, 1), (False, True, False, True))]",145 items,18.0,0.0,18.0
146,"((4, 1), (False, True, False, True))","((3, 1), (False, True, False, True))",East,"[((5, 1), (False, True, False, True)), ((3, 1), (False, True, False, True))]","[((5, 1), (False, True, False, False)), ((6, 4), (True, True, False, False)), ((3, 5), (True, True, False, True)), ((3, 5), (True, False, False, True)), ((2, 6), (True, False, False, True)), ((2, 6), (True, True, False, True)), ((3, 3), (False, False, True, True)), ((6, 3), (True, False, False, False)), ((5, 6), (True, False, False, True)), ((6, 5), (True, False, False, True)), ((5, 6), (True, True, False, True)), ((6, 5), (True, True, False, True)), ((4, 3), (False, False, True, False)), ((4, 1), (False, True, False, True))]","[((5, 1), (False, True, False, True)), ((5, 1), (False, True, False, False)), ((6, 4), (True, True, False, False)), ((3, 5), (True, True, False, True)), ((3, 5), (True, False, False, True)), ((2, 6), (True, False, False, True)), ((2, 6), (True, True, False, True)), ((3, 3), (False, False, True, True)), ((6, 3), (True, False, False, False)), ((5, 6), (True, False, False, True)), ((6, 5), (True, False, False, True)), ((5, 6), (True, True, False, True)), ((6, 5), (True, True, False, True)), ((4, 3), (False, False, True, False))]",146 items,18.0,0.0,18.0
147,"((4, 3), (False, False, True, False))","((3, 3), (False, False, True, False))",East,"[((5, 3), (False, False, True, False)), ((3, 3), (False, False, True, False))]","[((5, 1), (False, True, False, True)), ((5, 1), (False, True, False, False)), ((6, 4), (True, True, False, False)), ((3, 5), (True, True, False, True)), ((3, 5), (True, False, False, True)), ((2, 6), (True, False, False, True)), ((2, 6), (True, True, False, True)), ((3, 3), (False, False, True, True)), ((6, 3), (True, False, False, False)), ((5, 6), (True, False, False, True)), ((6, 5), (True, False, False, True)), ((5, 6), (True, True, False, True)), ((6, 5), (True, True, False, True)), ((4, 3), (False, False, True, False))]","[((5, 3), (False, False, True, False)), ((5, 1), (False, True, False, True)), ((5, 1), (False, True, False, False)), ((6, 4), (True, True, False, False)), ((3, 5), (True, True, False, True)), ((3, 5), (True, False, False, True)), ((2, 6), (True, False, False, True)), ((2, 6), (True, True, False, True)), ((3, 3), (False, False, True, True)), ((6, 3), (True, False, False, False)), ((5, 6), (True, False, False, True)), ((6, 5), (True, False, False, True)), ((5, 6), (True, True, False, True)), ((6, 5), (True, True, False, True))]",147 items,18.0,0.0,18.0
148,"((6, 5), (True, True, False, True))","((6, 6), (True, True, False, True))",South,"[((6, 6), (True, True, False, True)), ((6, 4), (True, True, False, True)), ((5, 5), (True, True, False, True))]","[((5, 3), (False, False, True, False)), ((5, 1), (False, True, False, True)), ((5, 1), (False, True, False, False)), ((6, 4), (True, True, False, False)), ((3, 5), (True, True, False, True)), ((3, 5), (True, False, False, True)), ((2, 6), (True, False, False, True)), ((2, 6), (True, True, False, True)), ((3, 3), (False, False, True, True)), ((6, 3), (True, False, False, False)), ((5, 6), (True, False, False, True)), ((6, 5), (True, False, False, True)), ((5, 6), (True, True, False, True)), ((6, 5), (True, True, False, True))]","[((5, 5), (True, True, False, True)), ((6, 4), (True, True, False, True)), ((5, 3), (False, False, True, False)), ((5, 1), (False, True, False, True)), ((5, 1), (False, True, False, False)), ((6, 4), (True, True, False, False)), ((3, 5), (True, True, False, True)), ((3, 5), (True, False, False, True)), ((2, 6), (True, False, False, True)), ((2, 6), (True, True, False, True)), ((3, 3), (False, False, True, True)), ((6, 3), (True, False, False, False)), ((5, 6), (True, False, False, True)), ((6, 5), (True, False, False, True)), ((5, 6), (True, True, False, True))]",148 items,18.0,0.0,18.0
149,"((5, 6), (True, True, False, True))","((6, 6), (True, True, False, True))",West,"[((5, 5), (True, True, False, True)), ((6, 6), (True, True, False, True)), ((4, 6), (True, True, False, True))]","[((5, 5), (True, True, False, True)), ((6, 4), (True, True, False, True)), ((5, 3), (False, False, True, False)), ((5, 1), (False, True, False, True)), ((5, 1), (False, True, False, False)), ((6, 4), (True, True, False, False)), ((3, 5), (True, True, False, True)), ((3, 5), (True, False, False, True)), ((2, 6), (True, False, False, True)), ((2, 6), (True, True, False, True)), ((3, 3), (False, False, True, True)), ((6, 3), (True, False, False, False)), ((5, 6), (True, False, False, True)), ((6, 5), (True, False, False, True)), ((5, 6), (True, True, False, True))]","[((4, 6), (True, True, False, True)), ((5, 5), (True, True, False, True)), ((6, 4), (True, True, False, True)), ((5, 3), (False, False, True, False)), ((5, 1), (False, True, False, True)), ((5, 1), (False, True, False, False)), ((6, 4), (True, True, False, False)), ((3, 5), (True, True, False, True)), ((3, 5), (True, False, False, True)), ((2, 6), (True, False, False, True)), ((2, 6), (True, True, False, True)), ((3, 3), (False, False, True, True)), ((6, 3), (True, False, False, False)), ((5, 6), (True, False, False, True)), ((6, 5), (True, False, False, True))]",149 items,18.0,0.0,18.0
150,"((6, 5), (True, False, False, True))","((6, 6), (True, False, False, True))",South,"[((6, 6), (True, False, False, True)), ((6, 4), (True, False, False, True)), ((5, 5), (True, False, False, True))]","[((4, 6), (True, True, False, True)), ((5, 5), (True, True, False, True)), ((6, 4), (True, True, False, True)), ((5, 3), (False, False, True, False)), ((5, 1), (False, True, False, True)), ((5, 1), (False, True, False, False)), ((6, 4), (True, True, False, False)), ((3, 5), (True, True, False, True)), ((3, 5), (True, False, False, True)), ((2, 6), (True, False, False, True)), ((2, 6), (True, True, False, True)), ((3, 3), (False, False, True, True)), ((6, 3), (True, False, False, False)), ((5, 6), (True, False, False, True)), ((6, 5), (True, False, False, True))]",16 items,150 items,18.0,0.0,18.0
151,"((5, 6), (True, False, False, True))","((6, 6), (True, False, False, True))",West,"[((5, 5), (True, False, False, True)), ((6, 6), (True, False, False, True)), ((4, 6), (True, False, False, True))]",16 items,16 items,151 items,18.0,0.0,18.0
152,"((6, 3), (True, False, False, False))","((6, 4), (True, False, False, False))",South,"[((6, 4), (True, False, False, False)), ((5, 3), (True, False, False, False))]",16 items,16 items,152 items,18.0,0.0,18.0
153,"((3, 3), (False, False, True, True))","((3, 2), (False, False, True, True))",North,"[((3, 2), (False, False, True, True)), ((4, 3), (False, False, True, True))]",16 items,16 items,153 items,19.0,0.0,19.0
154,"((2, 6), (True, True, False, True))","((1, 6), (True, True, False, True))",East,"[((2, 5), (True, True, False, True)), ((3, 6), (True, True, False, True)), ((1, 6), (True, True, False, True))]",16 items,16 items,154 items,19.0,0.0,19.0
155,"((2, 6), (True, False, False, True))","((2, 5), (True, False, False, True))",North,"[((2, 5), (True, False, False, True)), ((3, 6), (True, False, False, True)), ((1, 6), (True, True, False, True))]",16 items,16 items,155 items,19.0,0.0,19.0
156,"((3, 5), (True, False, False, True))","((2, 5), (True, False, False, True))",East,"[((3, 6), (True, False, False, True)), ((4, 5), (True, False, False, True)), ((2, 5), (True, False, False, True))]",16 items,16 items,156 items,19.0,0.0,19.0
157,"((3, 5), (True, True, False, True))","((2, 5), (True, True, False, True))",East,"[((3, 6), (True, True, False, True)), ((4, 5), (True, True, False, True)), ((2, 5), (True, True, False, True))]",16 items,16 items,157 items,19.0,0.0,19.0
158,"((6, 4), (True, True, False, False))","((6, 5), (True, True, False, False))",South,"[((6, 5), (True, True, False, False)), ((6, 3), (True, True, False, False))]",16 items,16 items,158 items,19.0,0.0,19.0
159,"((5, 1), (False, True, False, False))","((4, 1), (False, True, False, False))",East,"[((6, 1), (False, True, True, False)), ((4, 1), (False, True, False, False))]",16 items,16 items,159 items,19.0,0.0,19.0
160,"((5, 1), (False, True, False, True))","((4, 1), (False, True, False, True))",East,"[((6, 1), (False, True, True, True)), ((4, 1), (False, True, False, True))]",16 items,16 items,160 items,19.0,0.0,19.0
161,"((5, 3), (False, False, True, False))","((4, 3), (False, False, True, False))",East,"[((6, 3), (False, False, True, False)), ((4, 3), (False, False, True, False))]",16 items,16 items,161 items,19.0,0.0,19.0
162,"((6, 4), (True, True, False, True))","((6, 5), (True, True, False, True))",South,"[((6, 5), (True, True, False, True)), ((6, 3), (True, True, False, True))]",16 items,16 items,162 items,19.0,0.0,19.0
163,"((5, 5), (True, True, False, True))","((6, 5), (True, True, False, True))",West,"[((5, 6), (True, True, False, True)), ((6, 5), (True, True, False, True)), ((4, 5), (True, True, False, True))]",16 items,"[((6, 3), (True, True, False, True)), ((6, 3), (False, False, True, False)), ((6, 1), (False, True, True, True)), ((6, 1), (False, True, True, False)), ((6, 3), (True, True, False, False)), ((4, 5), (True, True, False, True)), ((4, 5), (True, False, False, True)), ((3, 6), (True, False, False, True)), ((3, 6), (True, True, False, True)), ((4, 3), (False, False, True, True)), ((5, 3), (True, False, False, False)), ((4, 6), (True, False, False, True)), ((5, 5), (True, False, False, True)), ((6, 4), (True, False, False, True)), ((4, 6), (True, True, False, True))]",163 items,19.0,0.0,19.0
164,"((4, 6), (True, True, False, True))","((5, 6), (True, True, False, True))",West,"[((4, 5), (True, True, False, True)), ((5, 6), (True, True, False, True)), ((3, 6), (True, True, False, True))]","[((6, 3), (True, True, False, True)), ((6, 3), (False, False, True, False)), ((6, 1), (False, True, True, True)), ((6, 1), (False, True, True, False)), ((6, 3), (True, True, False, False)), ((4, 5), (True, True, False, True)), ((4, 5), (True, False, False, True)), ((3, 6), (True, False, False, True)), ((3, 6), (True, True, False, True)), ((4, 3), (False, False, True, True)), ((5, 3), (True, False, False, False)), ((4, 6), (True, False, False, True)), ((5, 5), (True, False, False, True)), ((6, 4), (True, False, False, True)), ((4, 6), (True, True, False, True))]","[((6, 3), (True, True, False, True)), ((6, 3), (False, False, True, False)), ((6, 1), (False, True, True, True)), ((6, 1), (False, True, True, False)), ((6, 3), (True, True, False, False)), ((4, 5), (True, True, False, True)), ((4, 5), (True, False, False, True)), ((3, 6), (True, False, False, True)), ((3, 6), (True, True, False, True)), ((4, 3), (False, False, True, True)), ((5, 3), (True, False, False, False)), ((4, 6), (True, False, False, True)), ((5, 5), (True, False, False, True)), ((6, 4), (True, False, False, True))]",164 items,19.0,0.0,19.0
165,"((6, 4), (True, False, False, True))","((6, 5), (True, False, False, True))",South,"[((6, 5), (True, False, False, True)), ((6, 3), (True, False, False, True))]","[((6, 3), (True, True, False, True)), ((6, 3), (False, False, True, False)), ((6, 1), (False, True, True, True)), ((6, 1), (False, True, True, False)), ((6, 3), (True, True, False, False)), ((4, 5), (True, True, False, True)), ((4, 5), (True, False, False, True)), ((3, 6), (True, False, False, True)), ((3, 6), (True, True, False, True)), ((4, 3), (False, False, True, True)), ((5, 3), (True, False, False, False)), ((4, 6), (True, False, False, True)), ((5, 5), (True, False, False, True)), ((6, 4), (True, False, False, True))]","[((6, 3), (True, False, False, True)), ((6, 3), (True, True, False, True)), ((6, 3), (False, False, True, False)), ((6, 1), (False, True, True, True)), ((6, 1), (False, True, True, False)), ((6, 3), (True, True, False, False)), ((4, 5), (True, True, False, True)), ((4, 5), (True, False, False, True)), ((3, 6), (True, False, False, True)), ((3, 6), (True, True, False, True)), ((4, 3), (False, False, True, True)), ((5, 3), (True, False, False, False)), ((4, 6), (True, False, False, True)), ((5, 5), (True, False, False, True))]",165 items,19.0,0.0,19.0
166,"((5, 5), (True, False, False, True))","((6, 5), (True, False, False, True))",West,"[((5, 6), (True, False, False, True)), ((6, 5), (True, False, False, True)), ((4, 5), (True, False, False, True))]","[((6, 3), (True, False, False, True)), ((6, 3), (True, True, False, True)), ((6, 3), (False, False, True, False)), ((6, 1), (False, True, True, True)), ((6, 1), (False, True, True, False)), ((6, 3), (True, True, False, False)), ((4, 5), (True, True, False, True)), ((4, 5), (True, False, False, True)), ((3, 6), (True, False, False, True)), ((3, 6), (True, True, False, True)), ((4, 3), (False, False, True, True)), ((5, 3), (True, False, False, False)), ((4, 6), (True, False, False, True)), ((5, 5), (True, False, False, True))]","[((6, 3), (True, False, False, True)), ((6, 3), (True, True, False, True)), ((6, 3), (False, False, True, False)), ((6, 1), (False, True, True, True)), ((6, 1), (False, True, True, False)), ((6, 3), (True, True, False, False)), ((4, 5), (True, True, False, True)), ((4, 5), (True, False, False, True)), ((3, 6), (True, False, False, True)), ((3, 6), (True, True, False, True)), ((4, 3), (False, False, True, True)), ((5, 3), (True, False, False, False)), ((4, 6), (True, False, False, True))]",166 items,19.0,0.0,19.0
167,"((4, 6), (True, False, False, True))","((5, 6), (True, False, False, True))",West,"[((4, 5), (True, False, False, True)), ((5, 6), (True, False, False, True)), ((3, 6), (True, False, False, True))]","[((6, 3), (True, False, False, True)), ((6, 3), (True, True, False, True)), ((6, 3), (False, False, True, False)), ((6, 1), (False, True, True, True)), ((6, 1), (False, True, True, False)), ((6, 3), (True, True, False, False)), ((4, 5), (True, True, False, True)), ((4, 5), (True, False, False, True)), ((3, 6), (True, False, False, True)), ((3, 6), (True, True, False, True)), ((4, 3), (False, False, True, True)), ((5, 3), (True, False, False, False)), ((4, 6), (True, False, False, True))]","[((6, 3), (True, False, False, True)), ((6, 3), (True, True, False, True)), ((6, 3), (False, False, True, False)), ((6, 1), (False, True, True, True)), ((6, 1), (False, True, True, False)), ((6, 3), (True, True, False, False)), ((4, 5), (True, True, False, True)), ((4, 5), (True, False, False, True)), ((3, 6), (True, False, False, True)), ((3, 6), (True, True, False, True)), ((4, 3), (False, False, True, True)), ((5, 3), (True, False, False, False))]",167 items,19.0,0.0,19.0
168,"((5, 3), (True, False, False, False))","((6, 3), (True, False, False, False))",West,"[((6, 3), (True, False, False, False)), ((4, 3), (True, False, False, False))]","[((6, 3), (True, False, False, True)), ((6, 3), (True, True, False, True)), ((6, 3), (False, False, True, False)), ((6, 1), (False, True, True, True)), ((6, 1), (False, True, True, False)), ((6, 3), (True, True, False, False)), ((4, 5), (True, True, False, True)), ((4, 5), (True, False, False, True)), ((3, 6), (True, False, False, True)), ((3, 6), (True, True, False, True)), ((4, 3), (False, False, True, True)), ((5, 3), (True, False, False, False))]","[((4, 3), (True, False, False, False)), ((6, 3), (True, False, False, True)), ((6, 3), (True, True, False, True)), ((6, 3), (False, False, True, False)), ((6, 1), (False, True, True, True)), ((6, 1), (False, True, True, False)), ((6, 3), (True, True, False, False)), ((4, 5), (True, True, False, True)), ((4, 5), (True, False, False, True)), ((3, 6), (True, False, False, True)), ((3, 6), (True, True, False, True)), ((4, 3), (False, False, True, True))]",168 items,19.0,0.0,19.0
169,"((4, 3), (False, False, True, True))","((3, 3), (False, False, True, True))",East,"[((5, 3), (False, False, True, True)), ((3, 3), (False, False, True, True))]","[((4, 3), (True, False, False, False)), ((6, 3), (True, False, False, True)), ((6, 3), (True, True, False, True)), ((6, 3), (False, False, True, False)), ((6, 1), (False, True, True, True)), ((6, 1), (False, True, True, False)), ((6, 3), (True, True, False, False)), ((4, 5), (True, True, False, True)), ((4, 5), (True, False, False, True)), ((3, 6), (True, False, False, True)), ((3, 6), (True, True, False, True)), ((4, 3), (False, False, True, True))]","[((5, 3), (False, False, True, True)), ((4, 3), (True, False, False, False)), ((6, 3), (True, False, False, True)), ((6, 3), (True, True, False, True)), ((6, 3), (False, False, True, False)), ((6, 1), (False, True, True, True)), ((6, 1), (False, True, True, False)), ((6, 3), (True, True, False, False)), ((4, 5), (True, True, False, True)), ((4, 5), (True, False, False, True)), ((3, 6), (True, False, False, True)), ((3, 6), (True, True, False, True))]",169 items,20.0,0.0,20.0
170,"((3, 6), (True, True, False, True))","((2, 6), (True, True, False, True))",East,"[((3, 5), (True, True, False, True)), ((4, 6), (True, True, False, True)), ((2, 6), (True, True, False, True))]","[((5, 3), (False, False, True, True)), ((4, 3), (True, False, False, False)), ((6, 3), (True, False, False, True)), ((6, 3), (True, True, False, True)), ((6, 3), (False, False, True, False)), ((6, 1), (False, True, True, True)), ((6, 1), (False, True, True, False)), ((6, 3), (True, True, False, False)), ((4, 5), (True, True, False, True)), ((4, 5), (True, False, False, True)), ((3, 6), (True, False, False, True)), ((3, 6), (True, True, False, True))]","[((5, 3), (False, False, True, True)), ((4, 3), (True, False, False, False)), ((6, 3), (True, False, False, True)), ((6, 3), (True, True, False, True)), ((6, 3), (False, False, True, False)), ((6, 1), (False, True, True, True)), ((6, 1), (False, True, True, False)), ((6, 3), (True, True, False, False)), ((4, 5), (True, True, False, True)), ((4, 5), (True, False, False, True)), ((3, 6), (True, False, False, True))]",170 items,20.0,0.0,20.0
171,"((3, 6), (True, False, False, True))","((2, 6), (True, False, False, True))",East,"[((3, 5), (True, False, False, True)), ((4, 6), (True, False, False, True)), ((2, 6), (True, False, False, True))]","[((5, 3), (False, False, True, True)), ((4, 3), (True, False, False, False)), ((6, 3), (True, False, False, True)), ((6, 3), (True, True, False, True)), ((6, 3), (False, False, True, False)), ((6, 1), (False, True, True, True)), ((6, 1), (False, True, True, False)), ((6, 3), (True, True, False, False)), ((4, 5), (True, True, False, True)), ((4, 5), (True, False, False, True)), ((3, 6), (True, False, False, True))]","[((5, 3), (False, False, True, True)), ((4, 3), (True, False, False, False)), ((6, 3), (True, False, False, True)), ((6, 3), (True, True, False, True)), ((6, 3), (False, False, True, False)), ((6, 1), (False, True, True, True)), ((6, 1), (False, True, True, False)), ((6, 3), (True, True, False, False)), ((4, 5), (True, True, False, True)), ((4, 5), (True, False, False, True))]",171 items,20.0,0.0,20.0
172,"((4, 5), (True, False, False, True))","((3, 5), (True, False, False, True))",East,"[((4, 6), (True, False, False, True)), ((5, 5), (True, False, False, True)), ((3, 5), (True, False, False, True))]","[((5, 3), (False, False, True, True)), ((4, 3), (True, False, False, False)), ((6, 3), (True, False, False, True)), ((6, 3), (True, True, False, True)), ((6, 3), (False, False, True, False)), ((6, 1), (False, True, True, True)), ((6, 1), (False, True, True, False)), ((6, 3), (True, True, False, False)), ((4, 5), (True, True, False, True)), ((4, 5), (True, False, False, True))]","[((5, 3), (False, False, True, True)), ((4, 3), (True, False, False, False)), ((6, 3), (True, False, False, True)), ((6, 3), (True, True, False, True)), ((6, 3), (False, False, True, False)), ((6, 1), (False, True, True, True)), ((6, 1), (False, True, True, False)), ((6, 3), (True, True, False, False)), ((4, 5), (True, True, False, True))]",172 items,20.0,0.0,20.0
173,"((4, 5), (True, True, False, True))","((3, 5), (True, True, False, True))",East,"[((4, 6), (True, True, False, True)), ((5, 5), (True, True, False, True)), ((3, 5), (True, True, False, True))]","[((5, 3), (False, False, True, True)), ((4, 3), (True, False, False, False)), ((6, 3), (True, False, False, True)), ((6, 3), (True, True, False, True)), ((6, 3), (False, False, True, False)), ((6, 1), (False, True, True, True)), ((6, 1), (False, True, True, False)), ((6, 3), (True, True, False, False)), ((4, 5), (True, True, False, True))]","[((5, 3), (False, False, True, True)), ((4, 3), (True, False, False, False)), ((6, 3), (True, False, False, True)), ((6, 3), (True, True, False, True)), ((6, 3), (False, False, True, False)), ((6, 1), (False, True, True, True)), ((6, 1), (False, True, True, False)), ((6, 3), (True, True, False, False))]",173 items,20.0,0.0,20.0
174,"((6, 3), (True, True, False, False))","((6, 4), (True, True, False, False))",South,"[((6, 4), (True, True, False, False)), ((5, 3), (True, True, False, False))]","[((5, 3), (False, False, True, True)), ((4, 3), (True, False, False, False)), ((6, 3), (True, False, False, True)), ((6, 3), (True, True, False, True)), ((6, 3), (False, False, True, False)), ((6, 1), (False, True, True, True)), ((6, 1), (False, True, True, False)), ((6, 3), (True, True, False, False))]","[((5, 3), (True, True, False, False)), ((5, 3), (False, False, True, True)), ((4, 3), (True, False, False, False)), ((6, 3), (True, False, False, True)), ((6, 3), (True, True, False, True)), ((6, 3), (False, False, True, False)), ((6, 1), (False, True, True, True)), ((6, 1), (False, True, True, False))]",174 items,20.0,0.0,20.0
175,"((6, 1), (False, True, True, False))","((5, 1), (False, True, False, False))",East,"[((5, 1), (False, True, True, False))]","[((5, 3), (True, True, False, False)), ((5, 3), (False, False, True, True)), ((4, 3), (True, False, False, False)), ((6, 3), (True, False, False, True)), ((6, 3), (True, True, False, True)), ((6, 3), (False, False, True, False)), ((6, 1), (False, True, True, True)), ((6, 1), (False, True, True, False))]","[((5, 1), (False, True, True, False)), ((5, 3), (True, True, False, False)), ((5, 3), (False, False, True, True)), ((4, 3), (True, False, False, False)), ((6, 3), (True, False, False, True)), ((6, 3), (True, True, False, True)), ((6, 3), (False, False, True, False)), ((6, 1), (False, True, True, True))]",175 items,20.0,0.0,20.0
176,"((6, 1), (False, True, True, True))","((5, 1), (False, True, False, True))",East,"[((5, 1), (False, True, True, True))]","[((5, 1), (False, True, True, False)), ((5, 3), (True, True, False, False)), ((5, 3), (False, False, True, True)), ((4, 3), (True, False, False, False)), ((6, 3), (True, False, False, True)), ((6, 3), (True, True, False, True)), ((6, 3), (False, False, True, False)), ((6, 1), (False, True, True, True))]","[((5, 1), (False, True, True, True)), ((5, 1), (False, True, True, False)), ((5, 3), (True, True, False, False)), ((5, 3), (False, False, True, True)), ((4, 3), (True, False, False, False)), ((6, 3), (True, False, False, True)), ((6, 3), (True, True, False, True)), ((6, 3), (False, False, True, False))]",176 items,20.0,0.0,20.0
177,"((6, 3), (False, False, True, False))","((5, 3), (False, False, True, False))",East,"[((6, 4), (False, False, True, False)), ((5, 3), (False, False, True, False))]","[((5, 1), (False, True, True, True)), ((5, 1), (False, True, True, False)), ((5, 3), (True, True, False, False)), ((5, 3), (False, False, True, True)), ((4, 3), (True, False, False, False)), ((6, 3), (True, False, False, True)), ((6, 3), (True, True, False, True)), ((6, 3), (False, False, True, False))]","[((6, 4), (False, False, True, False)), ((5, 1), (False, True, True, True)), ((5, 1), (False, True, True, False)), ((5, 3), (True, True, False, False)), ((5, 3), (False, False, True, True)), ((4, 3), (True, False, False, False)), ((6, 3), (True, False, False, True)), ((6, 3), (True, True, False, True))]",177 items,20.0,0.0,20.0
178,"((6, 3), (True, True, False, True))","((6, 4), (True, True, False, True))",South,"[((6, 4), (True, True, False, True)), ((5, 3), (True, True, False, True))]","[((6, 4), (False, False, True, False)), ((5, 1), (False, True, True, True)), ((5, 1), (False, True, True, False)), ((5, 3), (True, True, False, False)), ((5, 3), (False, False, True, True)), ((4, 3), (True, False, False, False)), ((6, 3), (True, False, False, True)), ((6, 3), (True, True, False, True))]","[((5, 3), (True, True, False, True)), ((6, 4), (False, False, True, False)), ((5, 1), (False, True, True, True)), ((5, 1), (False, True, True, False)), ((5, 3), (True, True, False, False)), ((5, 3), (False, False, True, True)), ((4, 3), (True, False, False, False)), ((6, 3), (True, False, False, True))]",178 items,20.0,0.0,20.0
179,"((6, 3), (True, False, False, True))","((6, 4), (True, False, False, True))",South,"[((6, 4), (True, False, False, True)), ((5, 3), (True, False, False, True))]","[((5, 3), (True, True, False, True)), ((6, 4), (False, False, True, False)), ((5, 1), (False, True, True, True)), ((5, 1), (False, True, True, False)), ((5, 3), (True, True, False, False)), ((5, 3), (False, False, True, True)), ((4, 3), (True, False, False, False)), ((6, 3), (True, False, False, True))]","[((5, 3), (True, False, False, True)), ((5, 3), (True, True, False, True)), ((6, 4), (False, False, True, False)), ((5, 1), (False, True, True, True)), ((5, 1), (False, True, True, False)), ((5, 3), (True, True, False, False)), ((5, 3), (False, False, True, True)), ((4, 3), (True, False, False, False))]",179 items,20.0,0.0,20.0
180,"((4, 3), (True, False, False, False))","((5, 3), (True, False, False, False))",West,"[((5, 3), (True, False, False, False)), ((3, 3), (True, False, False, False))]","[((5, 3), (True, False, False, True)), ((5, 3), (True, True, False, True)), ((6, 4), (False, False, True, False)), ((5, 1), (False, True, True, True)), ((5, 1), (False, True, True, False)), ((5, 3), (True, True, False, False)), ((5, 3), (False, False, True, True)), ((4, 3), (True, False, False, False))]","[((3, 3), (True, False, False, False)), ((5, 3), (True, False, False, True)), ((5, 3), (True, True, False, True)), ((6, 4), (False, False, True, False)), ((5, 1), (False, True, True, True)), ((5, 1), (False, True, True, False)), ((5, 3), (True, True, False, False)), ((5, 3), (False, False, True, True))]",180 items,20.0,0.0,20.0
181,"((5, 3), (False, False, True, True))","((4, 3), (False, False, True, True))",East,"[((6, 3), (False, False, True, True)), ((4, 3), (False, False, True, True))]","[((3, 3), (True, False, False, False)), ((5, 3), (True, False, False, True)), ((5, 3), (True, True, False, True)), ((6, 4), (False, False, True, False)), ((5, 1), (False, True, True, True)), ((5, 1), (False, True, True, False)), ((5, 3), (True, True, False, False)), ((5, 3), (False, False, True, True))]","[((6, 3), (False, False, True, True)), ((3, 3), (True, False, False, False)), ((5, 3), (True, False, False, True)), ((5, 3), (True, True, False, True)), ((6, 4), (False, False, True, False)), ((5, 1), (False, True, True, True)), ((5, 1), (False, True, True, False)), ((5, 3), (True, True, False, False))]",181 items,21.0,0.0,21.0
182,"((5, 3), (True, True, False, False))","((6, 3), (True, True, False, False))",West,"[((6, 3), (True, True, False, False)), ((4, 3), (True, True, False, False))]","[((6, 3), (False, False, True, True)), ((3, 3), (True, False, False, False)), ((5, 3), (True, False, False, True)), ((5, 3), (True, True, False, True)), ((6, 4), (False, False, True, False)), ((5, 1), (False, True, True, True)), ((5, 1), (False, True, True, False)), ((5, 3), (True, True, False, False))]","[((4, 3), (True, True, False, False)), ((6, 3), (False, False, True, True)), ((3, 3), (True, False, False, False)), ((5, 3), (True, False, False, True)), ((5, 3), (True, True, False, True)), ((6, 4), (False, False, True, False)), ((5, 1), (False, True, True, True)), ((5, 1), (False, True, True, False))]",182 items,21.0,0.0,21.0
183,"((5, 1), (False, True, True, False))","((6, 1), (False, True, True, False))",West,"[((6, 1), (False, True, True, False)), ((4, 1), (False, True, True, False))]","[((4, 3), (True, True, False, False)), ((6, 3), (False, False, True, True)), ((3, 3), (True, False, False, False)), ((5, 3), (True, False, False, True)), ((5, 3), (True, True, False, True)), ((6, 4), (False, False, True, False)), ((5, 1), (False, True, True, True)), ((5, 1), (False, True, True, False))]","[((4, 1), (False, True, True, False)), ((4, 3), (True, True, False, False)), ((6, 3), (False, False, True, True)), ((3, 3), (True, False, False, False)), ((5, 3), (True, False, False, True)), ((5, 3), (True, True, False, True)), ((6, 4), (False, False, True, False)), ((5, 1), (False, True, True, True))]",183 items,21.0,0.0,21.0
184,"((5, 1), (False, True, True, True))","((6, 1), (False, True, True, True))",West,"[((6, 1), (False, True, True, True)), ((4, 1), (False, True, True, True))]","[((4, 1), (False, True, True, False)), ((4, 3), (True, True, False, False)), ((6, 3), (False, False, True, True)), ((3, 3), (True, False, False, False)), ((5, 3), (True, False, False, True)), ((5, 3), (True, True, False, True)), ((6, 4), (False, False, True, False)), ((5, 1), (False, True, True, True))]","[((4, 1), (False, True, True, True)), ((4, 1), (False, True, True, False)), ((4, 3), (True, True, False, False)), ((6, 3), (False, False, True, True)), ((3, 3), (True, False, False, False)), ((5, 3), (True, False, False, True)), ((5, 3), (True, True, False, True)), ((6, 4), (False, False, True, False))]",184 items,21.0,0.0,21.0
185,"((6, 4), (False, False, True, False))","((6, 3), (False, False, True, False))",North,"[((6, 5), (False, False, True, False)), ((6, 3), (False, False, True, False))]","[((4, 1), (False, True, True, True)), ((4, 1), (False, True, True, False)), ((4, 3), (True, True, False, False)), ((6, 3), (False, False, True, True)), ((3, 3), (True, False, False, False)), ((5, 3), (True, False, False, True)), ((5, 3), (True, True, False, True)), ((6, 4), (False, False, True, False))]","[((6, 5), (False, False, True, False)), ((4, 1), (False, True, True, True)), ((4, 1), (False, True, True, False)), ((4, 3), (True, True, False, False)), ((6, 3), (False, False, True, True)), ((3, 3), (True, False, False, False)), ((5, 3), (True, False, False, True)), ((5, 3), (True, True, False, True))]",185 items,21.0,0.0,21.0
186,"((5, 3), (True, True, False, True))","((6, 3), (True, True, False, True))",West,"[((6, 3), (True, True, False, True)), ((4, 3), (True, True, False, True))]","[((6, 5), (False, False, True, False)), ((4, 1), (False, True, True, True)), ((4, 1), (False, True, True, False)), ((4, 3), (True, True, False, False)), ((6, 3), (False, False, True, True)), ((3, 3), (True, False, False, False)), ((5, 3), (True, False, False, True)), ((5, 3), (True, True, False, True))]","[((4, 3), (True, True, False, True)), ((6, 5), (False, False, True, False)), ((4, 1), (False, True, True, True)), ((4, 1), (False, True, True, False)), ((4, 3), (True, True, False, False)), ((6, 3), (False, False, True, True)), ((3, 3), (True, False, False, False)), ((5, 3), (True, False, False, True))]",186 items,21.0,0.0,21.0
187,"((5, 3), (True, False, False, True))","((6, 3), (True, False, False, True))",West,"[((6, 3), (True, False, False, True)), ((4, 3), (True, False, False, True))]","[((4, 3), (True, True, False, True)), ((6, 5), (False, False, True, False)), ((4, 1), (False, True, True, True)), ((4, 1), (False, True, True, False)), ((4, 3), (True, True, False, False)), ((6, 3), (False, False, True, True)), ((3, 3), (True, False, False, False)), ((5, 3), (True, False, False, True))]","[((4, 3), (True, False, False, True)), ((4, 3), (True, True, False, True)), ((6, 5), (False, False, True, False)), ((4, 1), (False, True, True, True)), ((4, 1), (False, True, True, False)), ((4, 3), (True, True, False, False)), ((6, 3), (False, False, True, True)), ((3, 3), (True, False, False, False))]",187 items,21.0,0.0,21.0
188,"((3, 3), (True, False, False, False))","((4, 3), (True, False, False, False))",West,"[((3, 2), (True, False, False, False)), ((4, 3), (True, False, False, False))]","[((4, 3), (True, False, False, True)), ((4, 3), (True, True, False, True)), ((6, 5), (False, False, True, False)), ((4, 1), (False, True, True, True)), ((4, 1), (False, True, True, False)), ((4, 3), (True, True, False, False)), ((6, 3), (False, False, True, True)), ((3, 3), (True, False, False, False))]","[((3, 2), (True, False, False, False)), ((4, 3), (True, False, False, True)), ((4, 3), (True, True, False, True)), ((6, 5), (False, False, True, False)), ((4, 1), (False, True, True, True)), ((4, 1), (False, True, True, False)), ((4, 3), (True, True, False, False)), ((6, 3), (False, False, True, True))]",188 items,21.0,0.0,21.0
189,"((6, 3), (False, False, True, True))","((5, 3), (False, False, True, True))",East,"[((6, 4), (False, False, True, True)), ((5, 3), (False, False, True, True))]","[((3, 2), (True, False, False, False)), ((4, 3), (True, False, False, True)), ((4, 3), (True, True, False, True)), ((6, 5), (False, False, True, False)), ((4, 1), (False, True, True, True)), ((4, 1), (False, True, True, False)), ((4, 3), (True, True, False, False)), ((6, 3), (False, False, True, True))]","[((6, 4), (False, False, True, True)), ((3, 2), (True, False, False, False)), ((4, 3), (True, False, False, True)), ((4, 3), (True, True, False, True)), ((6, 5), (False, False, True, False)), ((4, 1), (False, True, True, True)), ((4, 1), (False, True, True, False)), ((4, 3), (True, True, False, False))]",189 items,22.0,0.0,22.0
190,"((4, 3), (True, True, False, False))","((5, 3), (True, True, False, False))",West,"[((5, 3), (True, True, False, False)), ((3, 3), (True, True, False, False))]","[((6, 4), (False, False, True, True)), ((3, 2), (True, False, False, False)), ((4, 3), (True, False, False, True)), ((4, 3), (True, True, False, True)), ((6, 5), (False, False, True, False)), ((4, 1), (False, True, True, True)), ((4, 1), (False, True, True, False)), ((4, 3), (True, True, False, False))]","[((3, 3), (True, True, False, False)), ((6, 4), (False, False, True, True)), ((3, 2), (True, False, False, False)), ((4, 3), (True, False, False, True)), ((4, 3), (True, True, False, True)), ((6, 5), (False, False, True, False)), ((4, 1), (False, True, True, True)), ((4, 1), (False, True, True, False))]",190 items,22.0,0.0,22.0
191,"((4, 1), (False, True, True, False))","((5, 1), (False, True, True, False))",West,"[((5, 1), (False, True, True, False)), ((3, 1), (False, True, True, False))]","[((3, 3), (True, True, False, False)), ((6, 4), (False, False, True, True)), ((3, 2), (True, False, False, False)), ((4, 3), (True, False, False, True)), ((4, 3), (True, True, False, True)), ((6, 5), (False, False, True, False)), ((4, 1), (False, True, True, True)), ((4, 1), (False, True, True, False))]","[((3, 1), (False, True, True, False)), ((3, 3), (True, True, False, False)), ((6, 4), (False, False, True, True)), ((3, 2), (True, False, False, False)), ((4, 3), (True, False, False, True)), ((4, 3), (True, True, False, True)), ((6, 5), (False, False, True, False)), ((4, 1), (False, True, True, True))]",191 items,22.0,0.0,22.0
192,"((4, 1), (False, True, True, True))","((5, 1), (False, True, True, True))",West,"[((5, 1), (False, True, True, True)), ((3, 1), (False, True, True, True))]","[((3, 1), (False, True, True, False)), ((3, 3), (True, True, False, False)), ((6, 4), (False, False, True, True)), ((3, 2), (True, False, False, False)), ((4, 3), (True, False, False, True)), ((4, 3), (True, True, False, True)), ((6, 5), (False, False, True, False)), ((4, 1), (False, True, True, True))]","[((3, 1), (False, True, True, True)), ((3, 1), (False, True, True, False)), ((3, 3), (True, True, False, False)), ((6, 4), (False, False, True, True)), ((3, 2), (True, False, False, False)), ((4, 3), (True, False, False, True)), ((4, 3), (True, True, False, True)), ((6, 5), (False, False, True, False))]",192 items,22.0,0.0,22.0
193,"((6, 5), (False, False, True, False))","((6, 4), (False, False, True, False))",North,"[((6, 6), (False, False, True, True)), ((6, 4), (False, False, True, False)), ((5, 5), (False, False, True, False))]","[((3, 1), (False, True, True, True)), ((3, 1), (False, True, True, False)), ((3, 3), (True, True, False, False)), ((6, 4), (False, False, True, True)), ((3, 2), (True, False, False, False)), ((4, 3), (True, False, False, True)), ((4, 3), (True, True, False, True)), ((6, 5), (False, False, True, False))]","[((5, 5), (False, False, True, False)), ((6, 6), (False, False, True, True)), ((3, 1), (False, True, True, True)), ((3, 1), (False, True, True, False)), ((3, 3), (True, True, False, False)), ((6, 4), (False, False, True, True)), ((3, 2), (True, False, False, False)), ((4, 3), (True, False, False, True)), ((4, 3), (True, True, False, True))]",193 items,22.0,0.0,22.0
194,"((4, 3), (True, True, False, True))","((5, 3), (True, True, False, True))",West,"[((5, 3), (True, True, False, True)), ((3, 3), (True, True, False, True))]","[((5, 5), (False, False, True, False)), ((6, 6), (False, False, True, True)), ((3, 1), (False, True, True, True)), ((3, 1), (False, True, True, False)), ((3, 3), (True, True, False, False)), ((6, 4), (False, False, True, True)), ((3, 2), (True, False, False, False)), ((4, 3), (True, False, False, True)), ((4, 3), (True, True, False, True))]","[((3, 3), (True, True, False, True)), ((5, 5), (False, False, True, False)), ((6, 6), (False, False, True, True)), ((3, 1), (False, True, True, True)), ((3, 1), (False, True, True, False)), ((3, 3), (True, True, False, False)), ((6, 4), (False, False, True, True)), ((3, 2), (True, False, False, False)), ((4, 3), (True, False, False, True))]",194 items,22.0,0.0,22.0
195,"((4, 3), (True, False, False, True))","((5, 3), (True, False, False, True))",West,"[((5, 3), (True, False, False, True)), ((3, 3), (True, False, False, True))]","[((3, 3), (True, True, False, True)), ((5, 5), (False, False, True, False)), ((6, 6), (False, False, True, True)), ((3, 1), (False, True, True, True)), ((3, 1), (False, True, True, False)), ((3, 3), (True, True, False, False)), ((6, 4), (False, False, True, True)), ((3, 2), (True, False, False, False)), ((4, 3), (True, False, False, True))]","[((3, 3), (True, False, False, True)), ((3, 3), (True, True, False, True)), ((5, 5), (False, False, True, False)), ((6, 6), (False, False, True, True)), ((3, 1), (False, True, True, True)), ((3, 1), (False, True, True, False)), ((3, 3), (True, True, False, False)), ((6, 4), (False, False, True, True)), ((3, 2), (True, False, False, False))]",195 items,22.0,0.0,22.0
196,"((3, 2), (True, False, False, False))","((3, 3), (True, False, False, False))",South,"[((3, 3), (True, False, False, False)), ((3, 1), (True, False, False, False))]","[((3, 3), (True, False, False, True)), ((3, 3), (True, True, False, True)), ((5, 5), (False, False, True, False)), ((6, 6), (False, False, True, True)), ((3, 1), (False, True, True, True)), ((3, 1), (False, True, True, False)), ((3, 3), (True, True, False, False)), ((6, 4), (False, False, True, True)), ((3, 2), (True, False, False, False))]","[((3, 1), (True, False, False, False)), ((3, 3), (True, False, False, True)), ((3, 3), (True, True, False, True)), ((5, 5), (False, False, True, False)), ((6, 6), (False, False, True, True)), ((3, 1), (False, True, True, True)), ((3, 1), (False, True, True, False)), ((3, 3), (True, True, False, False)), ((6, 4), (False, False, True, True))]",196 items,22.0,0.0,22.0
197,"((6, 4), (False, False, True, True))","((6, 3), (False, False, True, True))",North,"[((6, 5), (False, False, True, True)), ((6, 3), (False, False, True, True))]","[((3, 1), (True, False, False, False)), ((3, 3), (True, False, False, True)), ((3, 3), (True, True, False, True)), ((5, 5), (False, False, True, False)), ((6, 6), (False, False, True, True)), ((3, 1), (False, True, True, True)), ((3, 1), (False, True, True, False)), ((3, 3), (True, True, False, False)), ((6, 4), (False, False, True, True))]","[((6, 5), (False, False, True, True)), ((3, 1), (True, False, False, False)), ((3, 3), (True, False, False, True)), ((3, 3), (True, True, False, True)), ((5, 5), (False, False, True, False)), ((6, 6), (False, False, True, True)), ((3, 1), (False, True, True, True)), ((3, 1), (False, True, True, False)), ((3, 3), (True, True, False, False))]",197 items,23.0,0.0,23.0
198,"((3, 3), (True, True, False, False))","((4, 3), (True, True, False, False))",West,"[((3, 2), (True, True, False, False)), ((4, 3), (True, True, False, False))]","[((6, 5), (False, False, True, True)), ((3, 1), (True, False, False, False)), ((3, 3), (True, False, False, True)), ((3, 3), (True, True, False, True)), ((5, 5), (False, False, True, False)), ((6, 6), (False, False, True, True)), ((3, 1), (False, True, True, True)), ((3, 1), (False, True, True, False)), ((3, 3), (True, True, False, False))]","[((3, 2), (True, True, False, False)), ((6, 5), (False, False, True, True)), ((3, 1), (True, False, False, False)), ((3, 3), (True, False, False, True)), ((3, 3), (True, True, False, True)), ((5, 5), (False, False, True, False)), ((6, 6), (False, False, True, True)), ((3, 1), (False, True, True, True)), ((3, 1), (False, True, True, False))]",198 items,23.0,0.0,23.0
199,"((3, 1), (False, True, True, False))","((4, 1), (False, True, True, False))",West,"[((3, 2), (False, True, True, False)), ((4, 1), (False, True, True, False))]","[((3, 2), (True, True, False, False)), ((6, 5), (False, False, True, True)), ((3, 1), (True, False, False, False)), ((3, 3), (True, False, False, True)), ((3, 3), (True, True, False, True)), ((5, 5), (False, False, True, False)), ((6, 6), (False, False, True, True)), ((3, 1), (False, True, True, True)), ((3, 1), (False, True, True, False))]","[((3, 2), (False, True, True, False)), ((3, 2), (True, True, False, False)), ((6, 5), (False, False, True, True)), ((3, 1), (True, False, False, False)), ((3, 3), (True, False, False, True)), ((3, 3), (True, True, False, True)), ((5, 5), (False, False, True, False)), ((6, 6), (False, False, True, True)), ((3, 1), (False, True, True, True))]",199 items,23.0,0.0,23.0
200,"((3, 1), (False, True, True, True))","((4, 1), (False, True, True, True))",West,"[((3, 2), (False, True, True, True)), ((4, 1), (False, True, True, True))]","[((3, 2), (False, True, True, False)), ((3, 2), (True, True, False, False)), ((6, 5), (False, False, True, True)), ((3, 1), (True, False, False, False)), ((3, 3), (True, False, False, True)), ((3, 3), (True, True, False, True)), ((5, 5), (False, False, True, False)), ((6, 6), (False, False, True, True)), ((3, 1), (False, True, True, True))]","[((3, 2), (False, True, True, True)), ((3, 2), (False, True, True, False)), ((3, 2), (True, True, False, False)), ((6, 5), (False, False, True, True)), ((3, 1), (True, False, False, False)), ((3, 3), (True, False, False, True)), ((3, 3), (True, True, False, True)), ((5, 5), (False, False, True, False)), ((6, 6), (False, False, True, True))]",200 items,23.0,0.0,23.0
201,"((6, 6), (False, False, True, True))","((6, 5), (False, False, True, False))",North,"[((6, 5), (False, False, True, True)), ((5, 6), (False, False, True, True))]","[((3, 2), (False, True, True, True)), ((3, 2), (False, True, True, False)), ((3, 2), (True, True, False, False)), ((6, 5), (False, False, True, True)), ((3, 1), (True, False, False, False)), ((3, 3), (True, False, False, True)), ((3, 3), (True, True, False, True)), ((5, 5), (False, False, True, False)), ((6, 6), (False, False, True, True))]","[((5, 6), (False, False, True, True)), ((3, 2), (False, True, True, True)), ((3, 2), (False, True, True, False)), ((3, 2), (True, True, False, False)), ((6, 5), (False, False, True, True)), ((3, 1), (True, False, False, False)), ((3, 3), (True, False, False, True)), ((3, 3), (True, True, False, True)), ((5, 5), (False, False, True, False))]",201 items,23.0,0.0,23.0
202,"((5, 5), (False, False, True, False))","((6, 5), (False, False, True, False))",West,"[((5, 6), (False, False, True, False)), ((6, 5), (False, False, True, False)), ((4, 5), (False, False, True, False))]","[((5, 6), (False, False, True, True)), ((3, 2), (False, True, True, True)), ((3, 2), (False, True, True, False)), ((3, 2), (True, True, False, False)), ((6, 5), (False, False, True, True)), ((3, 1), (True, False, False, False)), ((3, 3), (True, False, False, True)), ((3, 3), (True, True, False, True)), ((5, 5), (False, False, True, False))]","[((4, 5), (False, False, True, False)), ((5, 6), (False, False, True, False)), ((5, 6), (False, False, True, True)), ((3, 2), (False, True, True, True)), ((3, 2), (False, True, True, False)), ((3, 2), (True, True, False, False)), ((6, 5), (False, False, True, True)), ((3, 1), (True, False, False, False)), ((3, 3), (True, False, False, True)), ((3, 3), (True, True, False, True))]",202 items,23.0,0.0,23.0
203,"((3, 3), (True, True, False, True))","((4, 3), (True, True, False, True))",West,"[((3, 2), (True, True, False, True)), ((4, 3), (True, True, False, True))]","[((4, 5), (False, False, True, False)), ((5, 6), (False, False, True, False)), ((5, 6), (False, False, True, True)), ((3, 2), (False, True, True, True)), ((3, 2), (False, True, True, False)), ((3, 2), (True, True, False, False)), ((6, 5), (False, False, True, True)), ((3, 1), (True, False, False, False)), ((3, 3), (True, False, False, True)), ((3, 3), (True, True, False, True))]","[((3, 2), (True, True, False, True)), ((4, 5), (False, False, True, False)), ((5, 6), (False, False, True, False)), ((5, 6), (False, False, True, True)), ((3, 2), (False, True, True, True)), ((3, 2), (False, True, True, False)), ((3, 2), (True, True, False, False)), ((6, 5), (False, False, True, True)), ((3, 1), (True, False, False, False)), ((3, 3), (True, False, False, True))]",203 items,23.0,0.0,23.0
204,"((3, 3), (True, False, False, True))","((4, 3), (True, False, False, True))",West,"[((3, 2), (True, False, False, True)), ((4, 3), (True, False, False, True))]","[((3, 2), (True, True, False, True)), ((4, 5), (False, False, True, False)), ((5, 6), (False, False, True, False)), ((5, 6), (False, False, True, True)), ((3, 2), (False, True, True, True)), ((3, 2), (False, True, True, False)), ((3, 2), (True, True, False, False)), ((6, 5), (False, False, True, True)), ((3, 1), (True, False, False, False)), ((3, 3), (True, False, False, True))]","[((3, 2), (True, False, False, True)), ((3, 2), (True, True, False, True)), ((4, 5), (False, False, True, False)), ((5, 6), (False, False, True, False)), ((5, 6), (False, False, True, True)), ((3, 2), (False, True, True, True)), ((3, 2), (False, True, True, False)), ((3, 2), (True, True, False, False)), ((6, 5), (False, False, True, True)), ((3, 1), (True, False, False, False))]",204 items,23.0,0.0,23.0
205,"((3, 1), (True, False, False, False))","((3, 2), (True, False, False, False))",South,"[((3, 2), (True, False, False, False)), ((4, 1), (True, False, False, False))]","[((3, 2), (True, False, False, True)), ((3, 2), (True, True, False, True)), ((4, 5), (False, False, True, False)), ((5, 6), (False, False, True, False)), ((5, 6), (False, False, True, True)), ((3, 2), (False, True, True, True)), ((3, 2), (False, True, True, False)), ((3, 2), (True, True, False, False)), ((6, 5), (False, False, True, True)), ((3, 1), (True, False, False, False))]","[((4, 1), (True, False, False, False)), ((3, 2), (True, False, False, True)), ((3, 2), (True, True, False, True)), ((4, 5), (False, False, True, False)), ((5, 6), (False, False, True, False)), ((5, 6), (False, False, True, True)), ((3, 2), (False, True, True, True)), ((3, 2), (False, True, True, False)), ((3, 2), (True, True, False, False)), ((6, 5), (False, False, True, True))]",205 items,23.0,0.0,23.0
206,"((6, 5), (False, False, True, True))","((6, 4), (False, False, True, True))",North,"[((6, 6), (False, False, True, True)), ((6, 4), (False, False, True, True)), ((5, 5), (False, False, True, True))]","[((4, 1), (True, False, False, False)), ((3, 2), (True, False, False, True)), ((3, 2), (True, True, False, True)), ((4, 5), (False, False, True, False)), ((5, 6), (False, False, True, False)), ((5, 6), (False, False, True, True)), ((3, 2), (False, True, True, True)), ((3, 2), (False, True, True, False)), ((3, 2), (True, True, False, False)), ((6, 5), (False, False, True, True))]","[((5, 5), (False, False, True, True)), ((4, 1), (True, False, False, False)), ((3, 2), (True, False, False, True)), ((3, 2), (True, True, False, True)), ((4, 5), (False, False, True, False)), ((5, 6), (False, False, True, False)), ((5, 6), (False, False, True, True)), ((3, 2), (False, True, True, True)), ((3, 2), (False, True, True, False)), ((3, 2), (True, True, False, False))]",206 items,24.0,0.0,24.0
207,"((3, 2), (True, True, False, False))","((3, 3), (True, True, False, False))",South,"[((3, 3), (True, True, False, False)), ((3, 1), (True, True, False, False))]","[((5, 5), (False, False, True, True)), ((4, 1), (True, False, False, False)), ((3, 2), (True, False, False, True)), ((3, 2), (True, True, False, True)), ((4, 5), (False, False, True, False)), ((5, 6), (False, False, True, False)), ((5, 6), (False, False, True, True)), ((3, 2), (False, True, True, True)), ((3, 2), (False, True, True, False)), ((3, 2), (True, True, False, False))]","[((3, 1), (True, True, False, False)), ((5, 5), (False, False, True, True)), ((4, 1), (True, False, False, False)), ((3, 2), (True, False, False, True)), ((3, 2), (True, True, False, True)), ((4, 5), (False, False, True, False)), ((5, 6), (False, False, True, False)), ((5, 6), (False, False, True, True)), ((3, 2), (False, True, True, True)), ((3, 2), (False, True, True, False))]",207 items,24.0,0.0,24.0
208,"((3, 2), (False, True, True, False))","((3, 1), (False, True, True, False))",North,"[((3, 3), (False, True, True, False)), ((3, 1), (False, True, True, False))]","[((3, 1), (True, True, False, False)), ((5, 5), (False, False, True, True)), ((4, 1), (True, False, False, False)), ((3, 2), (True, False, False, True)), ((3, 2), (True, True, False, True)), ((4, 5), (False, False, True, False)), ((5, 6), (False, False, True, False)), ((5, 6), (False, False, True, True)), ((3, 2), (False, True, True, True)), ((3, 2), (False, True, True, False))]","[((3, 3), (False, True, True, False)), ((3, 1), (True, True, False, False)), ((5, 5), (False, False, True, True)), ((4, 1), (True, False, False, False)), ((3, 2), (True, False, False, True)), ((3, 2), (True, True, False, True)), ((4, 5), (False, False, True, False)), ((5, 6), (False, False, True, False)), ((5, 6), (False, False, True, True)), ((3, 2), (False, True, True, True))]",208 items,24.0,0.0,24.0
209,"((3, 2), (False, True, True, True))","((3, 1), (False, True, True, True))",North,"[((3, 3), (False, True, True, True)), ((3, 1), (False, True, True, True))]","[((3, 3), (False, True, True, False)), ((3, 1), (True, True, False, False)), ((5, 5), (False, False, True, True)), ((4, 1), (True, False, False, False)), ((3, 2), (True, False, False, True)), ((3, 2), (True, True, False, True)), ((4, 5), (False, False, True, False)), ((5, 6), (False, False, True, False)), ((5, 6), (False, False, True, True)), ((3, 2), (False, True, True, True))]","[((3, 3), (False, True, True, True)), ((3, 3), (False, True, True, False)), ((3, 1), (True, True, False, False)), ((5, 5), (False, False, True, True)), ((4, 1), (True, False, False, False)), ((3, 2), (True, False, False, True)), ((3, 2), (True, True, False, True)), ((4, 5), (False, False, True, False)), ((5, 6), (False, False, True, False)), ((5, 6), (False, False, True, True))]",209 items,24.0,0.0,24.0
210,"((5, 6), (False, False, True, True))","((6, 6), (False, False, True, True))",West,"[((5, 5), (False, False, True, True)), ((6, 6), (False, False, True, True)), ((4, 6), (False, False, True, True))]","[((3, 3), (False, True, True, True)), ((3, 3), (False, True, True, False)), ((3, 1), (True, True, False, False)), ((5, 5), (False, False, True, True)), ((4, 1), (True, False, False, False)), ((3, 2), (True, False, False, True)), ((3, 2), (True, True, False, True)), ((4, 5), (False, False, True, False)), ((5, 6), (False, False, True, False)), ((5, 6), (False, False, True, True))]","[((4, 6), (False, False, True, True)), ((3, 3), (False, True, True, True)), ((3, 3), (False, True, True, False)), ((3, 1), (True, True, False, False)), ((5, 5), (False, False, True, True)), ((4, 1), (True, False, False, False)), ((3, 2), (True, False, False, True)), ((3, 2), (True, True, False, True)), ((4, 5), (False, False, True, False)), ((5, 6), (False, False, True, False))]",210 items,24.0,0.0,24.0
211,"((5, 6), (False, False, True, False))","((5, 5), (False, False, True, False))",North,"[((5, 5), (False, False, True, False)), ((6, 6), (False, False, True, True)), ((4, 6), (False, False, True, False))]","[((4, 6), (False, False, True, True)), ((3, 3), (False, True, True, True)), ((3, 3), (False, True, True, False)), ((3, 1), (True, True, False, False)), ((5, 5), (False, False, True, True)), ((4, 1), (True, False, False, False)), ((3, 2), (True, False, False, True)), ((3, 2), (True, True, False, True)), ((4, 5), (False, False, True, False)), ((5, 6), (False, False, True, False))]","[((4, 6), (False, False, True, False)), ((4, 6), (False, False, True, True)), ((3, 3), (False, True, True, True)), ((3, 3), (False, True, True, False)), ((3, 1), (True, True, False, False)), ((5, 5), (False, False, True, True)), ((4, 1), (True, False, False, False)), ((3, 2), (True, False, False, True)), ((3, 2), (True, True, False, True)), ((4, 5), (False, False, True, False))]",211 items,24.0,0.0,24.0
212,"((4, 5), (False, False, True, False))","((5, 5), (False, False, True, False))",West,"[((4, 6), (False, False, True, False)), ((5, 5), (False, False, True, False)), ((3, 5), (False, False, True, False))]","[((4, 6), (False, False, True, False)), ((4, 6), (False, False, True, True)), ((3, 3), (False, True, True, True)), ((3, 3), (False, True, True, False)), ((3, 1), (True, True, False, False)), ((5, 5), (False, False, True, True)), ((4, 1), (True, False, False, False)), ((3, 2), (True, False, False, True)), ((3, 2), (True, True, False, True)), ((4, 5), (False, False, True, False))]","[((3, 5), (False, False, True, False)), ((4, 6), (False, False, True, False)), ((4, 6), (False, False, True, True)), ((3, 3), (False, True, True, True)), ((3, 3), (False, True, True, False)), ((3, 1), (True, True, False, False)), ((5, 5), (False, False, True, True)), ((4, 1), (True, False, False, False)), ((3, 2), (True, False, False, True)), ((3, 2), (True, True, False, True))]",212 items,24.0,0.0,24.0
213,"((3, 2), (True, True, False, True))","((3, 3), (True, True, False, True))",South,"[((3, 3), (True, True, False, True)), ((3, 1), (True, True, False, True))]","[((3, 5), (False, False, True, False)), ((4, 6), (False, False, True, False)), ((4, 6), (False, False, True, True)), ((3, 3), (False, True, True, True)), ((3, 3), (False, True, True, False)), ((3, 1), (True, True, False, False)), ((5, 5), (False, False, True, True)), ((4, 1), (True, False, False, False)), ((3, 2), (True, False, False, True)), ((3, 2), (True, True, False, True))]","[((3, 1), (True, True, False, True)), ((3, 5), (False, False, True, False)), ((4, 6), (False, False, True, False)), ((4, 6), (False, False, True, True)), ((3, 3), (False, True, True, True)), ((3, 3), (False, True, True, False)), ((3, 1), (True, True, False, False)), ((5, 5), (False, False, True, True)), ((4, 1), (True, False, False, False)), ((3, 2), (True, False, False, True))]",213 items,24.0,0.0,24.0
214,"((3, 2), (True, False, False, True))","((3, 3), (True, False, False, True))",South,"[((3, 3), (True, False, False, True)), ((3, 1), (True, False, False, True))]","[((3, 1), (True, True, False, True)), ((3, 5), (False, False, True, False)), ((4, 6), (False, False, True, False)), ((4, 6), (False, False, True, True)), ((3, 3), (False, True, True, True)), ((3, 3), (False, True, True, False)), ((3, 1), (True, True, False, False)), ((5, 5), (False, False, True, True)), ((4, 1), (True, False, False, False)), ((3, 2), (True, False, False, True))]","[((3, 1), (True, False, False, True)), ((3, 1), (True, True, False, True)), ((3, 5), (False, False, True, False)), ((4, 6), (False, False, True, False)), ((4, 6), (False, False, True, True)), ((3, 3), (False, True, True, True)), ((3, 3), (False, True, True, False)), ((3, 1), (True, True, False, False)), ((5, 5), (False, False, True, True)), ((4, 1), (True, False, False, False))]",214 items,24.0,0.0,24.0
215,"((4, 1), (True, False, False, False))","((3, 1), (True, False, False, False))",East,"[((5, 1), (True, False, False, False)), ((3, 1), (True, False, False, False))]","[((3, 1), (True, False, False, True)), ((3, 1), (True, True, False, True)), ((3, 5), (False, False, True, False)), ((4, 6), (False, False, True, False)), ((4, 6), (False, False, True, True)), ((3, 3), (False, True, True, True)), ((3, 3), (False, True, True, False)), ((3, 1), (True, True, False, False)), ((5, 5), (False, False, True, True)), ((4, 1), (True, False, False, False))]","[((5, 1), (True, False, False, False)), ((3, 1), (True, False, False, True)), ((3, 1), (True, True, False, True)), ((3, 5), (False, False, True, False)), ((4, 6), (False, False, True, False)), ((4, 6), (False, False, True, True)), ((3, 3), (False, True, True, True)), ((3, 3), (False, True, True, False)), ((3, 1), (True, True, False, False)), ((5, 5), (False, False, True, True))]",215 items,24.0,0.0,24.0
216,"((5, 5), (False, False, True, True))","((6, 5), (False, False, True, True))",West,"[((5, 6), (False, False, True, True)), ((6, 5), (False, False, True, True)), ((4, 5), (False, False, True, True))]","[((5, 1), (True, False, False, False)), ((3, 1), (True, False, False, True)), ((3, 1), (True, True, False, True)), ((3, 5), (False, False, True, False)), ((4, 6), (False, False, True, False)), ((4, 6), (False, False, True, True)), ((3, 3), (False, True, True, True)), ((3, 3), (False, True, True, False)), ((3, 1), (True, True, False, False)), ((5, 5), (False, False, True, True))]","[((4, 5), (False, False, True, True)), ((5, 1), (True, False, False, False)), ((3, 1), (True, False, False, True)), ((3, 1), (True, True, False, True)), ((3, 5), (False, False, True, False)), ((4, 6), (False, False, True, False)), ((4, 6), (False, False, True, True)), ((3, 3), (False, True, True, True)), ((3, 3), (False, True, True, False)), ((3, 1), (True, True, False, False))]",216 items,25.0,0.0,25.0
217,"((3, 1), (True, True, False, False))","((3, 2), (True, True, False, False))",South,"[((3, 2), (True, True, False, False)), ((4, 1), (True, True, False, False))]","[((4, 5), (False, False, True, True)), ((5, 1), (True, False, False, False)), ((3, 1), (True, False, False, True)), ((3, 1), (True, True, False, True)), ((3, 5), (False, False, True, False)), ((4, 6), (False, False, True, False)), ((4, 6), (False, False, True, True)), ((3, 3), (False, True, True, True)), ((3, 3), (False, True, True, False)), ((3, 1), (True, True, False, False))]","[((4, 1), (True, True, False, False)), ((4, 5), (False, False, True, True)), ((5, 1), (True, False, False, False)), ((3, 1), (True, False, False, True)), ((3, 1), (True, True, False, True)), ((3, 5), (False, False, True, False)), ((4, 6), (False, False, True, False)), ((4, 6), (False, False, True, True)), ((3, 3), (False, True, True, True)), ((3, 3), (False, True, True, False))]",217 items,25.0,0.0,25.0
218,"((3, 3), (False, True, True, False))","((3, 2), (False, True, True, False))",North,"[((3, 2), (False, True, True, False)), ((4, 3), (False, True, True, False))]","[((4, 1), (True, True, False, False)), ((4, 5), (False, False, True, True)), ((5, 1), (True, False, False, False)), ((3, 1), (True, False, False, True)), ((3, 1), (True, True, False, True)), ((3, 5), (False, False, True, False)), ((4, 6), (False, False, True, False)), ((4, 6), (False, False, True, True)), ((3, 3), (False, True, True, True)), ((3, 3), (False, True, True, False))]","[((4, 3), (False, True, True, False)), ((4, 1), (True, True, False, False)), ((4, 5), (False, False, True, True)), ((5, 1), (True, False, False, False)), ((3, 1), (True, False, False, True)), ((3, 1), (True, True, False, True)), ((3, 5), (False, False, True, False)), ((4, 6), (False, False, True, False)), ((4, 6), (False, False, True, True)), ((3, 3), (False, True, True, True))]",218 items,25.0,0.0,25.0
219,"((3, 3), (False, True, True, True))","((3, 2), (False, True, True, True))",North,"[((3, 2), (False, True, True, True)), ((4, 3), (False, True, True, True))]","[((4, 3), (False, True, True, False)), ((4, 1), (True, True, False, False)), ((4, 5), (False, False, True, True)), ((5, 1), (True, False, False, False)), ((3, 1), (True, False, False, True)), ((3, 1), (True, True, False, True)), ((3, 5), (False, False, True, False)), ((4, 6), (False, False, True, False)), ((4, 6), (False, False, True, True)), ((3, 3), (False, True, True, True))]","[((4, 3), (False, True, True, True)), ((4, 3), (False, True, True, False)), ((4, 1), (True, True, False, False)), ((4, 5), (False, False, True, True)), ((5, 1), (True, False, False, False)), ((3, 1), (True, False, False, True)), ((3, 1), (True, True, False, True)), ((3, 5), (False, False, True, False)), ((4, 6), (False, False, True, False)), ((4, 6), (False, False, True, True))]",219 items,25.0,0.0,25.0
220,"((4, 6), (False, False, True, True))","((5, 6), (False, False, True, True))",West,"[((4, 5), (False, False, True, True)), ((5, 6), (False, False, True, True)), ((3, 6), (False, False, True, True))]","[((4, 3), (False, True, True, True)), ((4, 3), (False, True, True, False)), ((4, 1), (True, True, False, False)), ((4, 5), (False, False, True, True)), ((5, 1), (True, False, False, False)), ((3, 1), (True, False, False, True)), ((3, 1), (True, True, False, True)), ((3, 5), (False, False, True, False)), ((4, 6), (False, False, True, False)), ((4, 6), (False, False, True, True))]","[((3, 6), (False, False, True, True)), ((4, 3), (False, True, True, True)), ((4, 3), (False, True, True, False)), ((4, 1), (True, True, False, False)), ((4, 5), (False, False, True, True)), ((5, 1), (True, False, False, False)), ((3, 1), (True, False, False, True)), ((3, 1), (True, True, False, True)), ((3, 5), (False, False, True, False)), ((4, 6), (False, False, True, False))]",220 items,25.0,0.0,25.0
221,"((4, 6), (False, False, True, False))","((5, 6), (False, False, True, False))",West,"[((4, 5), (False, False, True, False)), ((5, 6), (False, False, True, False)), ((3, 6), (False, False, True, False))]","[((3, 6), (False, False, True, True)), ((4, 3), (False, True, True, True)), ((4, 3), (False, True, True, False)), ((4, 1), (True, True, False, False)), ((4, 5), (False, False, True, True)), ((5, 1), (True, False, False, False)), ((3, 1), (True, False, False, True)), ((3, 1), (True, True, False, True)), ((3, 5), (False, False, True, False)), ((4, 6), (False, False, True, False))]","[((3, 6), (False, False, True, False)), ((3, 6), (False, False, True, True)), ((4, 3), (False, True, True, True)), ((4, 3), (False, True, True, False)), ((4, 1), (True, True, False, False)), ((4, 5), (False, False, True, True)), ((5, 1), (True, False, False, False)), ((3, 1), (True, False, False, True)), ((3, 1), (True, True, False, True)), ((3, 5), (False, False, True, False))]",221 items,25.0,0.0,25.0
222,"((3, 5), (False, False, True, False))","((4, 5), (False, False, True, False))",West,"[((3, 6), (False, False, True, False)), ((4, 5), (False, False, True, False)), ((2, 5), (False, False, True, False))]","[((3, 6), (False, False, True, False)), ((3, 6), (False, False, True, True)), ((4, 3), (False, True, True, True)), ((4, 3), (False, True, True, False)), ((4, 1), (True, True, False, False)), ((4, 5), (False, False, True, True)), ((5, 1), (True, False, False, False)), ((3, 1), (True, False, False, True)), ((3, 1), (True, True, False, True)), ((3, 5), (False, False, True, False))]","[((2, 5), (False, False, True, False)), ((3, 6), (False, False, True, False)), ((3, 6), (False, False, True, True)), ((4, 3), (False, True, True, True)), ((4, 3), (False, True, True, False)), ((4, 1), (True, True, False, False)), ((4, 5), (False, False, True, True)), ((5, 1), (True, False, False, False)), ((3, 1), (True, False, False, True)), ((3, 1), (True, True, False, True))]",222 items,25.0,0.0,25.0
223,"((3, 1), (True, True, False, True))","((3, 2), (True, True, False, True))",South,"[((3, 2), (True, True, False, True)), ((4, 1), (True, True, False, True))]","[((2, 5), (False, False, True, False)), ((3, 6), (False, False, True, False)), ((3, 6), (False, False, True, True)), ((4, 3), (False, True, True, True)), ((4, 3), (False, True, True, False)), ((4, 1), (True, True, False, False)), ((4, 5), (False, False, True, True)), ((5, 1), (True, False, False, False)), ((3, 1), (True, False, False, True)), ((3, 1), (True, True, False, True))]","[((4, 1), (True, True, False, True)), ((2, 5), (False, False, True, False)), ((3, 6), (False, False, True, False)), ((3, 6), (False, False, True, True)), ((4, 3), (False, True, True, True)), ((4, 3), (False, True, True, False)), ((4, 1), (True, True, False, False)), ((4, 5), (False, False, True, True)), ((5, 1), (True, False, False, False)), ((3, 1), (True, False, False, True))]",223 items,25.0,0.0,25.0
224,"((3, 1), (True, False, False, True))","((3, 2), (True, False, False, True))",South,"[((3, 2), (True, False, False, True)), ((4, 1), (True, False, False, True))]","[((4, 1), (True, True, False, True)), ((2, 5), (False, False, True, False)), ((3, 6), (False, False, True, False)), ((3, 6), (False, False, True, True)), ((4, 3), (False, True, True, True)), ((4, 3), (False, True, True, False)), ((4, 1), (True, True, False, False)), ((4, 5), (False, False, True, True)), ((5, 1), (True, False, False, False)), ((3, 1), (True, False, False, True))]","[((4, 1), (True, False, False, True)), ((4, 1), (True, True, False, True)), ((2, 5), (False, False, True, False)), ((3, 6), (False, False, True, False)), ((3, 6), (False, False, True, True)), ((4, 3), (False, True, True, True)), ((4, 3), (False, True, True, False)), ((4, 1), (True, True, False, False)), ((4, 5), (False, False, True, True)), ((5, 1), (True, False, False, False))]",224 items,25.0,0.0,25.0
225,"((5, 1), (True, False, False, False))","((4, 1), (True, False, False, False))",East,"[((6, 1), (True, False, True, False)), ((4, 1), (True, False, False, False))]","[((4, 1), (True, False, False, True)), ((4, 1), (True, True, False, True)), ((2, 5), (False, False, True, False)), ((3, 6), (False, False, True, False)), ((3, 6), (False, False, True, True)), ((4, 3), (False, True, True, True)), ((4, 3), (False, True, True, False)), ((4, 1), (True, True, False, False)), ((4, 5), (False, False, True, True)), ((5, 1), (True, False, False, False))]","[((6, 1), (True, False, True, False)), ((4, 1), (True, False, False, True)), ((4, 1), (True, True, False, True)), ((2, 5), (False, False, True, False)), ((3, 6), (False, False, True, False)), ((3, 6), (False, False, True, True)), ((4, 3), (False, True, True, True)), ((4, 3), (False, True, True, False)), ((4, 1), (True, True, False, False)), ((4, 5), (False, False, True, True))]",225 items,25.0,0.0,25.0
226,"((4, 5), (False, False, True, True))","((5, 5), (False, False, True, True))",West,"[((4, 6), (False, False, True, True)), ((5, 5), (False, False, True, True)), ((3, 5), (False, False, True, True))]","[((6, 1), (True, False, True, False)), ((4, 1), (True, False, False, True)), ((4, 1), (True, True, False, True)), ((2, 5), (False, False, True, False)), ((3, 6), (False, False, True, False)), ((3, 6), (False, False, True, True)), ((4, 3), (False, True, True, True)), ((4, 3), (False, True, True, False)), ((4, 1), (True, True, False, False)), ((4, 5), (False, False, True, True))]","[((3, 5), (False, False, True, True)), ((6, 1), (True, False, True, False)), ((4, 1), (True, False, False, True)), ((4, 1), (True, True, False, True)), ((2, 5), (False, False, True, False)), ((3, 6), (False, False, True, False)), ((3, 6), (False, False, True, True)), ((4, 3), (False, True, True, True)), ((4, 3), (False, True, True, False)), ((4, 1), (True, True, False, False))]",226 items,26.0,0.0,26.0
227,"((4, 1), (True, True, False, False))","((3, 1), (True, True, False, False))",East,"[((5, 1), (True, True, False, False)), ((3, 1), (True, True, False, False))]","[((3, 5), (False, False, True, True)), ((6, 1), (True, False, True, False)), ((4, 1), (True, False, False, True)), ((4, 1), (True, True, False, True)), ((2, 5), (False, False, True, False)), ((3, 6), (False, False, True, False)), ((3, 6), (False, False, True, True)), ((4, 3), (False, True, True, True)), ((4, 3), (False, True, True, False)), ((4, 1), (True, True, False, False))]","[((5, 1), (True, True, False, False)), ((3, 5), (False, False, True, True)), ((6, 1), (True, False, True, False)), ((4, 1), (True, False, False, True)), ((4, 1), (True, True, False, True)), ((2, 5), (False, False, True, False)), ((3, 6), (False, False, True, False)), ((3, 6), (False, False, True, True)), ((4, 3), (False, True, True, True)), ((4, 3), (False, True, True, False))]",227 items,26.0,0.0,26.0
228,"((4, 3), (False, True, True, False))","((3, 3), (False, True, True, False))",East,"[((5, 3), (False, True, True, False)), ((3, 3), (False, True, True, False))]","[((5, 1), (True, True, False, False)), ((3, 5), (False, False, True, True)), ((6, 1), (True, False, True, False)), ((4, 1), (True, False, False, True)), ((4, 1), (True, True, False, True)), ((2, 5), (False, False, True, False)), ((3, 6), (False, False, True, False)), ((3, 6), (False, False, True, True)), ((4, 3), (False, True, True, True)), ((4, 3), (False, True, True, False))]","[((5, 3), (False, True, True, False)), ((5, 1), (True, True, False, False)), ((3, 5), (False, False, True, True)), ((6, 1), (True, False, True, False)), ((4, 1), (True, False, False, True)), ((4, 1), (True, True, False, True)), ((2, 5), (False, False, True, False)), ((3, 6), (False, False, True, False)), ((3, 6), (False, False, True, True)), ((4, 3), (False, True, True, True))]",228 items,26.0,0.0,26.0
229,"((4, 3), (False, True, True, True))","((3, 3), (False, True, True, True))",East,"[((5, 3), (False, True, True, True)), ((3, 3), (False, True, True, True))]","[((5, 3), (False, True, True, False)), ((5, 1), (True, True, False, False)), ((3, 5), (False, False, True, True)), ((6, 1), (True, False, True, False)), ((4, 1), (True, False, False, True)), ((4, 1), (True, True, False, True)), ((2, 5), (False, False, True, False)), ((3, 6), (False, False, True, False)), ((3, 6), (False, False, True, True)), ((4, 3), (False, True, True, True))]","[((5, 3), (False, True, True, True)), ((5, 3), (False, True, True, False)), ((5, 1), (True, True, False, False)), ((3, 5), (False, False, True, True)), ((6, 1), (True, False, True, False)), ((4, 1), (True, False, False, True)), ((4, 1), (True, True, False, True)), ((2, 5), (False, False, True, False)), ((3, 6), (False, False, True, False)), ((3, 6), (False, False, True, True))]",229 items,26.0,0.0,26.0
230,"((3, 6), (False, False, True, True))","((4, 6), (False, False, True, True))",West,"[((3, 5), (False, False, True, True)), ((4, 6), (False, False, True, True)), ((2, 6), (False, False, True, True))]","[((5, 3), (False, True, True, True)), ((5, 3), (False, True, True, False)), ((5, 1), (True, True, False, False)), ((3, 5), (False, False, True, True)), ((6, 1), (True, False, True, False)), ((4, 1), (True, False, False, True)), ((4, 1), (True, True, False, True)), ((2, 5), (False, False, True, False)), ((3, 6), (False, False, True, False)), ((3, 6), (False, False, True, True))]","[((2, 6), (False, False, True, True)), ((5, 3), (False, True, True, True)), ((5, 3), (False, True, True, False)), ((5, 1), (True, True, False, False)), ((3, 5), (False, False, True, True)), ((6, 1), (True, False, True, False)), ((4, 1), (True, False, False, True)), ((4, 1), (True, True, False, True)), ((2, 5), (False, False, True, False)), ((3, 6), (False, False, True, False))]",230 items,26.0,0.0,26.0
231,"((3, 6), (False, False, True, False))","((4, 6), (False, False, True, False))",West,"[((3, 5), (False, False, True, False)), ((4, 6), (False, False, True, False)), ((2, 6), (False, False, True, False))]","[((2, 6), (False, False, True, True)), ((5, 3), (False, True, True, True)), ((5, 3), (False, True, True, False)), ((5, 1), (True, True, False, False)), ((3, 5), (False, False, True, True)), ((6, 1), (True, False, True, False)), ((4, 1), (True, False, False, True)), ((4, 1), (True, True, False, True)), ((2, 5), (False, False, True, False)), ((3, 6), (False, False, True, False))]","[((2, 6), (False, False, True, False)), ((2, 6), (False, False, True, True)), ((5, 3), (False, True, True, True)), ((5, 3), (False, True, True, False)), ((5, 1), (True, True, False, False)), ((3, 5), (False, False, True, True)), ((6, 1), (True, False, True, False)), ((4, 1), (True, False, False, True)), ((4, 1), (True, True, False, True)), ((2, 5), (False, False, True, False))]",231 items,26.0,0.0,26.0
232,"((2, 5), (False, False, True, False))","((3, 5), (False, False, True, False))",West,"[((2, 6), (False, False, True, False)), ((3, 5), (False, False, True, False)), ((1, 5), (False, False, True, False))]","[((2, 6), (False, False, True, False)), ((2, 6), (False, False, True, True)), ((5, 3), (False, True, True, True)), ((5, 3), (False, True, True, False)), ((5, 1), (True, True, False, False)), ((3, 5), (False, False, True, True)), ((6, 1), (True, False, True, False)), ((4, 1), (True, False, False, True)), ((4, 1), (True, True, False, True)), ((2, 5), (False, False, True, False))]","[((1, 5), (False, False, True, False)), ((2, 6), (False, False, True, False)), ((2, 6), (False, False, True, True)), ((5, 3), (False, True, True, True)), ((5, 3), (False, True, True, False)), ((5, 1), (True, True, False, False)), ((3, 5), (False, False, True, True)), ((6, 1), (True, False, True, False)), ((4, 1), (True, False, False, True)), ((4, 1), (True, True, False, True))]",232 items,26.0,0.0,26.0
233,"((4, 1), (True, True, False, True))","((3, 1), (True, True, False, True))",East,"[((5, 1), (True, True, False, True)), ((3, 1), (True, True, False, True))]","[((1, 5), (False, False, True, False)), ((2, 6), (False, False, True, False)), ((2, 6), (False, False, True, True)), ((5, 3), (False, True, True, True)), ((5, 3), (False, True, True, False)), ((5, 1), (True, True, False, False)), ((3, 5), (False, False, True, True)), ((6, 1), (True, False, True, False)), ((4, 1), (True, False, False, True)), ((4, 1), (True, True, False, True))]","[((5, 1), (True, True, False, True)), ((1, 5), (False, False, True, False)), ((2, 6), (False, False, True, False)), ((2, 6), (False, False, True, True)), ((5, 3), (False, True, True, True)), ((5, 3), (False, True, True, False)), ((5, 1), (True, True, False, False)), ((3, 5), (False, False, True, True)), ((6, 1), (True, False, True, False)), ((4, 1), (True, False, False, True))]",233 items,26.0,0.0,26.0
234,"((4, 1), (True, False, False, True))","((3, 1), (True, False, False, True))",East,"[((5, 1), (True, False, False, True)), ((3, 1), (True, False, False, True))]","[((5, 1), (True, True, False, True)), ((1, 5), (False, False, True, False)), ((2, 6), (False, False, True, False)), ((2, 6), (False, False, True, True)), ((5, 3), (False, True, True, True)), ((5, 3), (False, True, True, False)), ((5, 1), (True, True, False, False)), ((3, 5), (False, False, True, True)), ((6, 1), (True, False, True, False)), ((4, 1), (True, False, False, True))]","[((5, 1), (True, False, False, True)), ((5, 1), (True, True, False, True)), ((1, 5), (False, False, True, False)), ((2, 6), (False, False, True, False)), ((2, 6), (False, False, True, True)), ((5, 3), (False, True, True, True)), ((5, 3), (False, True, True, False)), ((5, 1), (True, True, False, False)), ((3, 5), (False, False, True, True)), ((6, 1), (True, False, True, False))]",234 items,26.0,0.0,26.0
235,"((6, 1), (True, False, True, False))","((5, 1), (True, False, False, False))",East,"[((5, 1), (True, False, True, False))]","[((5, 1), (True, False, False, True)), ((5, 1), (True, True, False, True)), ((1, 5), (False, False, True, False)), ((2, 6), (False, False, True, False)), ((2, 6), (False, False, True, True)), ((5, 3), (False, True, True, True)), ((5, 3), (False, True, True, False)), ((5, 1), (True, True, False, False)), ((3, 5), (False, False, True, True)), ((6, 1), (True, False, True, False))]","[((5, 1), (True, False, True, False)), ((5, 1), (True, False, False, True)), ((5, 1), (True, True, False, True)), ((1, 5), (False, False, True, False)), ((2, 6), (False, False, True, False)), ((2, 6), (False, False, True, True)), ((5, 3), (False, True, True, True)), ((5, 3), (False, True, True, False)), ((5, 1), (True, True, False, False)), ((3, 5), (False, False, True, True))]",235 items,26.0,0.0,26.0
236,"((3, 5), (False, False, True, True))","((4, 5), (False, False, True, True))",West,"[((3, 6), (False, False, True, True)), ((4, 5), (False, False, True, True)), ((2, 5), (False, False, True, True))]","[((5, 1), (True, False, True, False)), ((5, 1), (True, False, False, True)), ((5, 1), (True, True, False, True)), ((1, 5), (False, False, True, False)), ((2, 6), (False, False, True, False)), ((2, 6), (False, False, True, True)), ((5, 3), (False, True, True, True)), ((5, 3), (False, True, True, False)), ((5, 1), (True, True, False, False)), ((3, 5), (False, False, True, True))]","[((2, 5), (False, False, True, True)), ((5, 1), (True, False, True, False)), ((5, 1), (True, False, False, True)), ((5, 1), (True, True, False, True)), ((1, 5), (False, False, True, False)), ((2, 6), (False, False, True, False)), ((2, 6), (False, False, True, True)), ((5, 3), (False, True, True, True)), ((5, 3), (False, True, True, False)), ((5, 1), (True, True, False, False))]",236 items,27.0,0.0,27.0
237,"((5, 1), (True, True, False, False))","((4, 1), (True, True, False, False))",East,"[((6, 1), (True, True, True, False)), ((4, 1), (True, True, False, False))]","[((2, 5), (False, False, True, True)), ((5, 1), (True, False, True, False)), ((5, 1), (True, False, False, True)), ((5, 1), (True, True, False, True)), ((1, 5), (False, False, True, False)), ((2, 6), (False, False, True, False)), ((2, 6), (False, False, True, True)), ((5, 3), (False, True, True, True)), ((5, 3), (False, True, True, False)), ((5, 1), (True, True, False, False))]","[((6, 1), (True, True, True, False)), ((2, 5), (False, False, True, True)), ((5, 1), (True, False, True, False)), ((5, 1), (True, False, False, True)), ((5, 1), (True, True, False, True)), ((1, 5), (False, False, True, False)), ((2, 6), (False, False, True, False)), ((2, 6), (False, False, True, True)), ((5, 3), (False, True, True, True)), ((5, 3), (False, True, True, False))]",237 items,27.0,0.0,27.0
238,"((5, 3), (False, True, True, False))","((4, 3), (False, True, True, False))",East,"[((6, 3), (False, True, True, False)), ((4, 3), (False, True, True, False))]","[((6, 1), (True, True, True, False)), ((2, 5), (False, False, True, True)), ((5, 1), (True, False, True, False)), ((5, 1), (True, False, False, True)), ((5, 1), (True, True, False, True)), ((1, 5), (False, False, True, False)), ((2, 6), (False, False, True, False)), ((2, 6), (False, False, True, True)), ((5, 3), (False, True, True, True)), ((5, 3), (False, True, True, False))]","[((6, 3), (False, True, True, False)), ((6, 1), (True, True, True, False)), ((2, 5), (False, False, True, True)), ((5, 1), (True, False, True, False)), ((5, 1), (True, False, False, True)), ((5, 1), (True, True, False, True)), ((1, 5), (False, False, True, False)), ((2, 6), (False, False, True, False)), ((2, 6), (False, False, True, True)), ((5, 3), (False, True, True, True))]",238 items,27.0,0.0,27.0
239,"((5, 3), (False, True, True, True))","((4, 3), (False, True, True, True))",East,"[((6, 3), (False, True, True, True)), ((4, 3), (False, True, True, True))]","[((6, 3), (False, True, True, False)), ((6, 1), (True, True, True, False)), ((2, 5), (False, False, True, True)), ((5, 1), (True, False, True, False)), ((5, 1), (True, False, False, True)), ((5, 1), (True, True, False, True)), ((1, 5), (False, False, True, False)), ((2, 6), (False, False, True, False)), ((2, 6), (False, False, True, True)), ((5, 3), (False, True, True, True))]","[((6, 3), (False, True, True, True)), ((6, 3), (False, True, True, False)), ((6, 1), (True, True, True, False)), ((2, 5), (False, False, True, True)), ((5, 1), (True, False, True, False)), ((5, 1), (True, False, False, True)), ((5, 1), (True, True, False, True)), ((1, 5), (False, False, True, False)), ((2, 6), (False, False, True, False)), ((2, 6), (False, False, True, True))]",239 items,27.0,0.0,27.0
240,"((2, 6), (False, False, True, True))","((3, 6), (False, False, True, True))",West,"[((2, 5), (False, False, True, True)), ((3, 6), (False, False, True, True)), ((1, 6), (False, True, True, True))]","[((6, 3), (False, True, True, True)), ((6, 3), (False, True, True, False)), ((6, 1), (True, True, True, False)), ((2, 5), (False, False, True, True)), ((5, 1), (True, False, True, False)), ((5, 1), (True, False, False, True)), ((5, 1), (True, True, False, True)), ((1, 5), (False, False, True, False)), ((2, 6), (False, False, True, False)), ((2, 6), (False, False, True, True))]","[((1, 6), (False, True, True, True)), ((6, 3), (False, True, True, True)), ((6, 3), (False, True, True, False)), ((6, 1), (True, True, True, False)), ((2, 5), (False, False, True, True)), ((5, 1), (True, False, True, False)), ((5, 1), (True, False, False, True)), ((5, 1), (True, True, False, True)), ((1, 5), (False, False, True, False)), ((2, 6), (False, False, True, False))]",240 items,27.0,0.0,27.0
241,"((2, 6), (False, False, True, False))","((3, 6), (False, False, True, False))",West,"[((2, 5), (False, False, True, False)), ((3, 6), (False, False, True, False)), ((1, 6), (False, True, True, False))]","[((1, 6), (False, True, True, True)), ((6, 3), (False, True, True, True)), ((6, 3), (False, True, True, False)), ((6, 1), (True, True, True, False)), ((2, 5), (False, False, True, True)), ((5, 1), (True, False, True, False)), ((5, 1), (True, False, False, True)), ((5, 1), (True, True, False, True)), ((1, 5), (False, False, True, False)), ((2, 6), (False, False, True, False))]","[((1, 6), (False, True, True, False)), ((1, 6), (False, True, True, True)), ((6, 3), (False, True, True, True)), ((6, 3), (False, True, True, False)), ((6, 1), (True, True, True, False)), ((2, 5), (False, False, True, True)), ((5, 1), (True, False, True, False)), ((5, 1), (True, False, False, True)), ((5, 1), (True, True, False, True)), ((1, 5), (False, False, True, False))]",241 items,27.0,0.0,27.0
242,"((1, 5), (False, False, True, False))","((2, 5), (False, False, True, False))",West,"[((1, 6), (False, True, True, False)), ((1, 4), (False, False, True, False)), ((2, 5), (False, False, True, False))]","[((1, 6), (False, True, True, False)), ((1, 6), (False, True, True, True)), ((6, 3), (False, True, True, True)), ((6, 3), (False, True, True, False)), ((6, 1), (True, True, True, False)), ((2, 5), (False, False, True, True)), ((5, 1), (True, False, True, False)), ((5, 1), (True, False, False, True)), ((5, 1), (True, True, False, True)), ((1, 5), (False, False, True, False))]","[((1, 4), (False, False, True, False)), ((1, 6), (False, True, True, False)), ((1, 6), (False, True, True, True)), ((6, 3), (False, True, True, True)), ((6, 3), (False, True, True, False)), ((6, 1), (True, True, True, False)), ((2, 5), (False, False, True, True)), ((5, 1), (True, False, True, False)), ((5, 1), (True, False, False, True)), ((5, 1), (True, True, False, True))]",242 items,27.0,0.0,27.0
243,"((5, 1), (True, True, False, True))","((4, 1), (True, True, False, True))",East,"[((6, 1), (True, True, True, True)), ((4, 1), (True, True, False, True))]","[((1, 4), (False, False, True, False)), ((1, 6), (False, True, True, False)), ((1, 6), (False, True, True, True)), ((6, 3), (False, True, True, True)), ((6, 3), (False, True, True, False)), ((6, 1), (True, True, True, False)), ((2, 5), (False, False, True, True)), ((5, 1), (True, False, True, False)), ((5, 1), (True, False, False, True)), ((5, 1), (True, True, False, True))]","[((6, 1), (True, True, True, True)), ((1, 4), (False, False, True, False)), ((1, 6), (False, True, True, False)), ((1, 6), (False, True, True, True)), ((6, 3), (False, True, True, True)), ((6, 3), (False, True, True, False)), ((6, 1), (True, True, True, False)), ((2, 5), (False, False, True, True)), ((5, 1), (True, False, True, False)), ((5, 1), (True, False, False, True))]",243 items,27.0,0.0,27.0
244,"((5, 1), (True, False, False, True))","((4, 1), (True, False, False, True))",East,"[((6, 1), (True, False, True, True)), ((4, 1), (True, False, False, True))]","[((6, 1), (True, True, True, True)), ((1, 4), (False, False, True, False)), ((1, 6), (False, True, True, False)), ((1, 6), (False, True, True, True)), ((6, 3), (False, True, True, True)), ((6, 3), (False, True, True, False)), ((6, 1), (True, True, True, False)), ((2, 5), (False, False, True, True)), ((5, 1), (True, False, True, False)), ((5, 1), (True, False, False, True))]","[((6, 1), (True, False, True, True)), ((6, 1), (True, True, True, True)), ((1, 4), (False, False, True, False)), ((1, 6), (False, True, True, False)), ((1, 6), (False, True, True, True)), ((6, 3), (False, True, True, True)), ((6, 3), (False, True, True, False)), ((6, 1), (True, True, True, False)), ((2, 5), (False, False, True, True)), ((5, 1), (True, False, True, False))]",244 items,27.0,0.0,27.0
245,"((5, 1), (True, False, True, False))","((6, 1), (True, False, True, False))",West,"[((6, 1), (True, False, True, False)), ((4, 1), (True, False, True, False))]","[((6, 1), (True, False, True, True)), ((6, 1), (True, True, True, True)), ((1, 4), (False, False, True, False)), ((1, 6), (False, True, True, False)), ((1, 6), (False, True, True, True)), ((6, 3), (False, True, True, True)), ((6, 3), (False, True, True, False)), ((6, 1), (True, True, True, False)), ((2, 5), (False, False, True, True)), ((5, 1), (True, False, True, False))]","[((4, 1), (True, False, True, False)), ((6, 1), (True, False, True, True)), ((6, 1), (True, True, True, True)), ((1, 4), (False, False, True, False)), ((1, 6), (False, True, True, False)), ((1, 6), (False, True, True, True)), ((6, 3), (False, True, True, True)), ((6, 3), (False, True, True, False)), ((6, 1), (True, True, True, False)), ((2, 5), (False, False, True, True))]",245 items,27.0,0.0,27.0
246,"((2, 5), (False, False, True, True))","((3, 5), (False, False, True, True))",West,"[((2, 6), (False, False, True, True)), ((3, 5), (False, False, True, True)), ((1, 5), (False, False, True, True))]","[((4, 1), (True, False, True, False)), ((6, 1), (True, False, True, True)), ((6, 1), (True, True, True, True)), ((1, 4), (False, False, True, False)), ((1, 6), (False, True, True, False)), ((1, 6), (False, True, True, True)), ((6, 3), (False, True, True, True)), ((6, 3), (False, True, True, False)), ((6, 1), (True, True, True, False)), ((2, 5), (False, False, True, True))]","[((1, 5), (False, False, True, True)), ((4, 1), (True, False, True, False)), ((6, 1), (True, False, True, True)), ((6, 1), (True, True, True, True)), ((1, 4), (False, False, True, False)), ((1, 6), (False, True, True, False)), ((1, 6), (False, True, True, True)), ((6, 3), (False, True, True, True)), ((6, 3), (False, True, True, False)), ((6, 1), (True, True, True, False))]",246 items,28.0,0.0,28.0
247,"((6, 1), (True, True, True, False))","((5, 1), (True, True, False, False))",East,"[((5, 1), (True, True, True, False))]","[((1, 5), (False, False, True, True)), ((4, 1), (True, False, True, False)), ((6, 1), (True, False, True, True)), ((6, 1), (True, True, True, True)), ((1, 4), (False, False, True, False)), ((1, 6), (False, True, True, False)), ((1, 6), (False, True, True, True)), ((6, 3), (False, True, True, True)), ((6, 3), (False, True, True, False)), ((6, 1), (True, True, True, False))]","[((5, 1), (True, True, True, False)), ((1, 5), (False, False, True, True)), ((4, 1), (True, False, True, False)), ((6, 1), (True, False, True, True)), ((6, 1), (True, True, True, True)), ((1, 4), (False, False, True, False)), ((1, 6), (False, True, True, False)), ((1, 6), (False, True, True, True)), ((6, 3), (False, True, True, True)), ((6, 3), (False, True, True, False))]",247 items,28.0,0.0,28.0
248,"((6, 3), (False, True, True, False))","((5, 3), (False, True, True, False))",East,"[((6, 4), (False, True, True, False)), ((5, 3), (False, True, True, False))]","[((5, 1), (True, True, True, False)), ((1, 5), (False, False, True, True)), ((4, 1), (True, False, True, False)), ((6, 1), (True, False, True, True)), ((6, 1), (True, True, True, True)), ((1, 4), (False, False, True, False)), ((1, 6), (False, True, True, False)), ((1, 6), (False, True, True, True)), ((6, 3), (False, True, True, True)), ((6, 3), (False, True, True, False))]","[((6, 4), (False, True, True, False)), ((5, 1), (True, True, True, False)), ((1, 5), (False, False, True, True)), ((4, 1), (True, False, True, False)), ((6, 1), (True, False, True, True)), ((6, 1), (True, True, True, True)), ((1, 4), (False, False, True, False)), ((1, 6), (False, True, True, False)), ((1, 6), (False, True, True, True)), ((6, 3), (False, True, True, True))]",248 items,28.0,0.0,28.0
249,"((6, 3), (False, True, True, True))","((5, 3), (False, True, True, True))",East,"[((6, 4), (False, True, True, True)), ((5, 3), (False, True, True, True))]","[((6, 4), (False, True, True, False)), ((5, 1), (True, True, True, False)), ((1, 5), (False, False, True, True)), ((4, 1), (True, False, True, False)), ((6, 1), (True, False, True, True)), ((6, 1), (True, True, True, True)), ((1, 4), (False, False, True, False)), ((1, 6), (False, True, True, False)), ((1, 6), (False, True, True, True)), ((6, 3), (False, True, True, True))]","[((6, 4), (False, True, True, True)), ((6, 4), (False, True, True, False)), ((5, 1), (True, True, True, False)), ((1, 5), (False, False, True, True)), ((4, 1), (True, False, True, False)), ((6, 1), (True, False, True, True)), ((6, 1), (True, True, True, True)), ((1, 4), (False, False, True, False)), ((1, 6), (False, True, True, False)), ((1, 6), (False, True, True, True))]",249 items,28.0,0.0,28.0
250,"((1, 6), (False, True, True, True))","((2, 6), (False, False, True, True))",West,"[((1, 5), (False, True, True, True)), ((2, 6), (False, True, True, True))]","[((6, 4), (False, True, True, True)), ((6, 4), (False, True, True, False)), ((5, 1), (True, True, True, False)), ((1, 5), (False, False, True, True)), ((4, 1), (True, False, True, False)), ((6, 1), (True, False, True, True)), ((6, 1), (True, True, True, True)), ((1, 4), (False, False, True, False)), ((1, 6), (False, True, True, False)), ((1, 6), (False, True, True, True))]","[((2, 6), (False, True, True, True)), ((1, 5), (False, True, True, True)), ((6, 4), (False, True, True, True)), ((6, 4), (False, True, True, False)), ((5, 1), (True, True, True, False)), ((1, 5), (False, False, True, True)), ((4, 1), (True, False, True, False)), ((6, 1), (True, False, True, True)), ((6, 1), (True, True, True, True)), ((1, 4), (False, False, True, False)), ((1, 6), (False, True, True, False))]",250 items,28.0,0.0,28.0
251,"((1, 6), (False, True, True, False))","((2, 6), (False, False, True, False))",West,"[((1, 5), (False, True, True, False)), ((2, 6), (False, True, True, False))]","[((2, 6), (False, True, True, True)), ((1, 5), (False, True, True, True)), ((6, 4), (False, True, True, True)), ((6, 4), (False, True, True, False)), ((5, 1), (True, True, True, False)), ((1, 5), (False, False, True, True)), ((4, 1), (True, False, True, False)), ((6, 1), (True, False, True, True)), ((6, 1), (True, True, True, True)), ((1, 4), (False, False, True, False)), ((1, 6), (False, True, True, False))]","[((2, 6), (False, True, True, False)), ((1, 5), (False, True, True, False)), ((2, 6), (False, True, True, True)), ((1, 5), (False, True, True, True)), ((6, 4), (False, True, True, True)), ((6, 4), (False, True, True, False)), ((5, 1), (True, True, True, False)), ((1, 5), (False, False, True, True)), ((4, 1), (True, False, True, False)), ((6, 1), (True, False, True, True)), ((6, 1), (True, True, True, True)), ((1, 4), (False, False, True, False))]",251 items,28.0,0.0,28.0
252,"((1, 4), (False, False, True, False))","((1, 5), (False, False, True, False))",South,"[((1, 5), (False, False, True, False)), ((1, 3), (False, False, True, False))]","[((2, 6), (False, True, True, False)), ((1, 5), (False, True, True, False)), ((2, 6), (False, True, True, True)), ((1, 5), (False, True, True, True)), ((6, 4), (False, True, True, True)), ((6, 4), (False, True, True, False)), ((5, 1), (True, True, True, False)), ((1, 5), (False, False, True, True)), ((4, 1), (True, False, True, False)), ((6, 1), (True, False, True, True)), ((6, 1), (True, True, True, True)), ((1, 4), (False, False, True, False))]","[((1, 3), (False, False, True, False)), ((2, 6), (False, True, True, False)), ((1, 5), (False, True, True, False)), ((2, 6), (False, True, True, True)), ((1, 5), (False, True, True, True)), ((6, 4), (False, True, True, True)), ((6, 4), (False, True, True, False)), ((5, 1), (True, True, True, False)), ((1, 5), (False, False, True, True)), ((4, 1), (True, False, True, False)), ((6, 1), (True, False, True, True)), ((6, 1), (True, True, True, True))]",252 items,28.0,0.0,28.0
253,"((6, 1), (True, True, True, True))","((5, 1), (True, True, False, True))",East,[],"[((1, 3), (False, False, True, False)), ((2, 6), (False, True, True, False)), ((1, 5), (False, True, True, False)), ((2, 6), (False, True, True, True)), ((1, 5), (False, True, True, True)), ((6, 4), (False, True, True, True)), ((6, 4), (False, True, True, False)), ((5, 1), (True, True, True, False)), ((1, 5), (False, False, True, True)), ((4, 1), (True, False, True, False)), ((6, 1), (True, False, True, True)), ((6, 1), (True, True, True, True))]","[((1, 3), (False, False, True, False)), ((2, 6), (False, True, True, False)), ((1, 5), (False, True, True, False)), ((2, 6), (False, True, True, True)), ((1, 5), (False, True, True, True)), ((6, 4), (False, True, True, True)), ((6, 4), (False, True, True, False)), ((5, 1), (True, True, True, False)), ((1, 5), (False, False, True, True)), ((4, 1), (True, False, True, False)), ((6, 1), (True, False, True, True))]",252 items,28.0,0.0,28.0
