iteration,expanded_state,parent,action,generated_successors,frontier_before,frontier_after,explored,g,h,f
1,"(35, 1)",START,START,"[(35, 2), (34, 1)]","[(35, 1)]","[(34, 1), (35, 2)]","[(35, 1)]",0.0,34.0,34.0
2,"(34, 1)","(35, 1)",West,"[(35, 1), (33, 1)]","[(34, 1), (35, 2)]","[(33, 1), (35, 2)]","[(34, 1), (35, 1)]",1.0,33.0,33.0
3,"(33, 1)","(34, 1)",West,"[(34, 1)]","[(33, 1), (35, 2)]","[(35, 2)]","[(33, 1), (34, 1), (35, 1)]",2.0,32.0,32.0
4,"(35, 2)","(35, 1)",North,"[(35, 3), (35, 1)]","[(35, 2)]","[(35, 3)]","[(35, 2), (33, 1), (34, 1), (35, 1)]",1.0,35.0,35.0
5,"(35, 3)","(35, 2)",North,"[(35, 4), (35, 2), (34, 3)]","[(35, 3)]","[(34, 3), (35, 4)]","[(33, 1), (34, 1), (35, 1), (35, 3), (35, 2)]",2.0,36.0,36.0
6,"(34, 3)","(35, 3)",West,"[(35, 3), (33, 3)]","[(34, 3), (35, 4)]","[(33, 3), (35, 4)]","[(33, 1), (34, 1), (35, 1), (34, 3), (35, 3), (35, 2)]",3.0,35.0,35.0
7,"(33, 3)","(34, 3)",West,"[(33, 4), (34, 3), (32, 3)]","[(33, 3), (35, 4)]","[(32, 3), (35, 4), (33, 4)]","[(33, 1), (34, 1), (35, 1), (33, 3), (34, 3), (35, 3), (35, 2)]",4.0,34.0,34.0
8,"(32, 3)","(33, 3)",West,"[(33, 3), (31, 3)]","[(32, 3), (35, 4), (33, 4)]","[(31, 3), (35, 4), (33, 4)]","[(33, 1), (34, 1), (35, 1), (32, 3), (33, 3), (34, 3), (35, 3), (35, 2)]",5.0,33.0,33.0
9,"(31, 3)","(32, 3)",West,"[(31, 4), (31, 2), (32, 3)]","[(31, 3), (35, 4), (33, 4)]","[(31, 2), (31, 4), (33, 4), (35, 4)]","[(33, 1), (34, 1), (35, 1), (32, 3), (33, 3), (34, 3), (35, 3), (31, 3), (35, 2)]",6.0,32.0,32.0
10,"(31, 2)","(31, 3)",South,"[(31, 3), (31, 1)]","[(31, 2), (31, 4), (33, 4), (35, 4)]","[(31, 1), (31, 4), (33, 4), (35, 4)]","[(33, 1), (34, 1), (35, 1), (32, 3), (33, 3), (34, 3), (35, 3), (31, 3), (35, 2), (31, 2)]",7.0,31.0,31.0
11,"(31, 1)","(31, 2)",South,"[(31, 2)]","[(31, 1), (31, 4), (33, 4), (35, 4)]","[(31, 4), (35, 4), (33, 4)]","[(33, 1), (34, 1), (35, 1), (32, 3), (31, 1), (33, 3), (34, 3), (35, 3), (31, 3), (35, 2), (31, 2)]",8.0,30.0,30.0
12,"(31, 4)","(31, 3)",North,"[(31, 5), (31, 3)]","[(31, 4), (35, 4), (33, 4)]","[(31, 5), (35, 4), (33, 4)]","[(33, 1), (34, 1), (35, 1), (31, 4), (32, 3), (31, 1), (33, 3), (34, 3), (35, 3), (31, 3), (35, 2), (31, 2)]",7.0,33.0,33.0
13,"(31, 5)","(31, 4)",North,"[(31, 6), (31, 4), (30, 5)]","[(31, 5), (35, 4), (33, 4)]","[(30, 5), (33, 4), (31, 6), (35, 4)]","[(31, 5), (33, 1), (34, 1), (35, 1), (31, 4), (32, 3), (31, 1), (33, 3), (34, 3), (35, 3), (31, 3), (35, 2), (31, 2)]",8.0,34.0,34.0
14,"(30, 5)","(31, 5)",West,"[(31, 5), (29, 5)]","[(30, 5), (33, 4), (31, 6), (35, 4)]","[(29, 5), (33, 4), (31, 6), (35, 4)]","[(31, 5), (33, 1), (34, 1), (35, 1), (31, 4), (32, 3), (31, 1), (33, 3), (34, 3), (35, 3), (31, 3), (35, 2), (31, 2), (30, 5)]",9.0,33.0,33.0
15,"(29, 5)","(30, 5)",West,"[(29, 4), (30, 5)]","[(29, 5), (33, 4), (31, 6), (35, 4)]","[(29, 4), (33, 4), (31, 6), (35, 4)]","[(31, 5), (33, 1), (34, 1), (35, 1), (31, 4), (32, 3), (31, 1), (33, 3), (34, 3), (35, 3), (31, 3), (35, 2), (29, 5), (31, 2), (30, 5)]",10.0,32.0,32.0
16,"(29, 4)","(29, 5)",South,"[(29, 5), (29, 3)]","[(29, 4), (33, 4), (31, 6), (35, 4)]","[(29, 3), (33, 4), (31, 6), (35, 4)]",16 items,11.0,31.0,31.0
17,"(29, 3)","(29, 4)",South,"[(29, 4), (28, 3)]","[(29, 3), (33, 4), (31, 6), (35, 4)]","[(28, 3), (33, 4), (31, 6), (35, 4)]",17 items,12.0,30.0,30.0
18,"(28, 3)","(29, 3)",West,"[(29, 3), (27, 3)]","[(28, 3), (33, 4), (31, 6), (35, 4)]","[(27, 3), (33, 4), (31, 6), (35, 4)]",18 items,13.0,29.0,29.0
19,"(27, 3)","(28, 3)",West,"[(27, 4), (27, 2), (28, 3), (26, 3)]","[(27, 3), (33, 4), (31, 6), (35, 4)]","[(27, 2), (27, 4), (26, 3), (35, 4), (33, 4), (31, 6)]",19 items,14.0,28.0,28.0
20,"(27, 2)","(27, 3)",South,"[(27, 3), (27, 1)]","[(27, 2), (27, 4), (26, 3), (35, 4), (33, 4), (31, 6)]","[(27, 1), (27, 4), (26, 3), (35, 4), (33, 4), (31, 6)]",20 items,15.0,27.0,27.0
21,"(27, 1)","(27, 2)",South,"[(27, 2), (28, 1)]","[(27, 1), (27, 4), (26, 3), (35, 4), (33, 4), (31, 6)]","[(26, 3), (27, 4), (28, 1), (35, 4), (33, 4), (31, 6)]",21 items,16.0,26.0,26.0
22,"(26, 3)","(27, 3)",West,"[(27, 3), (25, 3)]","[(26, 3), (27, 4), (28, 1), (35, 4), (33, 4), (31, 6)]","[(25, 3), (27, 4), (28, 1), (35, 4), (33, 4), (31, 6)]",22 items,15.0,27.0,27.0
23,"(25, 3)","(26, 3)",West,"[(25, 4), (26, 3), (24, 3)]","[(25, 3), (27, 4), (28, 1), (35, 4), (33, 4), (31, 6)]","[(24, 3), (27, 4), (28, 1), (35, 4), (33, 4), (31, 6), (25, 4)]",23 items,16.0,26.0,26.0
24,"(24, 3)","(25, 3)",West,"[(25, 3), (23, 3)]","[(24, 3), (27, 4), (28, 1), (35, 4), (33, 4), (31, 6), (25, 4)]","[(23, 3), (27, 4), (28, 1), (35, 4), (33, 4), (31, 6), (25, 4)]",24 items,17.0,25.0,25.0
25,"(23, 3)","(24, 3)",West,"[(23, 2), (24, 3), (22, 3)]","[(23, 3), (27, 4), (28, 1), (35, 4), (33, 4), (31, 6), (25, 4)]","[(23, 2), (22, 3), (28, 1), (27, 4), (33, 4), (31, 6), (25, 4), (35, 4)]",25 items,18.0,24.0,24.0
26,"(23, 2)","(23, 3)",South,"[(23, 3), (23, 1)]","[(23, 2), (22, 3), (28, 1), (27, 4), (33, 4), (31, 6), (25, 4), (35, 4)]","[(23, 1), (22, 3), (28, 1), (27, 4), (33, 4), (31, 6), (25, 4), (35, 4)]",26 items,19.0,23.0,23.0
27,"(23, 1)","(23, 2)",South,"[(23, 2), (24, 1), (22, 1)]","[(23, 1), (22, 3), (28, 1), (27, 4), (33, 4), (31, 6), (25, 4), (35, 4)]","[(22, 1), (22, 3), (28, 1), (24, 1), (33, 4), (31, 6), (25, 4), (35, 4), (27, 4)]",27 items,20.0,22.0,22.0
28,"(22, 1)","(23, 1)",West,"[(23, 1), (21, 1)]","[(22, 1), (22, 3), (28, 1), (24, 1), (33, 4), (31, 6), (25, 4), (35, 4), (27, 4)]","[(21, 1), (22, 3), (28, 1), (24, 1), (33, 4), (31, 6), (25, 4), (35, 4), (27, 4)]",28 items,21.0,21.0,21.0
29,"(21, 1)","(22, 1)",West,"[(22, 1), (20, 1)]","[(21, 1), (22, 3), (28, 1), (24, 1), (33, 4), (31, 6), (25, 4), (35, 4), (27, 4)]","[(20, 1), (22, 3), (28, 1), (24, 1), (33, 4), (31, 6), (25, 4), (35, 4), (27, 4)]",29 items,22.0,20.0,20.0
30,"(20, 1)","(21, 1)",West,"[(21, 1), (19, 1)]","[(20, 1), (22, 3), (28, 1), (24, 1), (33, 4), (31, 6), (25, 4), (35, 4), (27, 4)]","[(19, 1), (22, 3), (28, 1), (24, 1), (33, 4), (31, 6), (25, 4), (35, 4), (27, 4)]",30 items,23.0,19.0,19.0
31,"(19, 1)","(20, 1)",West,"[(20, 1)]","[(19, 1), (22, 3), (28, 1), (24, 1), (33, 4), (31, 6), (25, 4), (35, 4), (27, 4)]","[(22, 3), (24, 1), (28, 1), (27, 4), (33, 4), (31, 6), (25, 4), (35, 4)]",31 items,24.0,18.0,18.0
32,"(22, 3)","(23, 3)",West,"[(23, 3), (21, 3)]","[(22, 3), (24, 1), (28, 1), (27, 4), (33, 4), (31, 6), (25, 4), (35, 4)]","[(21, 3), (24, 1), (28, 1), (27, 4), (33, 4), (31, 6), (25, 4), (35, 4)]",32 items,19.0,23.0,23.0
33,"(21, 3)","(22, 3)",West,"[(22, 3), (20, 3)]","[(21, 3), (24, 1), (28, 1), (27, 4), (33, 4), (31, 6), (25, 4), (35, 4)]","[(20, 3), (24, 1), (28, 1), (27, 4), (33, 4), (31, 6), (25, 4), (35, 4)]",33 items,20.0,22.0,22.0
34,"(20, 3)","(21, 3)",West,"[(21, 3), (19, 3)]","[(20, 3), (24, 1), (28, 1), (27, 4), (33, 4), (31, 6), (25, 4), (35, 4)]","[(19, 3), (24, 1), (28, 1), (27, 4), (33, 4), (31, 6), (25, 4), (35, 4)]",34 items,21.0,21.0,21.0
35,"(19, 3)","(20, 3)",West,"[(20, 3), (18, 3)]","[(19, 3), (24, 1), (28, 1), (27, 4), (33, 4), (31, 6), (25, 4), (35, 4)]","[(18, 3), (24, 1), (28, 1), (27, 4), (33, 4), (31, 6), (25, 4), (35, 4)]",35 items,22.0,20.0,20.0
36,"(18, 3)","(19, 3)",West,"[(19, 3), (17, 3)]","[(18, 3), (24, 1), (28, 1), (27, 4), (33, 4), (31, 6), (25, 4), (35, 4)]","[(17, 3), (24, 1), (28, 1), (27, 4), (33, 4), (31, 6), (25, 4), (35, 4)]",36 items,23.0,19.0,19.0
37,"(17, 3)","(18, 3)",West,"[(18, 3), (16, 3)]","[(17, 3), (24, 1), (28, 1), (27, 4), (33, 4), (31, 6), (25, 4), (35, 4)]","[(16, 3), (24, 1), (28, 1), (27, 4), (33, 4), (31, 6), (25, 4), (35, 4)]",37 items,24.0,18.0,18.0
38,"(16, 3)","(17, 3)",West,"[(17, 3), (15, 3)]","[(16, 3), (24, 1), (28, 1), (27, 4), (33, 4), (31, 6), (25, 4), (35, 4)]","[(15, 3), (24, 1), (28, 1), (27, 4), (33, 4), (31, 6), (25, 4), (35, 4)]",38 items,25.0,17.0,17.0
39,"(15, 3)","(16, 3)",West,"[(15, 4), (15, 2), (16, 3), (14, 3)]","[(15, 3), (24, 1), (28, 1), (27, 4), (33, 4), (31, 6), (25, 4), (35, 4)]","[(15, 2), (14, 3), (28, 1), (24, 1), (15, 4), (31, 6), (25, 4), (35, 4), (27, 4), (33, 4)]",39 items,26.0,16.0,16.0
40,"(15, 2)","(15, 3)",South,"[(15, 3), (15, 1)]","[(15, 2), (14, 3), (28, 1), (24, 1), (15, 4), (31, 6), (25, 4), (35, 4), (27, 4), (33, 4)]","[(15, 1), (14, 3), (28, 1), (24, 1), (15, 4), (31, 6), (25, 4), (35, 4), (27, 4), (33, 4)]",40 items,27.0,15.0,15.0
41,"(15, 1)","(15, 2)",South,"[(15, 2), (16, 1)]","[(15, 1), (14, 3), (28, 1), (24, 1), (15, 4), (31, 6), (25, 4), (35, 4), (27, 4), (33, 4)]","[(14, 3), (16, 1), (28, 1), (24, 1), (15, 4), (31, 6), (25, 4), (35, 4), (27, 4), (33, 4)]",41 items,28.0,14.0,14.0
42,"(14, 3)","(15, 3)",West,"[(15, 3), (13, 3)]","[(14, 3), (16, 1), (28, 1), (24, 1), (15, 4), (31, 6), (25, 4), (35, 4), (27, 4), (33, 4)]","[(13, 3), (16, 1), (28, 1), (24, 1), (15, 4), (31, 6), (25, 4), (35, 4), (27, 4), (33, 4)]",42 items,27.0,15.0,15.0
43,"(13, 3)","(14, 3)",West,"[(13, 4), (14, 3)]","[(13, 3), (16, 1), (28, 1), (24, 1), (15, 4), (31, 6), (25, 4), (35, 4), (27, 4), (33, 4)]","[(16, 1), (13, 4), (28, 1), (24, 1), (15, 4), (31, 6), (25, 4), (35, 4), (27, 4), (33, 4)]",43 items,28.0,14.0,14.0
44,"(16, 1)","(15, 1)",East,"[(17, 1), (15, 1)]","[(16, 1), (13, 4), (28, 1), (24, 1), (15, 4), (31, 6), (25, 4), (35, 4), (27, 4), (33, 4)]","[(13, 4), (17, 1), (28, 1), (24, 1), (15, 4), (31, 6), (25, 4), (35, 4), (27, 4), (33, 4)]",44 items,29.0,15.0,15.0
45,"(13, 4)","(13, 3)",North,"[(13, 5), (13, 3)]","[(13, 4), (17, 1), (28, 1), (24, 1), (15, 4), (31, 6), (25, 4), (35, 4), (27, 4), (33, 4)]","[(17, 1), (13, 5), (28, 1), (24, 1), (15, 4), (31, 6), (25, 4), (35, 4), (27, 4), (33, 4)]",45 items,29.0,15.0,15.0
46,"(17, 1)","(16, 1)",East,"[(16, 1)]","[(17, 1), (13, 5), (28, 1), (24, 1), (15, 4), (31, 6), (25, 4), (35, 4), (27, 4), (33, 4)]","[(13, 5), (15, 4), (28, 1), (24, 1), (33, 4), (31, 6), (25, 4), (35, 4), (27, 4)]",46 items,30.0,16.0,16.0
47,"(13, 5)","(13, 4)",North,"[(13, 4)]","[(13, 5), (15, 4), (28, 1), (24, 1), (33, 4), (31, 6), (25, 4), (35, 4), (27, 4)]","[(15, 4), (24, 1), (28, 1), (27, 4), (33, 4), (31, 6), (25, 4), (35, 4)]",47 items,30.0,16.0,16.0
48,"(15, 4)","(15, 3)",North,"[(15, 5), (15, 3)]","[(15, 4), (24, 1), (28, 1), (27, 4), (33, 4), (31, 6), (25, 4), (35, 4)]","[(15, 5), (24, 1), (28, 1), (27, 4), (33, 4), (31, 6), (25, 4), (35, 4)]",48 items,27.0,17.0,17.0
49,"(15, 5)","(15, 4)",North,"[(15, 4), (16, 5)]","[(15, 5), (24, 1), (28, 1), (27, 4), (33, 4), (31, 6), (25, 4), (35, 4)]","[(16, 5), (24, 1), (28, 1), (27, 4), (33, 4), (31, 6), (25, 4), (35, 4)]",49 items,28.0,18.0,18.0
50,"(16, 5)","(15, 5)",East,"[(17, 5), (15, 5)]","[(16, 5), (24, 1), (28, 1), (27, 4), (33, 4), (31, 6), (25, 4), (35, 4)]","[(17, 5), (24, 1), (28, 1), (27, 4), (33, 4), (31, 6), (25, 4), (35, 4)]",50 items,29.0,19.0,19.0
51,"(17, 5)","(16, 5)",East,"[(17, 6), (18, 5), (16, 5)]","[(17, 5), (24, 1), (28, 1), (27, 4), (33, 4), (31, 6), (25, 4), (35, 4)]","[(17, 6), (18, 5), (28, 1), (24, 1), (33, 4), (31, 6), (25, 4), (35, 4), (27, 4)]",51 items,30.0,20.0,20.0
52,"(17, 6)","(17, 5)",North,"[(17, 7), (17, 5)]","[(17, 6), (18, 5), (28, 1), (24, 1), (33, 4), (31, 6), (25, 4), (35, 4), (27, 4)]","[(18, 5), (17, 7), (28, 1), (24, 1), (33, 4), (31, 6), (25, 4), (35, 4), (27, 4)]",52 items,31.0,21.0,21.0
53,"(18, 5)","(17, 5)",East,"[(19, 5), (17, 5)]","[(18, 5), (17, 7), (28, 1), (24, 1), (33, 4), (31, 6), (25, 4), (35, 4), (27, 4)]","[(17, 7), (19, 5), (28, 1), (24, 1), (33, 4), (31, 6), (25, 4), (35, 4), (27, 4)]",53 items,31.0,21.0,21.0
54,"(17, 7)","(17, 6)",North,"[(17, 6), (16, 7)]","[(17, 7), (19, 5), (28, 1), (24, 1), (33, 4), (31, 6), (25, 4), (35, 4), (27, 4)]","[(16, 7), (19, 5), (28, 1), (24, 1), (33, 4), (31, 6), (25, 4), (35, 4), (27, 4)]",54 items,32.0,22.0,22.0
55,"(16, 7)","(17, 7)",West,"[(17, 7), (15, 7)]","[(16, 7), (19, 5), (28, 1), (24, 1), (33, 4), (31, 6), (25, 4), (35, 4), (27, 4)]","[(15, 7), (19, 5), (28, 1), (24, 1), (33, 4), (31, 6), (25, 4), (35, 4), (27, 4)]",55 items,33.0,21.0,21.0
56,"(15, 7)","(16, 7)",West,"[(15, 8), (16, 7), (14, 7)]","[(15, 7), (19, 5), (28, 1), (24, 1), (33, 4), (31, 6), (25, 4), (35, 4), (27, 4)]","[(14, 7), (15, 8), (28, 1), (24, 1), (19, 5), (31, 6), (25, 4), (35, 4), (27, 4), (33, 4)]",56 items,34.0,20.0,20.0
57,"(14, 7)","(15, 7)",West,"[(15, 7), (13, 7)]","[(14, 7), (15, 8), (28, 1), (24, 1), (19, 5), (31, 6), (25, 4), (35, 4), (27, 4), (33, 4)]","[(13, 7), (15, 8), (28, 1), (24, 1), (19, 5), (31, 6), (25, 4), (35, 4), (27, 4), (33, 4)]",57 items,35.0,19.0,19.0
58,"(13, 7)","(14, 7)",West,"[(14, 7)]","[(13, 7), (15, 8), (28, 1), (24, 1), (19, 5), (31, 6), (25, 4), (35, 4), (27, 4), (33, 4)]","[(15, 8), (19, 5), (28, 1), (24, 1), (33, 4), (31, 6), (25, 4), (35, 4), (27, 4)]",58 items,36.0,18.0,18.0
59,"(15, 8)","(15, 7)",North,"[(15, 9), (15, 7)]","[(15, 8), (19, 5), (28, 1), (24, 1), (33, 4), (31, 6), (25, 4), (35, 4), (27, 4)]","[(19, 5), (15, 9), (28, 1), (24, 1), (33, 4), (31, 6), (25, 4), (35, 4), (27, 4)]",59 items,35.0,21.0,21.0
60,"(19, 5)","(18, 5)",East,"[(18, 5)]","[(19, 5), (15, 9), (28, 1), (24, 1), (33, 4), (31, 6), (25, 4), (35, 4), (27, 4)]","[(15, 9), (24, 1), (28, 1), (27, 4), (33, 4), (31, 6), (25, 4), (35, 4)]",60 items,32.0,22.0,22.0
61,"(15, 9)","(15, 8)",North,"[(15, 10), (15, 8)]","[(15, 9), (24, 1), (28, 1), (27, 4), (33, 4), (31, 6), (25, 4), (35, 4)]","[(24, 1), (15, 10), (28, 1), (27, 4), (33, 4), (31, 6), (25, 4), (35, 4)]",61 items,36.0,22.0,22.0
62,"(24, 1)","(23, 1)",East,"[(25, 1), (23, 1)]","[(24, 1), (15, 10), (28, 1), (27, 4), (33, 4), (31, 6), (25, 4), (35, 4)]","[(15, 10), (25, 1), (28, 1), (27, 4), (33, 4), (31, 6), (25, 4), (35, 4)]",62 items,21.0,23.0,23.0
63,"(15, 10)","(15, 9)",North,"[(15, 11), (15, 9)]","[(15, 10), (25, 1), (28, 1), (27, 4), (33, 4), (31, 6), (25, 4), (35, 4)]","[(25, 1), (15, 11), (28, 1), (27, 4), (33, 4), (31, 6), (25, 4), (35, 4)]",63 items,37.0,23.0,23.0
64,"(25, 1)","(24, 1)",East,"[(24, 1)]","[(25, 1), (15, 11), (28, 1), (27, 4), (33, 4), (31, 6), (25, 4), (35, 4)]","[(15, 11), (27, 4), (28, 1), (35, 4), (33, 4), (31, 6), (25, 4)]",64 items,22.0,24.0,24.0
65,"(15, 11)","(15, 10)",North,"[(15, 12), (15, 10)]","[(15, 11), (27, 4), (28, 1), (35, 4), (33, 4), (31, 6), (25, 4)]","[(15, 12), (27, 4), (28, 1), (35, 4), (33, 4), (31, 6), (25, 4)]",65 items,38.0,24.0,24.0
66,"(15, 12)","(15, 11)",North,"[(15, 13), (15, 11)]","[(15, 12), (27, 4), (28, 1), (35, 4), (33, 4), (31, 6), (25, 4)]","[(15, 13), (27, 4), (28, 1), (35, 4), (33, 4), (31, 6), (25, 4)]",66 items,39.0,25.0,25.0
67,"(15, 13)","(15, 12)",North,"[(15, 12), (16, 13), (14, 13)]","[(15, 13), (27, 4), (28, 1), (35, 4), (33, 4), (31, 6), (25, 4)]","[(14, 13), (28, 1), (25, 4), (27, 4), (33, 4), (31, 6), (16, 13), (35, 4)]",67 items,40.0,26.0,26.0
68,"(14, 13)","(15, 13)",West,"[(15, 13)]","[(14, 13), (28, 1), (25, 4), (27, 4), (33, 4), (31, 6), (16, 13), (35, 4)]","[(28, 1), (27, 4), (25, 4), (35, 4), (33, 4), (31, 6), (16, 13)]",68 items,41.0,25.0,25.0
69,"(28, 1)","(27, 1)",East,"[(29, 1), (27, 1)]","[(28, 1), (27, 4), (25, 4), (35, 4), (33, 4), (31, 6), (16, 13)]","[(25, 4), (27, 4), (16, 13), (35, 4), (33, 4), (31, 6), (29, 1)]",69 items,17.0,27.0,27.0
70,"(25, 4)","(25, 3)",North,"[(25, 5), (25, 3)]","[(25, 4), (27, 4), (16, 13), (35, 4), (33, 4), (31, 6), (29, 1)]","[(16, 13), (27, 4), (29, 1), (35, 4), (33, 4), (31, 6), (25, 5)]",70 items,17.0,27.0,27.0
71,"(16, 13)","(15, 13)",East,"[(17, 13), (15, 13)]","[(16, 13), (27, 4), (29, 1), (35, 4), (33, 4), (31, 6), (25, 5)]","[(29, 1), (27, 4), (25, 5), (35, 4), (33, 4), (31, 6), (17, 13)]",71 items,41.0,27.0,27.0
72,"(29, 1)","(28, 1)",East,"[(28, 1)]","[(29, 1), (27, 4), (25, 5), (35, 4), (33, 4), (31, 6), (17, 13)]","[(25, 5), (27, 4), (17, 13), (35, 4), (33, 4), (31, 6)]",72 items,18.0,28.0,28.0
73,"(25, 5)","(25, 4)",North,"[(25, 6), (25, 4), (24, 5)]","[(25, 5), (27, 4), (17, 13), (35, 4), (33, 4), (31, 6)]","[(24, 5), (27, 4), (17, 13), (35, 4), (33, 4), (31, 6), (25, 6)]",73 items,18.0,28.0,28.0
74,"(24, 5)","(25, 5)",West,"[(25, 5), (23, 5)]","[(24, 5), (27, 4), (17, 13), (35, 4), (33, 4), (31, 6), (25, 6)]","[(23, 5), (27, 4), (17, 13), (35, 4), (33, 4), (31, 6), (25, 6)]",74 items,19.0,27.0,27.0
75,"(23, 5)","(24, 5)",West,"[(24, 5)]","[(23, 5), (27, 4), (17, 13), (35, 4), (33, 4), (31, 6), (25, 6)]","[(17, 13), (27, 4), (25, 6), (35, 4), (33, 4), (31, 6)]",75 items,20.0,26.0,26.0
76,"(17, 13)","(16, 13)",East,"[(17, 12), (18, 13), (16, 13)]","[(17, 13), (27, 4), (25, 6), (35, 4), (33, 4), (31, 6)]","[(17, 12), (33, 4), (27, 4), (35, 4), (31, 6), (25, 6), (18, 13)]",76 items,42.0,28.0,28.0
77,"(17, 12)","(17, 13)",South,"[(17, 13), (17, 11)]","[(17, 12), (33, 4), (27, 4), (35, 4), (31, 6), (25, 6), (18, 13)]","[(17, 11), (33, 4), (27, 4), (35, 4), (31, 6), (18, 13), (25, 6)]",77 items,43.0,27.0,27.0
78,"(17, 11)","(17, 12)",South,"[(17, 12), (17, 10)]","[(17, 11), (33, 4), (27, 4), (35, 4), (31, 6), (18, 13), (25, 6)]","[(17, 10), (33, 4), (27, 4), (35, 4), (31, 6), (18, 13), (25, 6)]",78 items,44.0,26.0,26.0
79,"(17, 10)","(17, 11)",South,"[(17, 11), (17, 9)]","[(17, 10), (33, 4), (27, 4), (35, 4), (31, 6), (18, 13), (25, 6)]","[(17, 9), (33, 4), (27, 4), (35, 4), (31, 6), (18, 13), (25, 6)]",79 items,45.0,25.0,25.0
80,"(17, 9)","(17, 10)",South,"[(17, 10), (18, 9)]","[(17, 9), (33, 4), (27, 4), (35, 4), (31, 6), (18, 13), (25, 6)]","[(18, 9), (33, 4), (27, 4), (35, 4), (31, 6), (18, 13), (25, 6)]",80 items,46.0,24.0,24.0
81,"(18, 9)","(17, 9)",East,"[(19, 9), (17, 9)]","[(18, 9), (33, 4), (27, 4), (35, 4), (31, 6), (18, 13), (25, 6)]","[(19, 9), (33, 4), (27, 4), (35, 4), (31, 6), (18, 13), (25, 6)]",81 items,47.0,25.0,25.0
82,"(19, 9)","(18, 9)",East,"[(19, 8), (18, 9)]","[(19, 9), (33, 4), (27, 4), (35, 4), (31, 6), (18, 13), (25, 6)]","[(19, 8), (33, 4), (27, 4), (35, 4), (31, 6), (18, 13), (25, 6)]",82 items,48.0,26.0,26.0
83,"(19, 8)","(19, 9)",South,"[(19, 9), (19, 7)]","[(19, 8), (33, 4), (27, 4), (35, 4), (31, 6), (18, 13), (25, 6)]","[(19, 7), (33, 4), (27, 4), (35, 4), (31, 6), (18, 13), (25, 6)]",83 items,49.0,25.0,25.0
84,"(19, 7)","(19, 8)",South,"[(19, 8)]","[(19, 7), (33, 4), (27, 4), (35, 4), (31, 6), (18, 13), (25, 6)]","[(27, 4), (33, 4), (25, 6), (35, 4), (31, 6), (18, 13)]",84 items,50.0,24.0,24.0
85,"(27, 4)","(27, 3)",North,"[(27, 5), (27, 3)]","[(27, 4), (33, 4), (25, 6), (35, 4), (31, 6), (18, 13)]","[(25, 6), (33, 4), (18, 13), (35, 4), (31, 6), (27, 5)]",85 items,15.0,29.0,29.0
86,"(25, 6)","(25, 5)",North,"[(25, 7), (25, 5)]","[(25, 6), (33, 4), (18, 13), (35, 4), (31, 6), (27, 5)]","[(18, 13), (33, 4), (27, 5), (35, 4), (31, 6), (25, 7)]",86 items,19.0,29.0,29.0
87,"(18, 13)","(17, 13)",East,"[(19, 13), (17, 13)]","[(18, 13), (33, 4), (27, 5), (35, 4), (31, 6), (25, 7)]","[(27, 5), (33, 4), (25, 7), (35, 4), (31, 6), (19, 13)]",87 items,43.0,29.0,29.0
88,"(27, 5)","(27, 4)",North,"[(27, 6), (27, 4)]","[(27, 5), (33, 4), (25, 7), (35, 4), (31, 6), (19, 13)]","[(25, 7), (33, 4), (19, 13), (35, 4), (31, 6), (27, 6)]",88 items,16.0,30.0,30.0
89,"(25, 7)","(25, 6)",North,"[(25, 6), (24, 7)]","[(25, 7), (33, 4), (19, 13), (35, 4), (31, 6), (27, 6)]","[(24, 7), (33, 4), (19, 13), (35, 4), (31, 6), (27, 6)]",89 items,20.0,30.0,30.0
90,"(24, 7)","(25, 7)",West,"[(25, 7), (23, 7)]","[(24, 7), (33, 4), (19, 13), (35, 4), (31, 6), (27, 6)]","[(23, 7), (33, 4), (19, 13), (35, 4), (31, 6), (27, 6)]",90 items,21.0,29.0,29.0
91,"(23, 7)","(24, 7)",West,"[(23, 8), (24, 7), (22, 7)]","[(23, 7), (33, 4), (19, 13), (35, 4), (31, 6), (27, 6)]","[(22, 7), (33, 4), (23, 8), (35, 4), (31, 6), (27, 6), (19, 13)]",91 items,22.0,28.0,28.0
92,"(22, 7)","(23, 7)",West,"[(23, 7), (21, 7)]","[(22, 7), (33, 4), (23, 8), (35, 4), (31, 6), (27, 6), (19, 13)]","[(21, 7), (33, 4), (23, 8), (35, 4), (31, 6), (27, 6), (19, 13)]",92 items,23.0,27.0,27.0
93,"(21, 7)","(22, 7)",West,"[(21, 8), (21, 6), (22, 7)]","[(21, 7), (33, 4), (23, 8), (35, 4), (31, 6), (27, 6), (19, 13)]","[(21, 6), (21, 8), (23, 8), (33, 4), (31, 6), (27, 6), (19, 13), (35, 4)]",93 items,24.0,26.0,26.0
94,"(21, 6)","(21, 7)",South,"[(21, 7), (21, 5)]","[(21, 6), (21, 8), (23, 8), (33, 4), (31, 6), (27, 6), (19, 13), (35, 4)]","[(21, 5), (21, 8), (23, 8), (33, 4), (31, 6), (27, 6), (19, 13), (35, 4)]",94 items,25.0,25.0,25.0
95,"(21, 5)","(21, 6)",South,"[(21, 6)]","[(21, 5), (21, 8), (23, 8), (33, 4), (31, 6), (27, 6), (19, 13), (35, 4)]","[(21, 8), (33, 4), (23, 8), (35, 4), (31, 6), (27, 6), (19, 13)]",95 items,26.0,24.0,24.0
96,"(21, 8)","(21, 7)",North,"[(21, 9), (21, 7)]","[(21, 8), (33, 4), (23, 8), (35, 4), (31, 6), (27, 6), (19, 13)]","[(21, 9), (33, 4), (23, 8), (35, 4), (31, 6), (27, 6), (19, 13)]",96 items,25.0,27.0,27.0
97,"(21, 9)","(21, 8)",North,"[(21, 8)]","[(21, 9), (33, 4), (23, 8), (35, 4), (31, 6), (27, 6), (19, 13)]","[(23, 8), (33, 4), (19, 13), (35, 4), (31, 6), (27, 6)]",97 items,26.0,28.0,28.0
98,"(23, 8)","(23, 7)",North,"[(23, 9), (23, 7)]","[(23, 8), (33, 4), (19, 13), (35, 4), (31, 6), (27, 6)]","[(19, 13), (33, 4), (23, 9), (35, 4), (31, 6), (27, 6)]",98 items,23.0,29.0,29.0
99,"(19, 13)","(18, 13)",East,"[(19, 12), (20, 13), (18, 13)]","[(19, 13), (33, 4), (23, 9), (35, 4), (31, 6), (27, 6)]","[(19, 12), (33, 4), (23, 9), (35, 4), (31, 6), (27, 6), (20, 13)]",99 items,44.0,30.0,30.0
100,"(19, 12)","(19, 13)",South,"[(19, 13), (19, 11)]","[(19, 12), (33, 4), (23, 9), (35, 4), (31, 6), (27, 6), (20, 13)]","[(19, 11), (33, 4), (23, 9), (35, 4), (31, 6), (20, 13), (27, 6)]",100 items,45.0,29.0,29.0
101,"(19, 11)","(19, 12)",South,"[(19, 12)]","[(19, 11), (33, 4), (23, 9), (35, 4), (31, 6), (20, 13), (27, 6)]","[(23, 9), (33, 4), (27, 6), (35, 4), (31, 6), (20, 13)]",101 items,46.0,28.0,28.0
102,"(23, 9)","(23, 8)",North,"[(23, 8), (24, 9)]","[(23, 9), (33, 4), (27, 6), (35, 4), (31, 6), (20, 13)]","[(27, 6), (33, 4), (20, 13), (35, 4), (31, 6), (24, 9)]",102 items,24.0,30.0,30.0
103,"(27, 6)","(27, 5)",North,"[(27, 7), (27, 5)]","[(27, 6), (33, 4), (20, 13), (35, 4), (31, 6), (24, 9)]","[(20, 13), (33, 4), (24, 9), (35, 4), (31, 6), (27, 7)]",103 items,17.0,31.0,31.0
104,"(20, 13)","(19, 13)",East,"[(21, 13), (19, 13)]","[(20, 13), (33, 4), (24, 9), (35, 4), (31, 6), (27, 7)]","[(24, 9), (33, 4), (27, 7), (35, 4), (31, 6), (21, 13)]",104 items,45.0,31.0,31.0
105,"(24, 9)","(23, 9)",East,"[(25, 9), (23, 9)]","[(24, 9), (33, 4), (27, 7), (35, 4), (31, 6), (21, 13)]","[(27, 7), (33, 4), (21, 13), (35, 4), (31, 6), (25, 9)]",105 items,25.0,31.0,31.0
106,"(27, 7)","(27, 6)",North,"[(27, 6), (28, 7)]","[(27, 7), (33, 4), (21, 13), (35, 4), (31, 6), (25, 9)]","[(21, 13), (33, 4), (25, 9), (35, 4), (31, 6), (28, 7)]",106 items,18.0,32.0,32.0
107,"(21, 13)","(20, 13)",East,"[(21, 14), (21, 12), (20, 13)]","[(21, 13), (33, 4), (25, 9), (35, 4), (31, 6), (28, 7)]","[(21, 12), (33, 4), (25, 9), (35, 4), (31, 6), (21, 14), (28, 7)]",107 items,46.0,32.0,32.0
108,"(21, 12)","(21, 13)",South,"[(21, 13), (21, 11)]","[(21, 12), (33, 4), (25, 9), (35, 4), (31, 6), (21, 14), (28, 7)]","[(21, 11), (33, 4), (25, 9), (35, 4), (31, 6), (21, 14), (28, 7)]",108 items,47.0,31.0,31.0
109,"(21, 11)","(21, 12)",South,"[(21, 12), (22, 11)]","[(21, 11), (33, 4), (25, 9), (35, 4), (31, 6), (21, 14), (28, 7)]","[(22, 11), (33, 4), (25, 9), (35, 4), (31, 6), (21, 14), (28, 7)]",109 items,48.0,30.0,30.0
110,"(22, 11)","(21, 11)",East,"[(23, 11), (21, 11)]","[(22, 11), (33, 4), (25, 9), (35, 4), (31, 6), (21, 14), (28, 7)]","[(25, 9), (33, 4), (23, 11), (35, 4), (31, 6), (21, 14), (28, 7)]",110 items,49.0,31.0,31.0
111,"(25, 9)","(24, 9)",East,"[(24, 9)]","[(25, 9), (33, 4), (23, 11), (35, 4), (31, 6), (21, 14), (28, 7)]","[(23, 11), (33, 4), (28, 7), (35, 4), (31, 6), (21, 14)]",111 items,26.0,32.0,32.0
112,"(23, 11)","(22, 11)",East,"[(23, 12), (24, 11), (22, 11)]","[(23, 11), (33, 4), (28, 7), (35, 4), (31, 6), (21, 14)]","[(28, 7), (33, 4), (21, 14), (35, 4), (31, 6), (23, 12), (24, 11)]",112 items,50.0,32.0,32.0
113,"(28, 7)","(27, 7)",East,"[(29, 7), (27, 7)]","[(28, 7), (33, 4), (21, 14), (35, 4), (31, 6), (23, 12), (24, 11)]","[(21, 14), (33, 4), (23, 12), (35, 4), (31, 6), (24, 11), (29, 7)]",113 items,19.0,33.0,33.0
114,"(21, 14)","(21, 13)",North,"[(21, 15), (21, 13)]","[(21, 14), (33, 4), (23, 12), (35, 4), (31, 6), (24, 11), (29, 7)]","[(23, 12), (33, 4), (24, 11), (35, 4), (31, 6), (29, 7), (21, 15)]",114 items,47.0,33.0,33.0
115,"(23, 12)","(23, 11)",North,"[(23, 13), (23, 11)]","[(23, 12), (33, 4), (24, 11), (35, 4), (31, 6), (29, 7), (21, 15)]","[(24, 11), (33, 4), (29, 7), (35, 4), (31, 6), (21, 15), (23, 13)]",115 items,51.0,33.0,33.0
116,"(24, 11)","(23, 11)",East,"[(25, 11), (23, 11)]","[(24, 11), (33, 4), (29, 7), (35, 4), (31, 6), (21, 15), (23, 13)]","[(29, 7), (33, 4), (21, 15), (35, 4), (31, 6), (23, 13), (25, 11)]",116 items,51.0,33.0,33.0
117,"(29, 7)","(28, 7)",East,"[(29, 8), (28, 7)]","[(29, 7), (33, 4), (21, 15), (35, 4), (31, 6), (23, 13), (25, 11)]","[(21, 15), (33, 4), (23, 13), (35, 4), (31, 6), (25, 11), (29, 8)]",117 items,20.0,34.0,34.0
118,"(21, 15)","(21, 14)",North,"[(21, 14), (22, 15)]","[(21, 15), (33, 4), (23, 13), (35, 4), (31, 6), (25, 11), (29, 8)]","[(23, 13), (33, 4), (25, 11), (35, 4), (31, 6), (29, 8), (22, 15)]",118 items,48.0,34.0,34.0
119,"(23, 13)","(23, 12)",North,"[(23, 12), (24, 13)]","[(23, 13), (33, 4), (25, 11), (35, 4), (31, 6), (29, 8), (22, 15)]","[(25, 11), (33, 4), (29, 8), (35, 4), (31, 6), (22, 15), (24, 13)]",119 items,52.0,34.0,34.0
120,"(25, 11)","(24, 11)",East,"[(26, 11), (24, 11)]","[(25, 11), (33, 4), (29, 8), (35, 4), (31, 6), (22, 15), (24, 13)]","[(33, 4), (31, 6), (29, 8), (35, 4), (24, 13), (22, 15), (26, 11)]",120 items,52.0,34.0,34.0
121,"(33, 4)","(33, 3)",North,"[(33, 5), (33, 3)]","[(33, 4), (31, 6), (29, 8), (35, 4), (24, 13), (22, 15), (26, 11)]","[(31, 6), (24, 13), (29, 8), (35, 4), (26, 11), (22, 15), (33, 5)]",121 items,5.0,35.0,35.0
122,"(31, 6)","(31, 5)",North,"[(31, 7), (31, 5)]","[(31, 6), (24, 13), (29, 8), (35, 4), (26, 11), (22, 15), (33, 5)]","[(29, 8), (24, 13), (22, 15), (35, 4), (26, 11), (33, 5), (31, 7)]",122 items,9.0,35.0,35.0
123,"(29, 8)","(29, 7)",North,"[(29, 9), (29, 7)]","[(29, 8), (24, 13), (22, 15), (35, 4), (26, 11), (33, 5), (31, 7)]","[(22, 15), (24, 13), (33, 5), (35, 4), (26, 11), (31, 7), (29, 9)]",123 items,21.0,35.0,35.0
124,"(22, 15)","(21, 15)",East,"[(23, 15), (21, 15)]","[(22, 15), (24, 13), (33, 5), (35, 4), (26, 11), (31, 7), (29, 9)]","[(24, 13), (26, 11), (33, 5), (35, 4), (29, 9), (31, 7), (23, 15)]",124 items,49.0,35.0,35.0
125,"(24, 13)","(23, 13)",East,"[(25, 13), (23, 13)]","[(24, 13), (26, 11), (33, 5), (35, 4), (29, 9), (31, 7), (23, 15)]","[(26, 11), (29, 9), (33, 5), (35, 4), (23, 15), (31, 7), (25, 13)]",125 items,53.0,35.0,35.0
126,"(26, 11)","(25, 11)",East,"[(27, 11), (25, 11)]","[(26, 11), (29, 9), (33, 5), (35, 4), (23, 15), (31, 7), (25, 13)]","[(33, 5), (29, 9), (31, 7), (35, 4), (23, 15), (25, 13), (27, 11)]",126 items,53.0,35.0,35.0
127,"(33, 5)","(33, 4)",North,"[(33, 6), (33, 4)]","[(33, 5), (29, 9), (31, 7), (35, 4), (23, 15), (25, 13), (27, 11)]","[(31, 7), (29, 9), (25, 13), (35, 4), (23, 15), (27, 11), (33, 6)]",127 items,6.0,36.0,36.0
128,"(31, 7)","(31, 6)",North,"[(31, 8), (31, 6)]","[(31, 7), (29, 9), (25, 13), (35, 4), (23, 15), (27, 11), (33, 6)]","[(29, 9), (23, 15), (25, 13), (35, 4), (33, 6), (27, 11), (31, 8)]",128 items,10.0,36.0,36.0
129,"(29, 9)","(29, 8)",North,"[(29, 8)]","[(29, 9), (23, 15), (25, 13), (35, 4), (33, 6), (27, 11), (31, 8)]","[(23, 15), (35, 4), (25, 13), (31, 8), (33, 6), (27, 11)]",129 items,22.0,36.0,36.0
130,"(23, 15)","(22, 15)",East,"[(24, 15), (22, 15)]","[(23, 15), (35, 4), (25, 13), (31, 8), (33, 6), (27, 11)]","[(25, 13), (35, 4), (27, 11), (31, 8), (33, 6), (24, 15)]",130 items,50.0,36.0,36.0
131,"(25, 13)","(24, 13)",East,"[(26, 13), (24, 13)]","[(25, 13), (35, 4), (27, 11), (31, 8), (33, 6), (24, 15)]","[(27, 11), (35, 4), (24, 15), (31, 8), (33, 6), (26, 13)]",131 items,54.0,36.0,36.0
132,"(27, 11)","(26, 11)",East,"[(27, 10), (26, 11)]","[(27, 11), (35, 4), (24, 15), (31, 8), (33, 6), (26, 13)]","[(27, 10), (33, 6), (35, 4), (31, 8), (26, 13), (24, 15)]",132 items,54.0,36.0,36.0
133,"(27, 10)","(27, 11)",South,"[(27, 11), (27, 9)]","[(27, 10), (33, 6), (35, 4), (31, 8), (26, 13), (24, 15)]","[(27, 9), (33, 6), (35, 4), (31, 8), (26, 13), (24, 15)]",133 items,55.0,35.0,35.0
134,"(27, 9)","(27, 10)",South,"[(27, 10)]","[(27, 9), (33, 6), (35, 4), (31, 8), (26, 13), (24, 15)]","[(35, 4), (33, 6), (24, 15), (31, 8), (26, 13)]",134 items,56.0,34.0,34.0
135,"(35, 4)","(35, 3)",North,"[(35, 5), (35, 3)]","[(35, 4), (33, 6), (24, 15), (31, 8), (26, 13)]","[(33, 6), (31, 8), (24, 15), (26, 13), (35, 5)]",135 items,3.0,37.0,37.0
136,"(33, 6)","(33, 5)",North,"[(33, 7), (33, 5)]","[(33, 6), (31, 8), (24, 15), (26, 13), (35, 5)]","[(31, 8), (26, 13), (24, 15), (35, 5), (33, 7)]",136 items,7.0,37.0,37.0
137,"(31, 8)","(31, 7)",North,"[(31, 9), (31, 7)]","[(31, 8), (26, 13), (24, 15), (35, 5), (33, 7)]","[(24, 15), (26, 13), (33, 7), (35, 5), (31, 9)]",137 items,11.0,37.0,37.0
138,"(24, 15)","(23, 15)",East,"[(25, 15), (23, 15)]","[(24, 15), (26, 13), (33, 7), (35, 5), (31, 9)]","[(26, 13), (35, 5), (33, 7), (31, 9), (25, 15)]",138 items,51.0,37.0,37.0
139,"(26, 13)","(25, 13)",East,"[(27, 13), (25, 13)]","[(26, 13), (35, 5), (33, 7), (31, 9), (25, 15)]","[(35, 5), (31, 9), (33, 7), (25, 15), (27, 13)]",139 items,55.0,37.0,37.0
140,"(35, 5)","(35, 4)",North,"[(35, 4)]","[(35, 5), (31, 9), (33, 7), (25, 15), (27, 13)]","[(33, 7), (31, 9), (27, 13), (25, 15)]",140 items,4.0,38.0,38.0
141,"(33, 7)","(33, 6)",North,"[(33, 6), (34, 7)]","[(33, 7), (31, 9), (27, 13), (25, 15)]","[(31, 9), (25, 15), (27, 13), (34, 7)]",141 items,8.0,38.0,38.0
142,"(31, 9)","(31, 8)",North,"[(31, 10), (31, 8), (32, 9)]","[(31, 9), (25, 15), (27, 13), (34, 7)]","[(25, 15), (34, 7), (27, 13), (31, 10), (32, 9)]",142 items,12.0,38.0,38.0
143,"(25, 15)","(24, 15)",East,"[(24, 15)]","[(25, 15), (34, 7), (27, 13), (31, 10), (32, 9)]","[(27, 13), (34, 7), (32, 9), (31, 10)]",143 items,52.0,38.0,38.0
144,"(27, 13)","(26, 13)",East,"[(27, 14), (26, 13)]","[(27, 13), (34, 7), (32, 9), (31, 10)]","[(34, 7), (31, 10), (32, 9), (27, 14)]",144 items,56.0,38.0,38.0
145,"(34, 7)","(33, 7)",East,"[(35, 7), (33, 7)]","[(34, 7), (31, 10), (32, 9), (27, 14)]","[(31, 10), (27, 14), (32, 9), (35, 7)]",145 items,9.0,39.0,39.0
146,"(31, 10)","(31, 9)",North,"[(31, 11), (31, 9)]","[(31, 10), (27, 14), (32, 9), (35, 7)]","[(32, 9), (27, 14), (35, 7), (31, 11)]",146 items,13.0,39.0,39.0
147,"(32, 9)","(31, 9)",East,"[(33, 9), (31, 9)]","[(32, 9), (27, 14), (35, 7), (31, 11)]","[(27, 14), (31, 11), (35, 7), (33, 9)]",147 items,13.0,39.0,39.0
148,"(27, 14)","(27, 13)",North,"[(27, 15), (27, 13)]","[(27, 14), (31, 11), (35, 7), (33, 9)]","[(35, 7), (31, 11), (33, 9), (27, 15)]",148 items,57.0,39.0,39.0
149,"(35, 7)","(34, 7)",East,"[(34, 7)]","[(35, 7), (31, 11), (33, 9), (27, 15)]","[(31, 11), (27, 15), (33, 9)]",149 items,10.0,40.0,40.0
150,"(31, 11)","(31, 10)",North,"[(31, 10), (30, 11)]","[(31, 11), (27, 15), (33, 9)]","[(30, 11), (27, 15), (33, 9)]",150 items,14.0,40.0,40.0
151,"(30, 11)","(31, 11)",West,"[(31, 11), (29, 11)]","[(30, 11), (27, 15), (33, 9)]","[(29, 11), (27, 15), (33, 9)]",151 items,15.0,39.0,39.0
152,"(29, 11)","(30, 11)",West,"[(30, 11)]","[(29, 11), (27, 15), (33, 9)]","[(33, 9), (27, 15)]",152 items,16.0,38.0,38.0
153,"(33, 9)","(32, 9)",East,"[(33, 10), (34, 9), (32, 9)]","[(33, 9), (27, 15)]","[(27, 15), (33, 10), (34, 9)]",153 items,14.0,40.0,40.0
154,"(27, 15)","(27, 14)",North,"[(27, 14), (28, 15)]","[(27, 15), (33, 10), (34, 9)]","[(33, 10), (34, 9), (28, 15)]",154 items,58.0,40.0,40.0
155,"(33, 10)","(33, 9)",North,"[(33, 11), (33, 9)]","[(33, 10), (34, 9), (28, 15)]","[(34, 9), (28, 15), (33, 11)]",155 items,15.0,41.0,41.0
156,"(34, 9)","(33, 9)",East,"[(35, 9), (33, 9)]","[(34, 9), (28, 15), (33, 11)]","[(28, 15), (33, 11), (35, 9)]",156 items,15.0,41.0,41.0
157,"(28, 15)","(27, 15)",East,"[(29, 15), (27, 15)]","[(28, 15), (33, 11), (35, 9)]","[(33, 11), (35, 9), (29, 15)]",157 items,59.0,41.0,41.0
158,"(33, 11)","(33, 10)",North,"[(33, 10)]","[(33, 11), (35, 9), (29, 15)]","[(35, 9), (29, 15)]",158 items,16.0,42.0,42.0
159,"(35, 9)","(34, 9)",East,"[(35, 10), (34, 9)]","[(35, 9), (29, 15)]","[(29, 15), (35, 10)]",159 items,16.0,42.0,42.0
160,"(29, 15)","(28, 15)",East,"[(29, 14), (28, 15)]","[(29, 15), (35, 10)]","[(29, 14), (35, 10)]",160 items,60.0,42.0,42.0
161,"(29, 14)","(29, 15)",South,"[(29, 15), (29, 13)]","[(29, 14), (35, 10)]","[(29, 13), (35, 10)]",161 items,61.0,41.0,41.0
162,"(29, 13)","(29, 14)",South,"[(29, 14), (30, 13)]","[(29, 13), (35, 10)]","[(30, 13), (35, 10)]",162 items,62.0,40.0,40.0
163,"(30, 13)","(29, 13)",East,"[(31, 13), (29, 13)]","[(30, 13), (35, 10)]","[(31, 13), (35, 10)]",163 items,63.0,41.0,41.0
164,"(31, 13)","(30, 13)",East,"[(31, 14), (32, 13), (30, 13)]","[(31, 13), (35, 10)]","[(35, 10), (31, 14), (32, 13)]",164 items,64.0,42.0,42.0
165,"(35, 10)","(35, 9)",North,"[(35, 11), (35, 9)]","[(35, 10), (31, 14), (32, 13)]","[(31, 14), (32, 13), (35, 11)]",165 items,17.0,43.0,43.0
166,"(31, 14)","(31, 13)",North,"[(31, 15), (31, 13)]","[(31, 14), (32, 13), (35, 11)]","[(32, 13), (35, 11), (31, 15)]",166 items,65.0,43.0,43.0
167,"(32, 13)","(31, 13)",East,"[(33, 13), (31, 13)]","[(32, 13), (35, 11), (31, 15)]","[(35, 11), (31, 15), (33, 13)]",167 items,65.0,43.0,43.0
168,"(35, 11)","(35, 10)",North,"[(35, 10)]","[(35, 11), (31, 15), (33, 13)]","[(31, 15), (33, 13)]",168 items,18.0,44.0,44.0
169,"(31, 15)","(31, 14)",North,"[(31, 16), (31, 14)]","[(31, 15), (33, 13)]","[(33, 13), (31, 16)]",169 items,66.0,44.0,44.0
170,"(33, 13)","(32, 13)",East,"[(34, 13), (32, 13)]","[(33, 13), (31, 16)]","[(31, 16), (34, 13)]",170 items,66.0,44.0,44.0
171,"(31, 16)","(31, 15)",North,"[(31, 17), (31, 15)]","[(31, 16), (34, 13)]","[(34, 13), (31, 17)]",171 items,67.0,45.0,45.0
172,"(34, 13)","(33, 13)",East,"[(35, 13), (33, 13)]","[(34, 13), (31, 17)]","[(31, 17), (35, 13)]",172 items,67.0,45.0,45.0
173,"(31, 17)","(31, 16)",North,"[(31, 18), (31, 16)]","[(31, 17), (35, 13)]","[(35, 13), (31, 18)]",173 items,68.0,46.0,46.0
174,"(35, 13)","(34, 13)",East,"[(35, 14), (34, 13)]","[(35, 13), (31, 18)]","[(31, 18), (35, 14)]",174 items,68.0,46.0,46.0
175,"(31, 18)","(31, 17)",North,"[(31, 19), (31, 17)]","[(31, 18), (35, 14)]","[(35, 14), (31, 19)]",175 items,69.0,47.0,47.0
176,"(35, 14)","(35, 13)",North,"[(35, 15), (35, 13)]","[(35, 14), (31, 19)]","[(31, 19), (35, 15)]",176 items,69.0,47.0,47.0
177,"(31, 19)","(31, 18)",North,"[(31, 20), (31, 18), (32, 19)]","[(31, 19), (35, 15)]","[(35, 15), (31, 20), (32, 19)]",177 items,70.0,48.0,48.0
178,"(35, 15)","(35, 14)",North,"[(35, 14), (34, 15)]","[(35, 15), (31, 20), (32, 19)]","[(34, 15), (32, 19), (31, 20)]",178 items,70.0,48.0,48.0
179,"(34, 15)","(35, 15)",West,"[(35, 15), (33, 15)]","[(34, 15), (32, 19), (31, 20)]","[(33, 15), (32, 19), (31, 20)]",179 items,71.0,47.0,47.0
180,"(33, 15)","(34, 15)",West,"[(33, 16), (34, 15)]","[(33, 15), (32, 19), (31, 20)]","[(33, 16), (32, 19), (31, 20)]",180 items,72.0,46.0,46.0
181,"(33, 16)","(33, 15)",North,"[(33, 17), (33, 15)]","[(33, 16), (32, 19), (31, 20)]","[(33, 17), (32, 19), (31, 20)]",181 items,73.0,47.0,47.0
182,"(33, 17)","(33, 16)",North,"[(33, 16), (34, 17)]","[(33, 17), (32, 19), (31, 20)]","[(31, 20), (32, 19), (34, 17)]",182 items,74.0,48.0,48.0
183,"(31, 20)","(31, 19)",North,"[(31, 21), (31, 19)]","[(31, 20), (32, 19), (34, 17)]","[(32, 19), (34, 17), (31, 21)]",183 items,71.0,49.0,49.0
184,"(32, 19)","(31, 19)",East,"[(33, 19), (31, 19)]","[(32, 19), (34, 17), (31, 21)]","[(34, 17), (31, 21), (33, 19)]",184 items,71.0,49.0,49.0
185,"(34, 17)","(33, 17)",East,"[(35, 17), (33, 17)]","[(34, 17), (31, 21), (33, 19)]","[(31, 21), (33, 19), (35, 17)]",185 items,75.0,49.0,49.0
186,"(31, 21)","(31, 20)",North,"[(31, 20)]","[(31, 21), (33, 19), (35, 17)]","[(33, 19), (35, 17)]",186 items,72.0,50.0,50.0
187,"(33, 19)","(32, 19)",East,"[(33, 20), (34, 19), (32, 19)]","[(33, 19), (35, 17)]","[(35, 17), (33, 20), (34, 19)]",187 items,72.0,50.0,50.0
188,"(35, 17)","(34, 17)",East,"[(34, 17)]","[(35, 17), (33, 20), (34, 19)]","[(33, 20), (34, 19)]",188 items,76.0,50.0,50.0
189,"(33, 20)","(33, 19)",North,"[(33, 21), (33, 19)]","[(33, 20), (34, 19)]","[(34, 19), (33, 21)]",189 items,73.0,51.0,51.0
190,"(34, 19)","(33, 19)",East,"[(35, 19), (33, 19)]","[(34, 19), (33, 21)]","[(33, 21), (35, 19)]",190 items,73.0,51.0,51.0
191,"(33, 21)","(33, 20)",North,"[(33, 20)]","[(33, 21), (35, 19)]","[(35, 19)]",191 items,74.0,52.0,52.0
192,"(35, 19)","(34, 19)",East,"[(35, 20), (34, 19)]","[(35, 19)]","[(35, 20)]",192 items,74.0,52.0,52.0
193,"(35, 20)","(35, 19)",North,"[(35, 21), (35, 19)]","[(35, 20)]","[(35, 21)]",193 items,75.0,53.0,53.0
194,"(35, 21)","(35, 20)",North,"[(35, 22), (35, 20)]","[(35, 21)]","[(35, 22)]",194 items,76.0,54.0,54.0
195,"(35, 22)","(35, 21)",North,"[(35, 23), (35, 21)]","[(35, 22)]","[(35, 23)]",195 items,77.0,55.0,55.0
196,"(35, 23)","(35, 22)",North,"[(35, 24), (35, 22), (34, 23)]","[(35, 23)]","[(34, 23), (35, 24)]",196 items,78.0,56.0,56.0
197,"(34, 23)","(35, 23)",West,"[(35, 23), (33, 23)]","[(34, 23), (35, 24)]","[(33, 23), (35, 24)]",197 items,79.0,55.0,55.0
198,"(33, 23)","(34, 23)",West,"[(34, 23)]","[(33, 23), (35, 24)]","[(35, 24)]",198 items,80.0,54.0,54.0
199,"(35, 24)","(35, 23)",North,"[(35, 25), (35, 23)]","[(35, 24)]","[(35, 25)]",199 items,79.0,57.0,57.0
200,"(35, 25)","(35, 24)",North,"[(35, 26), (35, 24)]","[(35, 25)]","[(35, 26)]",200 items,80.0,58.0,58.0
201,"(35, 26)","(35, 25)",North,"[(35, 27), (35, 25)]","[(35, 26)]","[(35, 27)]",201 items,81.0,59.0,59.0
202,"(35, 27)","(35, 26)",North,"[(35, 28), (35, 26)]","[(35, 27)]","[(35, 28)]",202 items,82.0,60.0,60.0
203,"(35, 28)","(35, 27)",North,"[(35, 29), (35, 27)]","[(35, 28)]","[(35, 29)]",203 items,83.0,61.0,61.0
204,"(35, 29)","(35, 28)",North,"[(35, 30), (35, 28), (34, 29)]","[(35, 29)]","[(34, 29), (35, 30)]",204 items,84.0,62.0,62.0
205,"(34, 29)","(35, 29)",West,"[(35, 29), (33, 29)]","[(34, 29), (35, 30)]","[(33, 29), (35, 30)]",205 items,85.0,61.0,61.0
206,"(33, 29)","(34, 29)",West,"[(33, 28), (34, 29)]","[(33, 29), (35, 30)]","[(33, 28), (35, 30)]",206 items,86.0,60.0,60.0
207,"(33, 28)","(33, 29)",South,"[(33, 29), (33, 27)]","[(33, 28), (35, 30)]","[(33, 27), (35, 30)]",207 items,87.0,59.0,59.0
208,"(33, 27)","(33, 28)",South,"[(33, 28), (33, 26), (32, 27)]","[(33, 27), (35, 30)]","[(33, 26), (35, 30), (32, 27)]",208 items,88.0,58.0,58.0
209,"(33, 26)","(33, 27)",South,"[(33, 27), (33, 25)]","[(33, 26), (35, 30), (32, 27)]","[(33, 25), (35, 30), (32, 27)]",209 items,89.0,57.0,57.0
210,"(33, 25)","(33, 26)",South,"[(33, 26)]","[(33, 25), (35, 30), (32, 27)]","[(32, 27), (35, 30)]",210 items,90.0,56.0,56.0
211,"(32, 27)","(33, 27)",West,"[(33, 27), (31, 27)]","[(32, 27), (35, 30)]","[(31, 27), (35, 30)]",211 items,89.0,57.0,57.0
212,"(31, 27)","(32, 27)",West,"[(31, 28), (32, 27), (30, 27)]","[(31, 27), (35, 30)]","[(30, 27), (35, 30), (31, 28)]",212 items,90.0,56.0,56.0
213,"(30, 27)","(31, 27)",West,"[(31, 27), (29, 27)]","[(30, 27), (35, 30), (31, 28)]","[(29, 27), (35, 30), (31, 28)]",213 items,91.0,55.0,55.0
214,"(29, 27)","(30, 27)",West,"[(29, 28), (29, 26), (30, 27)]","[(29, 27), (35, 30), (31, 28)]","[(29, 26), (29, 28), (31, 28), (35, 30)]",214 items,92.0,54.0,54.0
215,"(29, 26)","(29, 27)",South,"[(29, 27), (29, 25)]","[(29, 26), (29, 28), (31, 28), (35, 30)]","[(29, 25), (29, 28), (31, 28), (35, 30)]",215 items,93.0,53.0,53.0
216,"(29, 25)","(29, 26)",South,"[(29, 26), (29, 24)]","[(29, 25), (29, 28), (31, 28), (35, 30)]","[(29, 24), (29, 28), (31, 28), (35, 30)]",216 items,94.0,52.0,52.0
217,"(29, 24)","(29, 25)",South,"[(29, 25), (29, 23)]","[(29, 24), (29, 28), (31, 28), (35, 30)]","[(29, 23), (29, 28), (31, 28), (35, 30)]",217 items,95.0,51.0,51.0
218,"(29, 23)","(29, 24)",South,"[(29, 24), (29, 22), (30, 23)]","[(29, 23), (29, 28), (31, 28), (35, 30)]","[(29, 22), (30, 23), (31, 28), (35, 30), (29, 28)]",218 items,96.0,50.0,50.0
219,"(29, 22)","(29, 23)",South,"[(29, 23), (29, 21)]","[(29, 22), (30, 23), (31, 28), (35, 30), (29, 28)]","[(29, 21), (30, 23), (31, 28), (35, 30), (29, 28)]",219 items,97.0,49.0,49.0
220,"(29, 21)","(29, 22)",South,"[(29, 22), (29, 20), (28, 21)]","[(29, 21), (30, 23), (31, 28), (35, 30), (29, 28)]","[(29, 20), (30, 23), (28, 21), (35, 30), (29, 28), (31, 28)]",220 items,98.0,48.0,48.0
221,"(29, 20)","(29, 21)",South,"[(29, 21), (29, 19)]","[(29, 20), (30, 23), (28, 21), (35, 30), (29, 28), (31, 28)]","[(29, 19), (30, 23), (28, 21), (35, 30), (29, 28), (31, 28)]",221 items,99.0,47.0,47.0
222,"(29, 19)","(29, 20)",South,"[(29, 20)]","[(29, 19), (30, 23), (28, 21), (35, 30), (29, 28), (31, 28)]","[(28, 21), (30, 23), (31, 28), (35, 30), (29, 28)]",222 items,100.0,46.0,46.0
223,"(28, 21)","(29, 21)",West,"[(29, 21), (27, 21)]","[(28, 21), (30, 23), (31, 28), (35, 30), (29, 28)]","[(27, 21), (30, 23), (31, 28), (35, 30), (29, 28)]",223 items,99.0,47.0,47.0
224,"(27, 21)","(28, 21)",West,"[(27, 20), (28, 21)]","[(27, 21), (30, 23), (31, 28), (35, 30), (29, 28)]","[(27, 20), (30, 23), (31, 28), (35, 30), (29, 28)]",224 items,100.0,46.0,46.0
225,"(27, 20)","(27, 21)",South,"[(27, 21), (27, 19)]","[(27, 20), (30, 23), (31, 28), (35, 30), (29, 28)]","[(27, 19), (30, 23), (31, 28), (35, 30), (29, 28)]",225 items,101.0,45.0,45.0
226,"(27, 19)","(27, 20)",South,"[(27, 20), (27, 18)]","[(27, 19), (30, 23), (31, 28), (35, 30), (29, 28)]","[(27, 18), (30, 23), (31, 28), (35, 30), (29, 28)]",226 items,102.0,44.0,44.0
227,"(27, 18)","(27, 19)",South,"[(27, 19), (27, 17)]","[(27, 18), (30, 23), (31, 28), (35, 30), (29, 28)]","[(27, 17), (30, 23), (31, 28), (35, 30), (29, 28)]",227 items,103.0,43.0,43.0
228,"(27, 17)","(27, 18)",South,"[(27, 18), (28, 17), (26, 17)]","[(27, 17), (30, 23), (31, 28), (35, 30), (29, 28)]","[(26, 17), (30, 23), (28, 17), (35, 30), (29, 28), (31, 28)]",228 items,104.0,42.0,42.0
229,"(26, 17)","(27, 17)",West,"[(27, 17), (25, 17)]","[(26, 17), (30, 23), (28, 17), (35, 30), (29, 28), (31, 28)]","[(25, 17), (30, 23), (28, 17), (35, 30), (29, 28), (31, 28)]",229 items,105.0,41.0,41.0
230,"(25, 17)","(26, 17)",West,"[(25, 18), (26, 17)]","[(25, 17), (30, 23), (28, 17), (35, 30), (29, 28), (31, 28)]","[(25, 18), (30, 23), (28, 17), (35, 30), (29, 28), (31, 28)]",230 items,106.0,40.0,40.0
231,"(25, 18)","(25, 17)",North,"[(25, 19), (25, 17)]","[(25, 18), (30, 23), (28, 17), (35, 30), (29, 28), (31, 28)]","[(25, 19), (30, 23), (28, 17), (35, 30), (29, 28), (31, 28)]",231 items,107.0,41.0,41.0
232,"(25, 19)","(25, 18)",North,"[(25, 20), (25, 18), (24, 19)]","[(25, 19), (30, 23), (28, 17), (35, 30), (29, 28), (31, 28)]","[(24, 19), (30, 23), (28, 17), (35, 30), (29, 28), (31, 28), (25, 20)]",232 items,108.0,42.0,42.0
233,"(24, 19)","(25, 19)",West,"[(25, 19), (23, 19)]","[(24, 19), (30, 23), (28, 17), (35, 30), (29, 28), (31, 28), (25, 20)]","[(23, 19), (30, 23), (28, 17), (35, 30), (29, 28), (31, 28), (25, 20)]",233 items,109.0,41.0,41.0
234,"(23, 19)","(24, 19)",West,"[(24, 19), (22, 19)]","[(23, 19), (30, 23), (28, 17), (35, 30), (29, 28), (31, 28), (25, 20)]","[(22, 19), (30, 23), (28, 17), (35, 30), (29, 28), (31, 28), (25, 20)]",234 items,110.0,40.0,40.0
235,"(22, 19)","(23, 19)",West,"[(23, 19), (21, 19)]","[(22, 19), (30, 23), (28, 17), (35, 30), (29, 28), (31, 28), (25, 20)]","[(21, 19), (30, 23), (28, 17), (35, 30), (29, 28), (31, 28), (25, 20)]",235 items,111.0,39.0,39.0
236,"(21, 19)","(22, 19)",West,"[(21, 20), (21, 18), (22, 19), (20, 19)]","[(21, 19), (30, 23), (28, 17), (35, 30), (29, 28), (31, 28), (25, 20)]","[(21, 18), (20, 19), (28, 17), (21, 20), (29, 28), (31, 28), (25, 20), (35, 30), (30, 23)]",236 items,112.0,38.0,38.0
237,"(21, 18)","(21, 19)",South,"[(21, 19), (21, 17)]","[(21, 18), (20, 19), (28, 17), (21, 20), (29, 28), (31, 28), (25, 20), (35, 30), (30, 23)]","[(21, 17), (20, 19), (28, 17), (21, 20), (29, 28), (31, 28), (25, 20), (35, 30), (30, 23)]",237 items,113.0,37.0,37.0
238,"(21, 17)","(21, 18)",South,"[(21, 18), (22, 17)]","[(21, 17), (20, 19), (28, 17), (21, 20), (29, 28), (31, 28), (25, 20), (35, 30), (30, 23)]","[(20, 19), (22, 17), (28, 17), (21, 20), (29, 28), (31, 28), (25, 20), (35, 30), (30, 23)]",238 items,114.0,36.0,36.0
239,"(20, 19)","(21, 19)",West,"[(21, 19), (19, 19)]","[(20, 19), (22, 17), (28, 17), (21, 20), (29, 28), (31, 28), (25, 20), (35, 30), (30, 23)]","[(19, 19), (22, 17), (28, 17), (21, 20), (29, 28), (31, 28), (25, 20), (35, 30), (30, 23)]",239 items,113.0,37.0,37.0
240,"(19, 19)","(20, 19)",West,"[(20, 19), (18, 19)]","[(19, 19), (22, 17), (28, 17), (21, 20), (29, 28), (31, 28), (25, 20), (35, 30), (30, 23)]","[(18, 19), (22, 17), (28, 17), (21, 20), (29, 28), (31, 28), (25, 20), (35, 30), (30, 23)]",240 items,114.0,36.0,36.0
241,"(18, 19)","(19, 19)",West,"[(19, 19), (17, 19)]","[(18, 19), (22, 17), (28, 17), (21, 20), (29, 28), (31, 28), (25, 20), (35, 30), (30, 23)]","[(17, 19), (22, 17), (28, 17), (21, 20), (29, 28), (31, 28), (25, 20), (35, 30), (30, 23)]",241 items,115.0,35.0,35.0
242,"(17, 19)","(18, 19)",West,"[(17, 20), (18, 19), (16, 19)]","[(17, 19), (22, 17), (28, 17), (21, 20), (29, 28), (31, 28), (25, 20), (35, 30), (30, 23)]","[(16, 19), (17, 20), (28, 17), (21, 20), (22, 17), (31, 28), (25, 20), (35, 30), (30, 23), (29, 28)]",242 items,116.0,34.0,34.0
243,"(16, 19)","(17, 19)",West,"[(17, 19), (15, 19)]","[(16, 19), (17, 20), (28, 17), (21, 20), (22, 17), (31, 28), (25, 20), (35, 30), (30, 23), (29, 28)]","[(15, 19), (17, 20), (28, 17), (21, 20), (22, 17), (31, 28), (25, 20), (35, 30), (30, 23), (29, 28)]",243 items,117.0,33.0,33.0
244,"(15, 19)","(16, 19)",West,"[(15, 18), (16, 19), (14, 19)]","[(15, 19), (17, 20), (28, 17), (21, 20), (22, 17), (31, 28), (25, 20), (35, 30), (30, 23), (29, 28)]","[(15, 18), (14, 19), (28, 17), (21, 20), (17, 20), (31, 28), (25, 20), (35, 30), (30, 23), (29, 28), (22, 17)]",244 items,118.0,32.0,32.0
245,"(15, 18)","(15, 19)",South,"[(15, 19), (15, 17)]","[(15, 18), (14, 19), (28, 17), (21, 20), (17, 20), (31, 28), (25, 20), (35, 30), (30, 23), (29, 28), (22, 17)]","[(15, 17), (14, 19), (28, 17), (21, 20), (17, 20), (31, 28), (25, 20), (35, 30), (30, 23), (29, 28), (22, 17)]",245 items,119.0,31.0,31.0
246,"(15, 17)","(15, 18)",South,"[(15, 18), (16, 17)]","[(15, 17), (14, 19), (28, 17), (21, 20), (17, 20), (31, 28), (25, 20), (35, 30), (30, 23), (29, 28), (22, 17)]","[(14, 19), (16, 17), (28, 17), (21, 20), (17, 20), (31, 28), (25, 20), (35, 30), (30, 23), (29, 28), (22, 17)]",246 items,120.0,30.0,30.0
247,"(14, 19)","(15, 19)",West,"[(15, 19), (13, 19)]","[(14, 19), (16, 17), (28, 17), (21, 20), (17, 20), (31, 28), (25, 20), (35, 30), (30, 23), (29, 28), (22, 17)]","[(13, 19), (16, 17), (28, 17), (21, 20), (17, 20), (31, 28), (25, 20), (35, 30), (30, 23), (29, 28), (22, 17)]",247 items,119.0,31.0,31.0
248,"(13, 19)","(14, 19)",West,"[(13, 20), (13, 18), (14, 19), (12, 19)]","[(13, 19), (16, 17), (28, 17), (21, 20), (17, 20), (31, 28), (25, 20), (35, 30), (30, 23), (29, 28), (22, 17)]","[(13, 18), (13, 20), (12, 19), (21, 20), (17, 20), (16, 17), (25, 20), (35, 30), (30, 23), (29, 28), (22, 17), (31, 28), (28, 17)]",248 items,120.0,30.0,30.0
249,"(13, 18)","(13, 19)",South,"[(13, 19), (13, 17)]","[(13, 18), (13, 20), (12, 19), (21, 20), (17, 20), (16, 17), (25, 20), (35, 30), (30, 23), (29, 28), (22, 17), (31, 28), (28, 17)]","[(13, 17), (13, 20), (12, 19), (21, 20), (17, 20), (16, 17), (25, 20), (35, 30), (30, 23), (29, 28), (22, 17), (31, 28), (28, 17)]",249 items,121.0,29.0,29.0
250,"(13, 17)","(13, 18)",South,"[(13, 18)]","[(13, 17), (13, 20), (12, 19), (21, 20), (17, 20), (16, 17), (25, 20), (35, 30), (30, 23), (29, 28), (22, 17), (31, 28), (28, 17)]","[(12, 19), (13, 20), (16, 17), (21, 20), (17, 20), (28, 17), (25, 20), (35, 30), (30, 23), (29, 28), (22, 17), (31, 28)]",250 items,122.0,28.0,28.0
251,"(12, 19)","(13, 19)",West,"[(13, 19), (11, 19)]","[(12, 19), (13, 20), (16, 17), (21, 20), (17, 20), (28, 17), (25, 20), (35, 30), (30, 23), (29, 28), (22, 17), (31, 28)]","[(11, 19), (13, 20), (16, 17), (21, 20), (17, 20), (28, 17), (25, 20), (35, 30), (30, 23), (29, 28), (22, 17), (31, 28)]",251 items,121.0,29.0,29.0
252,"(11, 19)","(12, 19)",West,"[(11, 18), (12, 19), (10, 19)]","[(11, 19), (13, 20), (16, 17), (21, 20), (17, 20), (28, 17), (25, 20), (35, 30), (30, 23), (29, 28), (22, 17), (31, 28)]","[(11, 18), (13, 20), (10, 19), (21, 20), (17, 20), (16, 17), (25, 20), (35, 30), (30, 23), (29, 28), (22, 17), (31, 28), (28, 17)]",252 items,122.0,28.0,28.0
253,"(11, 18)","(11, 19)",South,"[(11, 19), (11, 17)]","[(11, 18), (13, 20), (10, 19), (21, 20), (17, 20), (16, 17), (25, 20), (35, 30), (30, 23), (29, 28), (22, 17), (31, 28), (28, 17)]","[(11, 17), (13, 20), (10, 19), (21, 20), (17, 20), (16, 17), (25, 20), (35, 30), (30, 23), (29, 28), (22, 17), (31, 28), (28, 17)]",253 items,123.0,27.0,27.0
254,"(11, 17)","(11, 18)",South,"[(11, 18)]","[(11, 17), (13, 20), (10, 19), (21, 20), (17, 20), (16, 17), (25, 20), (35, 30), (30, 23), (29, 28), (22, 17), (31, 28), (28, 17)]","[(10, 19), (13, 20), (16, 17), (21, 20), (17, 20), (28, 17), (25, 20), (35, 30), (30, 23), (29, 28), (22, 17), (31, 28)]",254 items,124.0,26.0,26.0
255,"(10, 19)","(11, 19)",West,"[(11, 19), (9, 19)]","[(10, 19), (13, 20), (16, 17), (21, 20), (17, 20), (28, 17), (25, 20), (35, 30), (30, 23), (29, 28), (22, 17), (31, 28)]","[(9, 19), (13, 20), (16, 17), (21, 20), (17, 20), (28, 17), (25, 20), (35, 30), (30, 23), (29, 28), (22, 17), (31, 28)]",255 items,123.0,27.0,27.0
256,"(9, 19)","(10, 19)",West,"[(9, 20), (10, 19)]","[(9, 19), (13, 20), (16, 17), (21, 20), (17, 20), (28, 17), (25, 20), (35, 30), (30, 23), (29, 28), (22, 17), (31, 28)]","[(9, 20), (13, 20), (16, 17), (21, 20), (17, 20), (28, 17), (25, 20), (35, 30), (30, 23), (29, 28), (22, 17), (31, 28)]",256 items,124.0,26.0,26.0
257,"(9, 20)","(9, 19)",North,"[(9, 21), (9, 19)]","[(9, 20), (13, 20), (16, 17), (21, 20), (17, 20), (28, 17), (25, 20), (35, 30), (30, 23), (29, 28), (22, 17), (31, 28)]","[(9, 21), (13, 20), (16, 17), (21, 20), (17, 20), (28, 17), (25, 20), (35, 30), (30, 23), (29, 28), (22, 17), (31, 28)]",257 items,125.0,27.0,27.0
258,"(9, 21)","(9, 20)",North,"[(9, 22), (9, 20)]","[(9, 21), (13, 20), (16, 17), (21, 20), (17, 20), (28, 17), (25, 20), (35, 30), (30, 23), (29, 28), (22, 17), (31, 28)]","[(9, 22), (13, 20), (16, 17), (21, 20), (17, 20), (28, 17), (25, 20), (35, 30), (30, 23), (29, 28), (22, 17), (31, 28)]",258 items,126.0,28.0,28.0
259,"(9, 22)","(9, 21)",North,"[(9, 23), (9, 21)]","[(9, 22), (13, 20), (16, 17), (21, 20), (17, 20), (28, 17), (25, 20), (35, 30), (30, 23), (29, 28), (22, 17), (31, 28)]","[(9, 23), (13, 20), (16, 17), (21, 20), (17, 20), (28, 17), (25, 20), (35, 30), (30, 23), (29, 28), (22, 17), (31, 28)]",259 items,127.0,29.0,29.0
260,"(9, 23)","(9, 22)",North,"[(9, 22), (10, 23), (8, 23)]","[(9, 23), (13, 20), (16, 17), (21, 20), (17, 20), (28, 17), (25, 20), (35, 30), (30, 23), (29, 28), (22, 17), (31, 28)]","[(8, 23), (13, 20), (16, 17), (21, 20), (17, 20), (10, 23), (25, 20), (35, 30), (30, 23), (29, 28), (22, 17), (31, 28), (28, 17)]",260 items,128.0,30.0,30.0
261,"(8, 23)","(9, 23)",West,"[(9, 23), (7, 23)]","[(8, 23), (13, 20), (16, 17), (21, 20), (17, 20), (10, 23), (25, 20), (35, 30), (30, 23), (29, 28), (22, 17), (31, 28), (28, 17)]","[(7, 23), (13, 20), (16, 17), (21, 20), (17, 20), (10, 23), (25, 20), (35, 30), (30, 23), (29, 28), (22, 17), (31, 28), (28, 17)]",261 items,129.0,29.0,29.0
262,"(7, 23)","(8, 23)",West,"[(7, 22), (8, 23)]","[(7, 23), (13, 20), (16, 17), (21, 20), (17, 20), (10, 23), (25, 20), (35, 30), (30, 23), (29, 28), (22, 17), (31, 28), (28, 17)]","[(7, 22), (13, 20), (16, 17), (21, 20), (17, 20), (10, 23), (25, 20), (35, 30), (30, 23), (29, 28), (22, 17), (31, 28), (28, 17)]",262 items,130.0,28.0,28.0
263,"(7, 22)","(7, 23)",South,"[(7, 23), (7, 21)]","[(7, 22), (13, 20), (16, 17), (21, 20), (17, 20), (10, 23), (25, 20), (35, 30), (30, 23), (29, 28), (22, 17), (31, 28), (28, 17)]","[(7, 21), (13, 20), (16, 17), (21, 20), (17, 20), (10, 23), (25, 20), (35, 30), (30, 23), (29, 28), (22, 17), (31, 28), (28, 17)]",263 items,131.0,27.0,27.0
264,"(7, 21)","(7, 22)",South,"[(7, 22), (7, 20)]","[(7, 21), (13, 20), (16, 17), (21, 20), (17, 20), (10, 23), (25, 20), (35, 30), (30, 23), (29, 28), (22, 17), (31, 28), (28, 17)]","[(7, 20), (13, 20), (16, 17), (21, 20), (17, 20), (10, 23), (25, 20), (35, 30), (30, 23), (29, 28), (22, 17), (31, 28), (28, 17)]",264 items,132.0,26.0,26.0
265,"(7, 20)","(7, 21)",South,"[(7, 21), (7, 19)]","[(7, 20), (13, 20), (16, 17), (21, 20), (17, 20), (10, 23), (25, 20), (35, 30), (30, 23), (29, 28), (22, 17), (31, 28), (28, 17)]","[(7, 19), (13, 20), (16, 17), (21, 20), (17, 20), (10, 23), (25, 20), (35, 30), (30, 23), (29, 28), (22, 17), (31, 28), (28, 17)]",265 items,133.0,25.0,25.0
266,"(7, 19)","(7, 20)",South,"[(7, 20)]","[(7, 19), (13, 20), (16, 17), (21, 20), (17, 20), (10, 23), (25, 20), (35, 30), (30, 23), (29, 28), (22, 17), (31, 28), (28, 17)]","[(16, 17), (13, 20), (10, 23), (21, 20), (17, 20), (28, 17), (25, 20), (35, 30), (30, 23), (29, 28), (22, 17), (31, 28)]",266 items,134.0,24.0,24.0
267,"(16, 17)","(15, 17)",East,"[(17, 17), (15, 17)]","[(16, 17), (13, 20), (10, 23), (21, 20), (17, 20), (28, 17), (25, 20), (35, 30), (30, 23), (29, 28), (22, 17), (31, 28)]","[(13, 20), (17, 20), (10, 23), (21, 20), (22, 17), (17, 17), (25, 20), (35, 30), (30, 23), (29, 28), (31, 28), (28, 17)]",267 items,121.0,31.0,31.0
268,"(13, 20)","(13, 19)",North,"[(13, 21), (13, 19)]","[(13, 20), (17, 20), (10, 23), (21, 20), (22, 17), (17, 17), (25, 20), (35, 30), (30, 23), (29, 28), (31, 28), (28, 17)]","[(10, 23), (17, 20), (17, 17), (21, 20), (22, 17), (13, 21), (25, 20), (35, 30), (30, 23), (29, 28), (31, 28), (28, 17)]",268 items,121.0,31.0,31.0
269,"(10, 23)","(9, 23)",East,"[(11, 23), (9, 23)]","[(10, 23), (17, 20), (17, 17), (21, 20), (22, 17), (13, 21), (25, 20), (35, 30), (30, 23), (29, 28), (31, 28), (28, 17)]","[(17, 17), (17, 20), (13, 21), (21, 20), (22, 17), (11, 23), (25, 20), (35, 30), (30, 23), (29, 28), (31, 28), (28, 17)]",269 items,129.0,31.0,31.0
270,"(17, 17)","(16, 17)",East,"[(18, 17), (16, 17)]","[(17, 17), (17, 20), (13, 21), (21, 20), (22, 17), (11, 23), (25, 20), (35, 30), (30, 23), (29, 28), (31, 28), (28, 17)]","[(13, 21), (17, 20), (11, 23), (21, 20), (22, 17), (18, 17), (25, 20), (35, 30), (30, 23), (29, 28), (31, 28), (28, 17)]",270 items,122.0,32.0,32.0
271,"(13, 21)","(13, 20)",North,"[(13, 20), (14, 21), (12, 21)]","[(13, 21), (17, 20), (11, 23), (21, 20), (22, 17), (18, 17), (25, 20), (35, 30), (30, 23), (29, 28), (31, 28), (28, 17)]","[(12, 21), (17, 20), (11, 23), (21, 20), (22, 17), (18, 17), (25, 20), (35, 30), (30, 23), (29, 28), (31, 28), (28, 17), (14, 21)]",271 items,122.0,32.0,32.0
272,"(12, 21)","(13, 21)",West,"[(13, 21), (11, 21)]","[(12, 21), (17, 20), (11, 23), (21, 20), (22, 17), (18, 17), (25, 20), (35, 30), (30, 23), (29, 28), (31, 28), (28, 17), (14, 21)]","[(11, 21), (17, 20), (11, 23), (21, 20), (22, 17), (18, 17), (25, 20), (35, 30), (30, 23), (29, 28), (31, 28), (28, 17), (14, 21)]",272 items,123.0,31.0,31.0
273,"(11, 21)","(12, 21)",West,"[(12, 21)]","[(11, 21), (17, 20), (11, 23), (21, 20), (22, 17), (18, 17), (25, 20), (35, 30), (30, 23), (29, 28), (31, 28), (28, 17), (14, 21)]","[(11, 23), (17, 20), (18, 17), (21, 20), (22, 17), (14, 21), (25, 20), (35, 30), (30, 23), (29, 28), (31, 28), (28, 17)]",273 items,124.0,30.0,30.0
274,"(11, 23)","(10, 23)",East,"[(10, 23)]","[(11, 23), (17, 20), (18, 17), (21, 20), (22, 17), (14, 21), (25, 20), (35, 30), (30, 23), (29, 28), (31, 28), (28, 17)]","[(18, 17), (17, 20), (14, 21), (21, 20), (22, 17), (28, 17), (25, 20), (35, 30), (30, 23), (29, 28), (31, 28)]",274 items,130.0,32.0,32.0
275,"(18, 17)","(17, 17)",East,"[(19, 17), (17, 17)]","[(18, 17), (17, 20), (14, 21), (21, 20), (22, 17), (28, 17), (25, 20), (35, 30), (30, 23), (29, 28), (31, 28)]","[(14, 21), (19, 17), (28, 17), (21, 20), (17, 20), (31, 28), (25, 20), (35, 30), (30, 23), (29, 28), (22, 17)]",275 items,123.0,33.0,33.0
276,"(14, 21)","(13, 21)",East,"[(15, 21), (13, 21)]","[(14, 21), (19, 17), (28, 17), (21, 20), (17, 20), (31, 28), (25, 20), (35, 30), (30, 23), (29, 28), (22, 17)]","[(19, 17), (15, 21), (28, 17), (21, 20), (17, 20), (31, 28), (25, 20), (35, 30), (30, 23), (29, 28), (22, 17)]",276 items,123.0,33.0,33.0
277,"(19, 17)","(18, 17)",East,"[(19, 16), (18, 17)]","[(19, 17), (15, 21), (28, 17), (21, 20), (17, 20), (31, 28), (25, 20), (35, 30), (30, 23), (29, 28), (22, 17)]","[(19, 16), (15, 21), (28, 17), (21, 20), (17, 20), (31, 28), (25, 20), (35, 30), (30, 23), (29, 28), (22, 17)]",277 items,124.0,34.0,34.0
278,"(19, 16)","(19, 17)",South,"[(19, 17), (19, 15)]","[(19, 16), (15, 21), (28, 17), (21, 20), (17, 20), (31, 28), (25, 20), (35, 30), (30, 23), (29, 28), (22, 17)]","[(19, 15), (15, 21), (28, 17), (21, 20), (17, 20), (31, 28), (25, 20), (35, 30), (30, 23), (29, 28), (22, 17)]",278 items,125.0,33.0,33.0
279,"(19, 15)","(19, 16)",South,"[(19, 16)]","[(19, 15), (15, 21), (28, 17), (21, 20), (17, 20), (31, 28), (25, 20), (35, 30), (30, 23), (29, 28), (22, 17)]","[(15, 21), (17, 20), (28, 17), (21, 20), (22, 17), (31, 28), (25, 20), (35, 30), (30, 23), (29, 28)]",279 items,126.0,32.0,32.0
280,"(15, 21)","(14, 21)",East,"[(15, 22), (14, 21)]","[(15, 21), (17, 20), (28, 17), (21, 20), (22, 17), (31, 28), (25, 20), (35, 30), (30, 23), (29, 28)]","[(17, 20), (15, 22), (28, 17), (21, 20), (22, 17), (31, 28), (25, 20), (35, 30), (30, 23), (29, 28)]",280 items,124.0,34.0,34.0
281,"(17, 20)","(17, 19)",North,"[(17, 21), (17, 19)]","[(17, 20), (15, 22), (28, 17), (21, 20), (22, 17), (31, 28), (25, 20), (35, 30), (30, 23), (29, 28)]","[(15, 22), (17, 21), (28, 17), (21, 20), (22, 17), (31, 28), (25, 20), (35, 30), (30, 23), (29, 28)]",281 items,117.0,35.0,35.0
282,"(15, 22)","(15, 21)",North,"[(15, 23), (15, 21)]","[(15, 22), (17, 21), (28, 17), (21, 20), (22, 17), (31, 28), (25, 20), (35, 30), (30, 23), (29, 28)]","[(17, 21), (15, 23), (28, 17), (21, 20), (22, 17), (31, 28), (25, 20), (35, 30), (30, 23), (29, 28)]",282 items,125.0,35.0,35.0
283,"(17, 21)","(17, 20)",North,"[(17, 20)]","[(17, 21), (15, 23), (28, 17), (21, 20), (22, 17), (31, 28), (25, 20), (35, 30), (30, 23), (29, 28)]","[(15, 23), (22, 17), (28, 17), (21, 20), (29, 28), (31, 28), (25, 20), (35, 30), (30, 23)]",283 items,118.0,36.0,36.0
284,"(15, 23)","(15, 22)",North,"[(15, 24), (15, 22), (14, 23)]","[(15, 23), (22, 17), (28, 17), (21, 20), (29, 28), (31, 28), (25, 20), (35, 30), (30, 23)]","[(14, 23), (22, 17), (28, 17), (21, 20), (15, 24), (31, 28), (25, 20), (35, 30), (30, 23), (29, 28)]",284 items,126.0,36.0,36.0
285,"(14, 23)","(15, 23)",West,"[(15, 23), (13, 23)]","[(14, 23), (22, 17), (28, 17), (21, 20), (15, 24), (31, 28), (25, 20), (35, 30), (30, 23), (29, 28)]","[(13, 23), (22, 17), (28, 17), (21, 20), (15, 24), (31, 28), (25, 20), (35, 30), (30, 23), (29, 28)]",285 items,127.0,35.0,35.0
286,"(13, 23)","(14, 23)",West,"[(13, 24), (14, 23)]","[(13, 23), (22, 17), (28, 17), (21, 20), (15, 24), (31, 28), (25, 20), (35, 30), (30, 23), (29, 28)]","[(13, 24), (22, 17), (28, 17), (21, 20), (15, 24), (31, 28), (25, 20), (35, 30), (30, 23), (29, 28)]",286 items,128.0,34.0,34.0
287,"(13, 24)","(13, 23)",North,"[(13, 25), (13, 23)]","[(13, 24), (22, 17), (28, 17), (21, 20), (15, 24), (31, 28), (25, 20), (35, 30), (30, 23), (29, 28)]","[(13, 25), (22, 17), (28, 17), (21, 20), (15, 24), (31, 28), (25, 20), (35, 30), (30, 23), (29, 28)]",287 items,129.0,35.0,35.0
288,"(13, 25)","(13, 24)",North,"[(13, 24)]","[(13, 25), (22, 17), (28, 17), (21, 20), (15, 24), (31, 28), (25, 20), (35, 30), (30, 23), (29, 28)]","[(22, 17), (15, 24), (28, 17), (21, 20), (29, 28), (31, 28), (25, 20), (35, 30), (30, 23)]",288 items,130.0,36.0,36.0
289,"(22, 17)","(21, 17)",East,"[(23, 17), (21, 17)]","[(22, 17), (15, 24), (28, 17), (21, 20), (29, 28), (31, 28), (25, 20), (35, 30), (30, 23)]","[(15, 24), (23, 17), (28, 17), (21, 20), (29, 28), (31, 28), (25, 20), (35, 30), (30, 23)]",289 items,115.0,37.0,37.0
290,"(15, 24)","(15, 23)",North,"[(15, 25), (15, 23)]","[(15, 24), (23, 17), (28, 17), (21, 20), (29, 28), (31, 28), (25, 20), (35, 30), (30, 23)]","[(23, 17), (15, 25), (28, 17), (21, 20), (29, 28), (31, 28), (25, 20), (35, 30), (30, 23)]",290 items,127.0,37.0,37.0
291,"(23, 17)","(22, 17)",East,"[(22, 17)]","[(23, 17), (15, 25), (28, 17), (21, 20), (29, 28), (31, 28), (25, 20), (35, 30), (30, 23)]","[(15, 25), (21, 20), (28, 17), (30, 23), (29, 28), (31, 28), (25, 20), (35, 30)]",291 items,116.0,38.0,38.0
292,"(15, 25)","(15, 24)",North,"[(15, 26), (15, 24)]","[(15, 25), (21, 20), (28, 17), (30, 23), (29, 28), (31, 28), (25, 20), (35, 30)]","[(21, 20), (15, 26), (28, 17), (30, 23), (29, 28), (31, 28), (25, 20), (35, 30)]",292 items,128.0,38.0,38.0
293,"(21, 20)","(21, 19)",North,"[(21, 21), (21, 19)]","[(21, 20), (15, 26), (28, 17), (30, 23), (29, 28), (31, 28), (25, 20), (35, 30)]","[(15, 26), (21, 21), (28, 17), (30, 23), (29, 28), (31, 28), (25, 20), (35, 30)]",293 items,113.0,39.0,39.0
294,"(15, 26)","(15, 25)",North,"[(15, 27), (15, 25)]","[(15, 26), (21, 21), (28, 17), (30, 23), (29, 28), (31, 28), (25, 20), (35, 30)]","[(21, 21), (15, 27), (28, 17), (30, 23), (29, 28), (31, 28), (25, 20), (35, 30)]",294 items,129.0,39.0,39.0
295,"(21, 21)","(21, 20)",North,"[(21, 22), (21, 20), (22, 21), (20, 21)]","[(21, 21), (15, 27), (28, 17), (30, 23), (29, 28), (31, 28), (25, 20), (35, 30)]","[(20, 21), (15, 27), (28, 17), (22, 21), (21, 22), (31, 28), (25, 20), (35, 30), (30, 23), (29, 28)]",295 items,114.0,40.0,40.0
296,"(20, 21)","(21, 21)",West,"[(21, 21), (19, 21)]","[(20, 21), (15, 27), (28, 17), (22, 21), (21, 22), (31, 28), (25, 20), (35, 30), (30, 23), (29, 28)]","[(19, 21), (15, 27), (28, 17), (22, 21), (21, 22), (31, 28), (25, 20), (35, 30), (30, 23), (29, 28)]",296 items,115.0,39.0,39.0
297,"(19, 21)","(20, 21)",West,"[(20, 21)]","[(19, 21), (15, 27), (28, 17), (22, 21), (21, 22), (31, 28), (25, 20), (35, 30), (30, 23), (29, 28)]","[(15, 27), (21, 22), (28, 17), (22, 21), (29, 28), (31, 28), (25, 20), (35, 30), (30, 23)]",297 items,116.0,38.0,38.0
298,"(15, 27)","(15, 26)",North,"[(15, 26), (16, 27)]","[(15, 27), (21, 22), (28, 17), (22, 21), (29, 28), (31, 28), (25, 20), (35, 30), (30, 23)]","[(21, 22), (22, 21), (28, 17), (16, 27), (29, 28), (31, 28), (25, 20), (35, 30), (30, 23)]",298 items,130.0,40.0,40.0
299,"(21, 22)","(21, 21)",North,"[(21, 23), (21, 21)]","[(21, 22), (22, 21), (28, 17), (16, 27), (29, 28), (31, 28), (25, 20), (35, 30), (30, 23)]","[(22, 21), (16, 27), (28, 17), (21, 23), (29, 28), (31, 28), (25, 20), (35, 30), (30, 23)]",299 items,115.0,41.0,41.0
300,"(22, 21)","(21, 21)",East,"[(23, 21), (21, 21)]","[(22, 21), (16, 27), (28, 17), (21, 23), (29, 28), (31, 28), (25, 20), (35, 30), (30, 23)]","[(16, 27), (21, 23), (28, 17), (23, 21), (29, 28), (31, 28), (25, 20), (35, 30), (30, 23)]",300 items,115.0,41.0,41.0
301,"(16, 27)","(15, 27)",East,"[(17, 27), (15, 27)]","[(16, 27), (21, 23), (28, 17), (23, 21), (29, 28), (31, 28), (25, 20), (35, 30), (30, 23)]","[(21, 23), (23, 21), (28, 17), (17, 27), (29, 28), (31, 28), (25, 20), (35, 30), (30, 23)]",301 items,131.0,41.0,41.0
302,"(21, 23)","(21, 22)",North,"[(21, 22), (20, 23)]","[(21, 23), (23, 21), (28, 17), (17, 27), (29, 28), (31, 28), (25, 20), (35, 30), (30, 23)]","[(20, 23), (23, 21), (28, 17), (17, 27), (29, 28), (31, 28), (25, 20), (35, 30), (30, 23)]",302 items,116.0,42.0,42.0
303,"(20, 23)","(21, 23)",West,"[(21, 23), (19, 23)]","[(20, 23), (23, 21), (28, 17), (17, 27), (29, 28), (31, 28), (25, 20), (35, 30), (30, 23)]","[(19, 23), (23, 21), (28, 17), (17, 27), (29, 28), (31, 28), (25, 20), (35, 30), (30, 23)]",303 items,117.0,41.0,41.0
304,"(19, 23)","(20, 23)",West,"[(20, 23), (18, 23)]","[(19, 23), (23, 21), (28, 17), (17, 27), (29, 28), (31, 28), (25, 20), (35, 30), (30, 23)]","[(18, 23), (23, 21), (28, 17), (17, 27), (29, 28), (31, 28), (25, 20), (35, 30), (30, 23)]",304 items,118.0,40.0,40.0
305,"(18, 23)","(19, 23)",West,"[(19, 23), (17, 23)]","[(18, 23), (23, 21), (28, 17), (17, 27), (29, 28), (31, 28), (25, 20), (35, 30), (30, 23)]","[(17, 23), (23, 21), (28, 17), (17, 27), (29, 28), (31, 28), (25, 20), (35, 30), (30, 23)]",305 items,119.0,39.0,39.0
306,"(17, 23)","(18, 23)",West,"[(18, 23)]","[(17, 23), (23, 21), (28, 17), (17, 27), (29, 28), (31, 28), (25, 20), (35, 30), (30, 23)]","[(23, 21), (17, 27), (28, 17), (30, 23), (29, 28), (31, 28), (25, 20), (35, 30)]",306 items,120.0,38.0,38.0
307,"(23, 21)","(22, 21)",East,"[(22, 21)]","[(23, 21), (17, 27), (28, 17), (30, 23), (29, 28), (31, 28), (25, 20), (35, 30)]","[(17, 27), (30, 23), (28, 17), (35, 30), (29, 28), (31, 28), (25, 20)]",307 items,116.0,42.0,42.0
308,"(17, 27)","(16, 27)",East,"[(17, 26), (18, 27), (16, 27)]","[(17, 27), (30, 23), (28, 17), (35, 30), (29, 28), (31, 28), (25, 20)]","[(17, 26), (18, 27), (28, 17), (30, 23), (29, 28), (31, 28), (25, 20), (35, 30)]",308 items,132.0,42.0,42.0
309,"(17, 26)","(17, 27)",South,"[(17, 27), (17, 25)]","[(17, 26), (18, 27), (28, 17), (30, 23), (29, 28), (31, 28), (25, 20), (35, 30)]","[(17, 25), (28, 17), (25, 20), (18, 27), (29, 28), (31, 28), (35, 30), (30, 23)]",309 items,133.0,41.0,41.0
310,"(17, 25)","(17, 26)",South,"[(17, 26)]","[(17, 25), (28, 17), (25, 20), (18, 27), (29, 28), (31, 28), (35, 30), (30, 23)]","[(28, 17), (18, 27), (25, 20), (30, 23), (29, 28), (31, 28), (35, 30)]",310 items,134.0,40.0,40.0
311,"(28, 17)","(27, 17)",East,"[(29, 17), (27, 17)]","[(28, 17), (18, 27), (25, 20), (30, 23), (29, 28), (31, 28), (35, 30)]","[(25, 20), (18, 27), (29, 17), (30, 23), (29, 28), (35, 30), (31, 28)]",311 items,105.0,43.0,43.0
312,"(25, 20)","(25, 19)",North,"[(25, 21), (25, 19)]","[(25, 20), (18, 27), (29, 17), (30, 23), (29, 28), (35, 30), (31, 28)]","[(18, 27), (30, 23), (29, 17), (31, 28), (29, 28), (35, 30), (25, 21)]",312 items,109.0,43.0,43.0
313,"(18, 27)","(17, 27)",East,"[(19, 27), (17, 27)]","[(18, 27), (30, 23), (29, 17), (31, 28), (29, 28), (35, 30), (25, 21)]","[(29, 17), (30, 23), (25, 21), (31, 28), (29, 28), (35, 30), (19, 27)]",313 items,133.0,43.0,43.0
314,"(29, 17)","(28, 17)",East,"[(28, 17)]","[(29, 17), (30, 23), (25, 21), (31, 28), (29, 28), (35, 30), (19, 27)]","[(25, 21), (30, 23), (19, 27), (31, 28), (29, 28), (35, 30)]",314 items,106.0,44.0,44.0
315,"(25, 21)","(25, 20)",North,"[(25, 22), (25, 20)]","[(25, 21), (30, 23), (19, 27), (31, 28), (29, 28), (35, 30)]","[(19, 27), (30, 23), (25, 22), (31, 28), (29, 28), (35, 30)]",315 items,110.0,44.0,44.0
316,"(19, 27)","(18, 27)",East,"[(19, 26), (20, 27), (18, 27)]","[(19, 27), (30, 23), (25, 22), (31, 28), (29, 28), (35, 30)]","[(19, 26), (30, 23), (25, 22), (31, 28), (29, 28), (35, 30), (20, 27)]",316 items,134.0,44.0,44.0
317,"(19, 26)","(19, 27)",South,"[(19, 27), (19, 25)]","[(19, 26), (30, 23), (25, 22), (31, 28), (29, 28), (35, 30), (20, 27)]","[(19, 25), (30, 23), (25, 22), (31, 28), (29, 28), (35, 30), (20, 27)]",317 items,135.0,43.0,43.0
318,"(19, 25)","(19, 26)",South,"[(19, 26), (20, 25)]","[(19, 25), (30, 23), (25, 22), (31, 28), (29, 28), (35, 30), (20, 27)]","[(20, 25), (30, 23), (25, 22), (31, 28), (29, 28), (35, 30), (20, 27)]",318 items,136.0,42.0,42.0
319,"(20, 25)","(19, 25)",East,"[(21, 25), (19, 25)]","[(20, 25), (30, 23), (25, 22), (31, 28), (29, 28), (35, 30), (20, 27)]","[(21, 25), (30, 23), (25, 22), (31, 28), (29, 28), (35, 30), (20, 27)]",319 items,137.0,43.0,43.0
320,"(21, 25)","(20, 25)",East,"[(22, 25), (20, 25)]","[(21, 25), (30, 23), (25, 22), (31, 28), (29, 28), (35, 30), (20, 27)]","[(25, 22), (30, 23), (20, 27), (31, 28), (29, 28), (35, 30), (22, 25)]",320 items,138.0,44.0,44.0
321,"(25, 22)","(25, 21)",North,"[(25, 23), (25, 21)]","[(25, 22), (30, 23), (20, 27), (31, 28), (29, 28), (35, 30), (22, 25)]","[(20, 27), (30, 23), (22, 25), (31, 28), (29, 28), (35, 30), (25, 23)]",321 items,111.0,45.0,45.0
322,"(20, 27)","(19, 27)",East,"[(21, 27), (19, 27)]","[(20, 27), (30, 23), (22, 25), (31, 28), (29, 28), (35, 30), (25, 23)]","[(22, 25), (30, 23), (25, 23), (31, 28), (29, 28), (35, 30), (21, 27)]",322 items,135.0,45.0,45.0
323,"(22, 25)","(21, 25)",East,"[(23, 25), (21, 25)]","[(22, 25), (30, 23), (25, 23), (31, 28), (29, 28), (35, 30), (21, 27)]","[(25, 23), (30, 23), (21, 27), (31, 28), (29, 28), (35, 30), (23, 25)]",323 items,139.0,45.0,45.0
324,"(25, 23)","(25, 22)",North,"[(25, 24), (25, 22), (26, 23), (24, 23)]","[(25, 23), (30, 23), (21, 27), (31, 28), (29, 28), (35, 30), (23, 25)]","[(24, 23), (21, 27), (23, 25), (26, 23), (29, 28), (35, 30), (25, 24), (31, 28), (30, 23)]",324 items,112.0,46.0,46.0
325,"(24, 23)","(25, 23)",West,"[(25, 23), (23, 23)]","[(24, 23), (21, 27), (23, 25), (26, 23), (29, 28), (35, 30), (25, 24), (31, 28), (30, 23)]","[(23, 23), (21, 27), (23, 25), (26, 23), (29, 28), (35, 30), (25, 24), (31, 28), (30, 23)]",325 items,113.0,45.0,45.0
326,"(23, 23)","(24, 23)",West,"[(24, 23)]","[(23, 23), (21, 27), (23, 25), (26, 23), (29, 28), (35, 30), (25, 24), (31, 28), (30, 23)]","[(21, 27), (26, 23), (23, 25), (30, 23), (29, 28), (35, 30), (25, 24), (31, 28)]",326 items,114.0,44.0,44.0
327,"(21, 27)","(20, 27)",East,"[(21, 28), (20, 27)]","[(21, 27), (26, 23), (23, 25), (30, 23), (29, 28), (35, 30), (25, 24), (31, 28)]","[(23, 25), (26, 23), (25, 24), (21, 28), (29, 28), (35, 30), (31, 28), (30, 23)]",327 items,136.0,46.0,46.0
328,"(23, 25)","(22, 25)",East,"[(23, 26), (22, 25)]","[(23, 25), (26, 23), (25, 24), (21, 28), (29, 28), (35, 30), (31, 28), (30, 23)]","[(25, 24), (26, 23), (30, 23), (21, 28), (29, 28), (35, 30), (31, 28), (23, 26)]",328 items,140.0,46.0,46.0
329,"(25, 24)","(25, 23)",North,"[(25, 25), (25, 23)]","[(25, 24), (26, 23), (30, 23), (21, 28), (29, 28), (35, 30), (31, 28), (23, 26)]","[(26, 23), (21, 28), (30, 23), (23, 26), (29, 28), (35, 30), (31, 28), (25, 25)]",329 items,113.0,47.0,47.0
330,"(26, 23)","(25, 23)",East,"[(27, 23), (25, 23)]","[(26, 23), (21, 28), (30, 23), (23, 26), (29, 28), (35, 30), (31, 28), (25, 25)]","[(21, 28), (23, 26), (30, 23), (25, 25), (29, 28), (35, 30), (31, 28), (27, 23)]",330 items,113.0,47.0,47.0
331,"(21, 28)","(21, 27)",North,"[(21, 29), (21, 27)]","[(21, 28), (23, 26), (30, 23), (25, 25), (29, 28), (35, 30), (31, 28), (27, 23)]","[(23, 26), (25, 25), (30, 23), (27, 23), (29, 28), (35, 30), (31, 28), (21, 29)]",331 items,137.0,47.0,47.0
332,"(23, 26)","(23, 25)",North,"[(23, 27), (23, 25)]","[(23, 26), (25, 25), (30, 23), (27, 23), (29, 28), (35, 30), (31, 28), (21, 29)]","[(25, 25), (27, 23), (30, 23), (21, 29), (29, 28), (35, 30), (31, 28), (23, 27)]",332 items,141.0,47.0,47.0
333,"(25, 25)","(25, 24)",North,"[(25, 26), (25, 24), (26, 25)]","[(25, 25), (27, 23), (30, 23), (21, 29), (29, 28), (35, 30), (31, 28), (23, 27)]","[(27, 23), (21, 29), (30, 23), (23, 27), (29, 28), (35, 30), (31, 28), (25, 26), (26, 25)]",333 items,114.0,48.0,48.0
334,"(27, 23)","(26, 23)",East,"[(26, 23)]","[(27, 23), (21, 29), (30, 23), (23, 27), (29, 28), (35, 30), (31, 28), (25, 26), (26, 25)]","[(21, 29), (23, 27), (30, 23), (25, 26), (29, 28), (35, 30), (31, 28), (26, 25)]",334 items,114.0,48.0,48.0
335,"(21, 29)","(21, 28)",North,"[(21, 30), (21, 28), (20, 29)]","[(21, 29), (23, 27), (30, 23), (25, 26), (29, 28), (35, 30), (31, 28), (26, 25)]","[(20, 29), (23, 27), (30, 23), (25, 26), (29, 28), (35, 30), (31, 28), (21, 30), (26, 25)]",335 items,138.0,48.0,48.0
336,"(20, 29)","(21, 29)",West,"[(21, 29), (19, 29)]","[(20, 29), (23, 27), (30, 23), (25, 26), (29, 28), (35, 30), (31, 28), (21, 30), (26, 25)]","[(19, 29), (23, 27), (30, 23), (25, 26), (29, 28), (35, 30), (31, 28), (21, 30), (26, 25)]",336 items,139.0,47.0,47.0
337,"(19, 29)","(20, 29)",West,"[(20, 29)]","[(19, 29), (23, 27), (30, 23), (25, 26), (29, 28), (35, 30), (31, 28), (21, 30), (26, 25)]","[(23, 27), (25, 26), (30, 23), (26, 25), (29, 28), (35, 30), (31, 28), (21, 30)]",337 items,140.0,46.0,46.0
338,"(23, 27)","(23, 26)",North,"[(23, 26)]","[(23, 27), (25, 26), (30, 23), (26, 25), (29, 28), (35, 30), (31, 28), (21, 30)]","[(25, 26), (26, 25), (30, 23), (21, 30), (29, 28), (35, 30), (31, 28)]",338 items,142.0,48.0,48.0
339,"(25, 26)","(25, 25)",North,"[(25, 27), (25, 25)]","[(25, 26), (26, 25), (30, 23), (21, 30), (29, 28), (35, 30), (31, 28)]","[(26, 25), (21, 30), (25, 27), (31, 28), (29, 28), (35, 30), (30, 23)]",339 items,115.0,49.0,49.0
340,"(26, 25)","(25, 25)",East,"[(27, 25), (25, 25)]","[(26, 25), (21, 30), (25, 27), (31, 28), (29, 28), (35, 30), (30, 23)]","[(21, 30), (30, 23), (25, 27), (31, 28), (29, 28), (35, 30), (27, 25)]",340 items,115.0,49.0,49.0
341,"(21, 30)","(21, 29)",North,"[(21, 31), (21, 29)]","[(21, 30), (30, 23), (25, 27), (31, 28), (29, 28), (35, 30), (27, 25)]","[(25, 27), (30, 23), (27, 25), (31, 28), (29, 28), (35, 30), (21, 31)]",341 items,139.0,49.0,49.0
342,"(25, 27)","(25, 26)",North,"[(25, 28), (25, 26), (26, 27)]","[(25, 27), (30, 23), (27, 25), (31, 28), (29, 28), (35, 30), (21, 31)]","[(27, 25), (30, 23), (21, 31), (26, 27), (29, 28), (35, 30), (25, 28), (31, 28)]",342 items,116.0,50.0,50.0
343,"(27, 25)","(26, 25)",East,"[(26, 25)]","[(27, 25), (30, 23), (21, 31), (26, 27), (29, 28), (35, 30), (25, 28), (31, 28)]","[(21, 31), (30, 23), (25, 28), (26, 27), (29, 28), (35, 30), (31, 28)]",343 items,116.0,50.0,50.0
344,"(21, 31)","(21, 30)",North,"[(21, 32), (21, 30), (22, 31)]","[(21, 31), (30, 23), (25, 28), (26, 27), (29, 28), (35, 30), (31, 28)]","[(30, 23), (26, 27), (25, 28), (22, 31), (29, 28), (35, 30), (21, 32), (31, 28)]",344 items,140.0,50.0,50.0
345,"(30, 23)","(29, 23)",East,"[(31, 23), (29, 23)]","[(30, 23), (26, 27), (25, 28), (22, 31), (29, 28), (35, 30), (21, 32), (31, 28)]","[(25, 28), (26, 27), (21, 32), (22, 31), (29, 28), (35, 30), (31, 28), (31, 23)]",345 items,97.0,51.0,51.0
346,"(25, 28)","(25, 27)",North,"[(25, 29), (25, 27)]","[(25, 28), (26, 27), (21, 32), (22, 31), (29, 28), (35, 30), (31, 28), (31, 23)]","[(26, 27), (22, 31), (21, 32), (31, 23), (29, 28), (35, 30), (31, 28), (25, 29)]",346 items,117.0,51.0,51.0
347,"(26, 27)","(25, 27)",East,"[(27, 27), (25, 27)]","[(26, 27), (22, 31), (21, 32), (31, 23), (29, 28), (35, 30), (31, 28), (25, 29)]","[(21, 32), (22, 31), (25, 29), (31, 23), (29, 28), (35, 30), (31, 28), (27, 27)]",347 items,117.0,51.0,51.0
348,"(21, 32)","(21, 31)",North,"[(21, 33), (21, 31)]","[(21, 32), (22, 31), (25, 29), (31, 23), (29, 28), (35, 30), (31, 28), (27, 27)]","[(22, 31), (31, 23), (25, 29), (27, 27), (29, 28), (35, 30), (31, 28), (21, 33)]",348 items,141.0,51.0,51.0
349,"(22, 31)","(21, 31)",East,"[(23, 31), (21, 31)]","[(22, 31), (31, 23), (25, 29), (27, 27), (29, 28), (35, 30), (31, 28), (21, 33)]","[(31, 23), (27, 27), (25, 29), (21, 33), (29, 28), (35, 30), (31, 28), (23, 31)]",349 items,141.0,51.0,51.0
350,"(31, 23)","(30, 23)",East,"[(31, 24), (30, 23)]","[(31, 23), (27, 27), (25, 29), (21, 33), (29, 28), (35, 30), (31, 28), (23, 31)]","[(25, 29), (27, 27), (23, 31), (21, 33), (29, 28), (35, 30), (31, 28), (31, 24)]",350 items,98.0,52.0,52.0
351,"(25, 29)","(25, 28)",North,"[(25, 30), (25, 28), (26, 29), (24, 29)]","[(25, 29), (27, 27), (23, 31), (21, 33), (29, 28), (35, 30), (31, 28), (31, 24)]","[(24, 29), (27, 27), (23, 31), (31, 24), (21, 33), (35, 30), (31, 28), (25, 30), (26, 29), (29, 28)]",351 items,118.0,52.0,52.0
352,"(24, 29)","(25, 29)",West,"[(25, 29), (23, 29)]","[(24, 29), (27, 27), (23, 31), (31, 24), (21, 33), (35, 30), (31, 28), (25, 30), (26, 29), (29, 28)]","[(23, 29), (27, 27), (23, 31), (31, 24), (21, 33), (35, 30), (31, 28), (25, 30), (26, 29), (29, 28)]",352 items,119.0,51.0,51.0
353,"(23, 29)","(24, 29)",West,"[(24, 29)]","[(23, 29), (27, 27), (23, 31), (31, 24), (21, 33), (35, 30), (31, 28), (25, 30), (26, 29), (29, 28)]","[(27, 27), (21, 33), (23, 31), (31, 24), (29, 28), (35, 30), (31, 28), (25, 30), (26, 29)]",353 items,120.0,50.0,50.0
354,"(27, 27)","(26, 27)",East,"[(26, 27)]","[(27, 27), (21, 33), (23, 31), (31, 24), (29, 28), (35, 30), (31, 28), (25, 30), (26, 29)]","[(21, 33), (31, 24), (23, 31), (25, 30), (29, 28), (35, 30), (31, 28), (26, 29)]",354 items,118.0,52.0,52.0
355,"(21, 33)","(21, 32)",North,"[(21, 34), (21, 32), (22, 33), (20, 33)]","[(21, 33), (31, 24), (23, 31), (25, 30), (29, 28), (35, 30), (31, 28), (26, 29)]","[(20, 33), (23, 31), (26, 29), (25, 30), (31, 24), (35, 30), (31, 28), (21, 34), (22, 33), (29, 28)]",355 items,142.0,52.0,52.0
356,"(20, 33)","(21, 33)",West,"[(21, 33), (19, 33)]","[(20, 33), (23, 31), (26, 29), (25, 30), (31, 24), (35, 30), (31, 28), (21, 34), (22, 33), (29, 28)]","[(19, 33), (23, 31), (26, 29), (25, 30), (31, 24), (35, 30), (31, 28), (21, 34), (22, 33), (29, 28)]",356 items,143.0,51.0,51.0
357,"(19, 33)","(20, 33)",West,"[(19, 32), (20, 33)]","[(19, 33), (23, 31), (26, 29), (25, 30), (31, 24), (35, 30), (31, 28), (21, 34), (22, 33), (29, 28)]","[(19, 32), (23, 31), (26, 29), (25, 30), (31, 24), (35, 30), (31, 28), (21, 34), (22, 33), (29, 28)]",357 items,144.0,50.0,50.0
358,"(19, 32)","(19, 33)",South,"[(19, 33), (19, 31)]","[(19, 32), (23, 31), (26, 29), (25, 30), (31, 24), (35, 30), (31, 28), (21, 34), (22, 33), (29, 28)]","[(19, 31), (23, 31), (26, 29), (25, 30), (31, 24), (35, 30), (31, 28), (21, 34), (22, 33), (29, 28)]",358 items,145.0,49.0,49.0
359,"(19, 31)","(19, 32)",South,"[(19, 32)]","[(19, 31), (23, 31), (26, 29), (25, 30), (31, 24), (35, 30), (31, 28), (21, 34), (22, 33), (29, 28)]","[(23, 31), (31, 24), (26, 29), (25, 30), (29, 28), (35, 30), (31, 28), (21, 34), (22, 33)]",359 items,146.0,48.0,48.0
360,"(23, 31)","(22, 31)",East,"[(22, 31)]","[(23, 31), (31, 24), (26, 29), (25, 30), (29, 28), (35, 30), (31, 28), (21, 34), (22, 33)]","[(31, 24), (25, 30), (26, 29), (21, 34), (29, 28), (35, 30), (31, 28), (22, 33)]",360 items,142.0,52.0,52.0
361,"(31, 24)","(31, 23)",North,"[(31, 25), (31, 23)]","[(31, 24), (25, 30), (26, 29), (21, 34), (29, 28), (35, 30), (31, 28), (22, 33)]","[(25, 30), (21, 34), (26, 29), (22, 33), (29, 28), (35, 30), (31, 28), (31, 25)]",361 items,99.0,53.0,53.0
362,"(25, 30)","(25, 29)",North,"[(25, 31), (25, 29)]","[(25, 30), (21, 34), (26, 29), (22, 33), (29, 28), (35, 30), (31, 28), (31, 25)]","[(26, 29), (21, 34), (31, 25), (22, 33), (29, 28), (35, 30), (31, 28), (25, 31)]",362 items,119.0,53.0,53.0
363,"(26, 29)","(25, 29)",East,"[(27, 29), (25, 29)]","[(26, 29), (21, 34), (31, 25), (22, 33), (29, 28), (35, 30), (31, 28), (25, 31)]","[(21, 34), (22, 33), (31, 25), (25, 31), (29, 28), (35, 30), (31, 28), (27, 29)]",363 items,119.0,53.0,53.0
364,"(21, 34)","(21, 33)",North,"[(21, 35), (21, 33)]","[(21, 34), (22, 33), (31, 25), (25, 31), (29, 28), (35, 30), (31, 28), (27, 29)]","[(22, 33), (25, 31), (31, 25), (27, 29), (29, 28), (35, 30), (31, 28), (21, 35)]",364 items,143.0,53.0,53.0
365,"(22, 33)","(21, 33)",East,"[(23, 33), (21, 33)]","[(22, 33), (25, 31), (31, 25), (27, 29), (29, 28), (35, 30), (31, 28), (21, 35)]","[(31, 25), (25, 31), (21, 35), (27, 29), (29, 28), (35, 30), (31, 28), (23, 33)]",365 items,143.0,53.0,53.0
366,"(31, 25)","(31, 24)",North,"[(31, 24)]","[(31, 25), (25, 31), (21, 35), (27, 29), (29, 28), (35, 30), (31, 28), (23, 33)]","[(25, 31), (27, 29), (21, 35), (23, 33), (29, 28), (35, 30), (31, 28)]",366 items,100.0,54.0,54.0
367,"(25, 31)","(25, 30)",North,"[(25, 32), (25, 30)]","[(25, 31), (27, 29), (21, 35), (23, 33), (29, 28), (35, 30), (31, 28)]","[(27, 29), (23, 33), (21, 35), (31, 28), (29, 28), (35, 30), (25, 32)]",367 items,120.0,54.0,54.0
368,"(27, 29)","(26, 29)",East,"[(27, 30), (26, 29)]","[(27, 29), (23, 33), (21, 35), (31, 28), (29, 28), (35, 30), (25, 32)]","[(21, 35), (23, 33), (25, 32), (31, 28), (29, 28), (35, 30), (27, 30)]",368 items,120.0,54.0,54.0
369,"(21, 35)","(21, 34)",North,"[(21, 34), (22, 35), (20, 35)]","[(21, 35), (23, 33), (25, 32), (31, 28), (29, 28), (35, 30), (27, 30)]","[(20, 35), (23, 33), (25, 32), (29, 28), (27, 30), (35, 30), (22, 35), (31, 28)]",369 items,144.0,54.0,54.0
370,"(20, 35)","(21, 35)",West,"[(21, 35), (19, 35)]","[(20, 35), (23, 33), (25, 32), (29, 28), (27, 30), (35, 30), (22, 35), (31, 28)]","[(19, 35), (23, 33), (25, 32), (29, 28), (27, 30), (35, 30), (22, 35), (31, 28)]",370 items,145.0,53.0,53.0
371,"(19, 35)","(20, 35)",West,"[(20, 35), (18, 35)]","[(19, 35), (23, 33), (25, 32), (29, 28), (27, 30), (35, 30), (22, 35), (31, 28)]","[(18, 35), (23, 33), (25, 32), (29, 28), (27, 30), (35, 30), (22, 35), (31, 28)]",371 items,146.0,52.0,52.0
372,"(18, 35)","(19, 35)",West,"[(19, 35), (17, 35)]","[(18, 35), (23, 33), (25, 32), (29, 28), (27, 30), (35, 30), (22, 35), (31, 28)]","[(17, 35), (23, 33), (25, 32), (29, 28), (27, 30), (35, 30), (22, 35), (31, 28)]",372 items,147.0,51.0,51.0
373,"(17, 35)","(18, 35)",West,"[(17, 34), (18, 35), (16, 35)]","[(17, 35), (23, 33), (25, 32), (29, 28), (27, 30), (35, 30), (22, 35), (31, 28)]","[(17, 34), (16, 35), (25, 32), (23, 33), (27, 30), (35, 30), (22, 35), (31, 28), (29, 28)]",373 items,148.0,50.0,50.0
374,"(17, 34)","(17, 35)",South,"[(17, 35), (17, 33)]","[(17, 34), (16, 35), (25, 32), (23, 33), (27, 30), (35, 30), (22, 35), (31, 28), (29, 28)]","[(17, 33), (16, 35), (25, 32), (23, 33), (27, 30), (35, 30), (22, 35), (31, 28), (29, 28)]",374 items,149.0,49.0,49.0
375,"(17, 33)","(17, 34)",South,"[(17, 34), (17, 32)]","[(17, 33), (16, 35), (25, 32), (23, 33), (27, 30), (35, 30), (22, 35), (31, 28), (29, 28)]","[(17, 32), (16, 35), (25, 32), (23, 33), (27, 30), (35, 30), (22, 35), (31, 28), (29, 28)]",375 items,150.0,48.0,48.0
376,"(17, 32)","(17, 33)",South,"[(17, 33), (17, 31)]","[(17, 32), (16, 35), (25, 32), (23, 33), (27, 30), (35, 30), (22, 35), (31, 28), (29, 28)]","[(17, 31), (16, 35), (25, 32), (23, 33), (27, 30), (35, 30), (22, 35), (31, 28), (29, 28)]",376 items,151.0,47.0,47.0
377,"(17, 31)","(17, 32)",South,"[(17, 32)]","[(17, 31), (16, 35), (25, 32), (23, 33), (27, 30), (35, 30), (22, 35), (31, 28), (29, 28)]","[(16, 35), (23, 33), (25, 32), (29, 28), (27, 30), (35, 30), (22, 35), (31, 28)]",377 items,152.0,46.0,46.0
378,"(16, 35)","(17, 35)",West,"[(17, 35), (15, 35)]","[(16, 35), (23, 33), (25, 32), (29, 28), (27, 30), (35, 30), (22, 35), (31, 28)]","[(15, 35), (23, 33), (25, 32), (29, 28), (27, 30), (35, 30), (22, 35), (31, 28)]",378 items,149.0,49.0,49.0
379,"(15, 35)","(16, 35)",West,"[(15, 34), (16, 35), (14, 35)]","[(15, 35), (23, 33), (25, 32), (29, 28), (27, 30), (35, 30), (22, 35), (31, 28)]","[(15, 34), (14, 35), (25, 32), (23, 33), (27, 30), (35, 30), (22, 35), (31, 28), (29, 28)]",379 items,150.0,48.0,48.0
380,"(15, 34)","(15, 35)",South,"[(15, 35), (15, 33)]","[(15, 34), (14, 35), (25, 32), (23, 33), (27, 30), (35, 30), (22, 35), (31, 28), (29, 28)]","[(15, 33), (14, 35), (25, 32), (23, 33), (27, 30), (35, 30), (22, 35), (31, 28), (29, 28)]",380 items,151.0,47.0,47.0
381,"(15, 33)","(15, 34)",South,"[(15, 34), (15, 32), (14, 33)]","[(15, 33), (14, 35), (25, 32), (23, 33), (27, 30), (35, 30), (22, 35), (31, 28), (29, 28)]","[(15, 32), (14, 33), (25, 32), (23, 33), (14, 35), (35, 30), (22, 35), (31, 28), (29, 28), (27, 30)]",381 items,152.0,46.0,46.0
382,"(15, 32)","(15, 33)",South,"[(15, 33), (15, 31)]","[(15, 32), (14, 33), (25, 32), (23, 33), (14, 35), (35, 30), (22, 35), (31, 28), (29, 28), (27, 30)]","[(15, 31), (14, 33), (25, 32), (23, 33), (14, 35), (35, 30), (22, 35), (31, 28), (29, 28), (27, 30)]",382 items,153.0,45.0,45.0
383,"(15, 31)","(15, 32)",South,"[(15, 32), (15, 30)]","[(15, 31), (14, 33), (25, 32), (23, 33), (14, 35), (35, 30), (22, 35), (31, 28), (29, 28), (27, 30)]","[(15, 30), (14, 33), (25, 32), (23, 33), (14, 35), (35, 30), (22, 35), (31, 28), (29, 28), (27, 30)]",383 items,154.0,44.0,44.0
384,"(15, 30)","(15, 31)",South,"[(15, 31), (15, 29)]","[(15, 30), (14, 33), (25, 32), (23, 33), (14, 35), (35, 30), (22, 35), (31, 28), (29, 28), (27, 30)]","[(15, 29), (14, 33), (25, 32), (23, 33), (14, 35), (35, 30), (22, 35), (31, 28), (29, 28), (27, 30)]",384 items,155.0,43.0,43.0
385,"(15, 29)","(15, 30)",South,"[(15, 30), (16, 29)]","[(15, 29), (14, 33), (25, 32), (23, 33), (14, 35), (35, 30), (22, 35), (31, 28), (29, 28), (27, 30)]","[(16, 29), (14, 33), (25, 32), (23, 33), (14, 35), (35, 30), (22, 35), (31, 28), (29, 28), (27, 30)]",385 items,156.0,42.0,42.0
386,"(16, 29)","(15, 29)",East,"[(17, 29), (15, 29)]","[(16, 29), (14, 33), (25, 32), (23, 33), (14, 35), (35, 30), (22, 35), (31, 28), (29, 28), (27, 30)]","[(17, 29), (14, 33), (25, 32), (23, 33), (14, 35), (35, 30), (22, 35), (31, 28), (29, 28), (27, 30)]",386 items,157.0,43.0,43.0
387,"(17, 29)","(16, 29)",East,"[(16, 29)]","[(17, 29), (14, 33), (25, 32), (23, 33), (14, 35), (35, 30), (22, 35), (31, 28), (29, 28), (27, 30)]","[(14, 33), (14, 35), (25, 32), (23, 33), (27, 30), (35, 30), (22, 35), (31, 28), (29, 28)]",387 items,158.0,44.0,44.0
388,"(14, 33)","(15, 33)",West,"[(15, 33), (13, 33)]","[(14, 33), (14, 35), (25, 32), (23, 33), (27, 30), (35, 30), (22, 35), (31, 28), (29, 28)]","[(13, 33), (14, 35), (25, 32), (23, 33), (27, 30), (35, 30), (22, 35), (31, 28), (29, 28)]",388 items,153.0,45.0,45.0
389,"(13, 33)","(14, 33)",West,"[(14, 33), (12, 33)]","[(13, 33), (14, 35), (25, 32), (23, 33), (27, 30), (35, 30), (22, 35), (31, 28), (29, 28)]","[(12, 33), (14, 35), (25, 32), (23, 33), (27, 30), (35, 30), (22, 35), (31, 28), (29, 28)]",389 items,154.0,44.0,44.0
390,"(12, 33)","(13, 33)",West,"[(13, 33), (11, 33)]","[(12, 33), (14, 35), (25, 32), (23, 33), (27, 30), (35, 30), (22, 35), (31, 28), (29, 28)]","[(11, 33), (14, 35), (25, 32), (23, 33), (27, 30), (35, 30), (22, 35), (31, 28), (29, 28)]",390 items,155.0,43.0,43.0
391,"(11, 33)","(12, 33)",West,"[(11, 34), (11, 32), (12, 33), (10, 33)]","[(11, 33), (14, 35), (25, 32), (23, 33), (27, 30), (35, 30), (22, 35), (31, 28), (29, 28)]","[(11, 32), (10, 33), (25, 32), (23, 33), (11, 34), (35, 30), (22, 35), (31, 28), (29, 28), (27, 30), (14, 35)]",391 items,156.0,42.0,42.0
392,"(11, 32)","(11, 33)",South,"[(11, 33), (11, 31)]","[(11, 32), (10, 33), (25, 32), (23, 33), (11, 34), (35, 30), (22, 35), (31, 28), (29, 28), (27, 30), (14, 35)]","[(11, 31), (10, 33), (25, 32), (23, 33), (11, 34), (35, 30), (22, 35), (31, 28), (29, 28), (27, 30), (14, 35)]",392 items,157.0,41.0,41.0
393,"(11, 31)","(11, 32)",South,"[(11, 32), (11, 30), (12, 31)]","[(11, 31), (10, 33), (25, 32), (23, 33), (11, 34), (35, 30), (22, 35), (31, 28), (29, 28), (27, 30), (14, 35)]","[(11, 30), (10, 33), (12, 31), (23, 33), (11, 34), (25, 32), (22, 35), (31, 28), (29, 28), (27, 30), (14, 35), (35, 30)]",393 items,158.0,40.0,40.0
394,"(11, 30)","(11, 31)",South,"[(11, 31), (11, 29)]","[(11, 30), (10, 33), (12, 31), (23, 33), (11, 34), (25, 32), (22, 35), (31, 28), (29, 28), (27, 30), (14, 35), (35, 30)]","[(11, 29), (11, 34), (10, 33), (23, 33), (14, 35), (12, 31), (22, 35), (31, 28), (29, 28), (27, 30), (35, 30), (25, 32)]",394 items,159.0,39.0,39.0
395,"(11, 29)","(11, 30)",South,"[(11, 30), (12, 29), (10, 29)]","[(11, 29), (11, 34), (10, 33), (23, 33), (14, 35), (12, 31), (22, 35), (31, 28), (29, 28), (27, 30), (35, 30), (25, 32)]","[(10, 29), (11, 34), (12, 29), (23, 33), (14, 35), (10, 33), (22, 35), (31, 28), (29, 28), (27, 30), (35, 30), (25, 32), (12, 31)]",395 items,160.0,38.0,38.0
396,"(10, 29)","(11, 29)",West,"[(11, 29), (9, 29)]","[(10, 29), (11, 34), (12, 29), (23, 33), (14, 35), (10, 33), (22, 35), (31, 28), (29, 28), (27, 30), (35, 30), (25, 32), (12, 31)]","[(9, 29), (11, 34), (12, 29), (23, 33), (14, 35), (10, 33), (22, 35), (31, 28), (29, 28), (27, 30), (35, 30), (25, 32), (12, 31)]",396 items,161.0,37.0,37.0
397,"(9, 29)","(10, 29)",West,"[(9, 30), (10, 29)]","[(9, 29), (11, 34), (12, 29), (23, 33), (14, 35), (10, 33), (22, 35), (31, 28), (29, 28), (27, 30), (35, 30), (25, 32), (12, 31)]","[(9, 30), (11, 34), (12, 29), (23, 33), (14, 35), (10, 33), (22, 35), (31, 28), (29, 28), (27, 30), (35, 30), (25, 32), (12, 31)]",397 items,162.0,36.0,36.0
398,"(9, 30)","(9, 29)",North,"[(9, 31), (9, 29)]","[(9, 30), (11, 34), (12, 29), (23, 33), (14, 35), (10, 33), (22, 35), (31, 28), (29, 28), (27, 30), (35, 30), (25, 32), (12, 31)]","[(9, 31), (11, 34), (12, 29), (23, 33), (14, 35), (10, 33), (22, 35), (31, 28), (29, 28), (27, 30), (35, 30), (25, 32), (12, 31)]",398 items,163.0,37.0,37.0
399,"(9, 31)","(9, 30)",North,"[(9, 30)]","[(9, 31), (11, 34), (12, 29), (23, 33), (14, 35), (10, 33), (22, 35), (31, 28), (29, 28), (27, 30), (35, 30), (25, 32), (12, 31)]","[(12, 29), (11, 34), (10, 33), (23, 33), (14, 35), (12, 31), (22, 35), (31, 28), (29, 28), (27, 30), (35, 30), (25, 32)]",399 items,164.0,38.0,38.0
400,"(12, 29)","(11, 29)",East,"[(13, 29), (11, 29)]","[(12, 29), (11, 34), (10, 33), (23, 33), (14, 35), (12, 31), (22, 35), (31, 28), (29, 28), (27, 30), (35, 30), (25, 32)]","[(13, 29), (11, 34), (10, 33), (23, 33), (14, 35), (12, 31), (22, 35), (31, 28), (29, 28), (27, 30), (35, 30), (25, 32)]",400 items,161.0,39.0,39.0
401,"(13, 29)","(12, 29)",East,"[(13, 28), (12, 29)]","[(13, 29), (11, 34), (10, 33), (23, 33), (14, 35), (12, 31), (22, 35), (31, 28), (29, 28), (27, 30), (35, 30), (25, 32)]","[(13, 28), (11, 34), (10, 33), (23, 33), (14, 35), (12, 31), (22, 35), (31, 28), (29, 28), (27, 30), (35, 30), (25, 32)]",401 items,162.0,40.0,40.0
402,"(13, 28)","(13, 29)",South,"[(13, 29), (13, 27)]","[(13, 28), (11, 34), (10, 33), (23, 33), (14, 35), (12, 31), (22, 35), (31, 28), (29, 28), (27, 30), (35, 30), (25, 32)]","[(13, 27), (11, 34), (10, 33), (23, 33), (14, 35), (12, 31), (22, 35), (31, 28), (29, 28), (27, 30), (35, 30), (25, 32)]",402 items,163.0,39.0,39.0
403,"(13, 27)","(13, 28)",South,"[(13, 28), (12, 27)]","[(13, 27), (11, 34), (10, 33), (23, 33), (14, 35), (12, 31), (22, 35), (31, 28), (29, 28), (27, 30), (35, 30), (25, 32)]","[(12, 27), (11, 34), (10, 33), (23, 33), (14, 35), (12, 31), (22, 35), (31, 28), (29, 28), (27, 30), (35, 30), (25, 32)]",403 items,164.0,38.0,38.0
404,"(12, 27)","(13, 27)",West,"[(13, 27), (11, 27)]","[(12, 27), (11, 34), (10, 33), (23, 33), (14, 35), (12, 31), (22, 35), (31, 28), (29, 28), (27, 30), (35, 30), (25, 32)]","[(11, 27), (11, 34), (10, 33), (23, 33), (14, 35), (12, 31), (22, 35), (31, 28), (29, 28), (27, 30), (35, 30), (25, 32)]",404 items,165.0,37.0,37.0
405,"(11, 27)","(12, 27)",West,"[(11, 26), (12, 27), (10, 27)]","[(11, 27), (11, 34), (10, 33), (23, 33), (14, 35), (12, 31), (22, 35), (31, 28), (29, 28), (27, 30), (35, 30), (25, 32)]","[(11, 26), (11, 34), (10, 27), (23, 33), (14, 35), (10, 33), (22, 35), (31, 28), (29, 28), (27, 30), (35, 30), (25, 32), (12, 31)]",405 items,166.0,36.0,36.0
406,"(11, 26)","(11, 27)",South,"[(11, 27), (11, 25)]","[(11, 26), (11, 34), (10, 27), (23, 33), (14, 35), (10, 33), (22, 35), (31, 28), (29, 28), (27, 30), (35, 30), (25, 32), (12, 31)]","[(11, 25), (11, 34), (10, 27), (23, 33), (14, 35), (10, 33), (22, 35), (31, 28), (29, 28), (27, 30), (35, 30), (25, 32), (12, 31)]",406 items,167.0,35.0,35.0
407,"(11, 25)","(11, 26)",South,"[(11, 26)]","[(11, 25), (11, 34), (10, 27), (23, 33), (14, 35), (10, 33), (22, 35), (31, 28), (29, 28), (27, 30), (35, 30), (25, 32), (12, 31)]","[(10, 27), (11, 34), (10, 33), (23, 33), (14, 35), (12, 31), (22, 35), (31, 28), (29, 28), (27, 30), (35, 30), (25, 32)]",407 items,168.0,34.0,34.0
408,"(10, 27)","(11, 27)",West,"[(11, 27), (9, 27)]","[(10, 27), (11, 34), (10, 33), (23, 33), (14, 35), (12, 31), (22, 35), (31, 28), (29, 28), (27, 30), (35, 30), (25, 32)]","[(9, 27), (11, 34), (10, 33), (23, 33), (14, 35), (12, 31), (22, 35), (31, 28), (29, 28), (27, 30), (35, 30), (25, 32)]",408 items,167.0,35.0,35.0
409,"(9, 27)","(10, 27)",West,"[(9, 26), (10, 27), (8, 27)]","[(9, 27), (11, 34), (10, 33), (23, 33), (14, 35), (12, 31), (22, 35), (31, 28), (29, 28), (27, 30), (35, 30), (25, 32)]","[(9, 26), (11, 34), (8, 27), (23, 33), (14, 35), (10, 33), (22, 35), (31, 28), (29, 28), (27, 30), (35, 30), (25, 32), (12, 31)]",409 items,168.0,34.0,34.0
410,"(9, 26)","(9, 27)",South,"[(9, 27), (9, 25)]","[(9, 26), (11, 34), (8, 27), (23, 33), (14, 35), (10, 33), (22, 35), (31, 28), (29, 28), (27, 30), (35, 30), (25, 32), (12, 31)]","[(9, 25), (11, 34), (8, 27), (23, 33), (14, 35), (10, 33), (22, 35), (31, 28), (29, 28), (27, 30), (35, 30), (25, 32), (12, 31)]",410 items,169.0,33.0,33.0
411,"(9, 25)","(9, 26)",South,"[(9, 26), (8, 25)]","[(9, 25), (11, 34), (8, 27), (23, 33), (14, 35), (10, 33), (22, 35), (31, 28), (29, 28), (27, 30), (35, 30), (25, 32), (12, 31)]","[(8, 25), (11, 34), (8, 27), (23, 33), (14, 35), (10, 33), (22, 35), (31, 28), (29, 28), (27, 30), (35, 30), (25, 32), (12, 31)]",411 items,170.0,32.0,32.0
412,"(8, 25)","(9, 25)",West,"[(9, 25), (7, 25)]","[(8, 25), (11, 34), (8, 27), (23, 33), (14, 35), (10, 33), (22, 35), (31, 28), (29, 28), (27, 30), (35, 30), (25, 32), (12, 31)]","[(7, 25), (11, 34), (8, 27), (23, 33), (14, 35), (10, 33), (22, 35), (31, 28), (29, 28), (27, 30), (35, 30), (25, 32), (12, 31)]",412 items,171.0,31.0,31.0
413,"(7, 25)","(8, 25)",West,"[(8, 25), (6, 25)]","[(7, 25), (11, 34), (8, 27), (23, 33), (14, 35), (10, 33), (22, 35), (31, 28), (29, 28), (27, 30), (35, 30), (25, 32), (12, 31)]","[(6, 25), (11, 34), (8, 27), (23, 33), (14, 35), (10, 33), (22, 35), (31, 28), (29, 28), (27, 30), (35, 30), (25, 32), (12, 31)]",413 items,172.0,30.0,30.0
414,"(6, 25)","(7, 25)",West,"[(7, 25), (5, 25)]","[(6, 25), (11, 34), (8, 27), (23, 33), (14, 35), (10, 33), (22, 35), (31, 28), (29, 28), (27, 30), (35, 30), (25, 32), (12, 31)]","[(5, 25), (11, 34), (8, 27), (23, 33), (14, 35), (10, 33), (22, 35), (31, 28), (29, 28), (27, 30), (35, 30), (25, 32), (12, 31)]",414 items,173.0,29.0,29.0
415,"(5, 25)","(6, 25)",West,"[(5, 24), (6, 25)]","[(5, 25), (11, 34), (8, 27), (23, 33), (14, 35), (10, 33), (22, 35), (31, 28), (29, 28), (27, 30), (35, 30), (25, 32), (12, 31)]","[(5, 24), (11, 34), (8, 27), (23, 33), (14, 35), (10, 33), (22, 35), (31, 28), (29, 28), (27, 30), (35, 30), (25, 32), (12, 31)]",415 items,174.0,28.0,28.0
416,"(5, 24)","(5, 25)",South,"[(5, 25), (5, 23)]","[(5, 24), (11, 34), (8, 27), (23, 33), (14, 35), (10, 33), (22, 35), (31, 28), (29, 28), (27, 30), (35, 30), (25, 32), (12, 31)]","[(5, 23), (11, 34), (8, 27), (23, 33), (14, 35), (10, 33), (22, 35), (31, 28), (29, 28), (27, 30), (35, 30), (25, 32), (12, 31)]",416 items,175.0,27.0,27.0
417,"(5, 23)","(5, 24)",South,"[(5, 24)]","[(5, 23), (11, 34), (8, 27), (23, 33), (14, 35), (10, 33), (22, 35), (31, 28), (29, 28), (27, 30), (35, 30), (25, 32), (12, 31)]","[(8, 27), (11, 34), (10, 33), (23, 33), (14, 35), (12, 31), (22, 35), (31, 28), (29, 28), (27, 30), (35, 30), (25, 32)]",417 items,176.0,26.0,26.0
418,"(8, 27)","(9, 27)",West,"[(9, 27), (7, 27)]","[(8, 27), (11, 34), (10, 33), (23, 33), (14, 35), (12, 31), (22, 35), (31, 28), (29, 28), (27, 30), (35, 30), (25, 32)]","[(7, 27), (11, 34), (10, 33), (23, 33), (14, 35), (12, 31), (22, 35), (31, 28), (29, 28), (27, 30), (35, 30), (25, 32)]",418 items,169.0,33.0,33.0
419,"(7, 27)","(8, 27)",West,"[(8, 27), (6, 27)]","[(7, 27), (11, 34), (10, 33), (23, 33), (14, 35), (12, 31), (22, 35), (31, 28), (29, 28), (27, 30), (35, 30), (25, 32)]","[(6, 27), (11, 34), (10, 33), (23, 33), (14, 35), (12, 31), (22, 35), (31, 28), (29, 28), (27, 30), (35, 30), (25, 32)]",419 items,170.0,32.0,32.0
420,"(6, 27)","(7, 27)",West,"[(7, 27), (5, 27)]","[(6, 27), (11, 34), (10, 33), (23, 33), (14, 35), (12, 31), (22, 35), (31, 28), (29, 28), (27, 30), (35, 30), (25, 32)]","[(5, 27), (11, 34), (10, 33), (23, 33), (14, 35), (12, 31), (22, 35), (31, 28), (29, 28), (27, 30), (35, 30), (25, 32)]",420 items,171.0,31.0,31.0
421,"(5, 27)","(6, 27)",West,"[(6, 27), (4, 27)]","[(5, 27), (11, 34), (10, 33), (23, 33), (14, 35), (12, 31), (22, 35), (31, 28), (29, 28), (27, 30), (35, 30), (25, 32)]","[(4, 27), (11, 34), (10, 33), (23, 33), (14, 35), (12, 31), (22, 35), (31, 28), (29, 28), (27, 30), (35, 30), (25, 32)]",421 items,172.0,30.0,30.0
422,"(4, 27)","(5, 27)",West,"[(5, 27), (3, 27)]","[(4, 27), (11, 34), (10, 33), (23, 33), (14, 35), (12, 31), (22, 35), (31, 28), (29, 28), (27, 30), (35, 30), (25, 32)]","[(3, 27), (11, 34), (10, 33), (23, 33), (14, 35), (12, 31), (22, 35), (31, 28), (29, 28), (27, 30), (35, 30), (25, 32)]",422 items,173.0,29.0,29.0
423,"(3, 27)","(4, 27)",West,"[(3, 28), (3, 26), (4, 27), (2, 27)]","[(3, 27), (11, 34), (10, 33), (23, 33), (14, 35), (12, 31), (22, 35), (31, 28), (29, 28), (27, 30), (35, 30), (25, 32)]","[(3, 26), (11, 34), (2, 27), (23, 33), (14, 35), (10, 33), (3, 28), (31, 28), (29, 28), (27, 30), (35, 30), (25, 32), (12, 31), (22, 35)]",423 items,174.0,28.0,28.0
424,"(3, 26)","(3, 27)",South,"[(3, 27), (3, 25)]","[(3, 26), (11, 34), (2, 27), (23, 33), (14, 35), (10, 33), (3, 28), (31, 28), (29, 28), (27, 30), (35, 30), (25, 32), (12, 31), (22, 35)]","[(3, 25), (11, 34), (2, 27), (23, 33), (14, 35), (10, 33), (3, 28), (31, 28), (29, 28), (27, 30), (35, 30), (25, 32), (12, 31), (22, 35)]",424 items,175.0,27.0,27.0
425,"(3, 25)","(3, 26)",South,"[(3, 26), (3, 24)]","[(3, 25), (11, 34), (2, 27), (23, 33), (14, 35), (10, 33), (3, 28), (31, 28), (29, 28), (27, 30), (35, 30), (25, 32), (12, 31), (22, 35)]","[(3, 24), (11, 34), (2, 27), (23, 33), (14, 35), (10, 33), (3, 28), (31, 28), (29, 28), (27, 30), (35, 30), (25, 32), (12, 31), (22, 35)]",425 items,176.0,26.0,26.0
426,"(3, 24)","(3, 25)",South,"[(3, 25), (3, 23)]","[(3, 24), (11, 34), (2, 27), (23, 33), (14, 35), (10, 33), (3, 28), (31, 28), (29, 28), (27, 30), (35, 30), (25, 32), (12, 31), (22, 35)]","[(3, 23), (11, 34), (2, 27), (23, 33), (14, 35), (10, 33), (3, 28), (31, 28), (29, 28), (27, 30), (35, 30), (25, 32), (12, 31), (22, 35)]",426 items,177.0,25.0,25.0
427,"(3, 23)","(3, 24)",South,"[(3, 24), (3, 22)]","[(3, 23), (11, 34), (2, 27), (23, 33), (14, 35), (10, 33), (3, 28), (31, 28), (29, 28), (27, 30), (35, 30), (25, 32), (12, 31), (22, 35)]","[(3, 22), (11, 34), (2, 27), (23, 33), (14, 35), (10, 33), (3, 28), (31, 28), (29, 28), (27, 30), (35, 30), (25, 32), (12, 31), (22, 35)]",427 items,178.0,24.0,24.0
428,"(3, 22)","(3, 23)",South,"[(3, 23), (3, 21)]","[(3, 22), (11, 34), (2, 27), (23, 33), (14, 35), (10, 33), (3, 28), (31, 28), (29, 28), (27, 30), (35, 30), (25, 32), (12, 31), (22, 35)]","[(3, 21), (11, 34), (2, 27), (23, 33), (14, 35), (10, 33), (3, 28), (31, 28), (29, 28), (27, 30), (35, 30), (25, 32), (12, 31), (22, 35)]",428 items,179.0,23.0,23.0
429,"(3, 21)","(3, 22)",South,"[(3, 22), (3, 20), (4, 21), (2, 21)]","[(3, 21), (11, 34), (2, 27), (23, 33), (14, 35), (10, 33), (3, 28), (31, 28), (29, 28), (27, 30), (35, 30), (25, 32), (12, 31), (22, 35)]",16 items,429 items,180.0,22.0,22.0
430,"(3, 20)","(3, 21)",South,"[(3, 21), (3, 19)]",16 items,16 items,430 items,181.0,21.0,21.0
431,"(3, 19)","(3, 20)",South,"[(3, 20), (3, 18)]",16 items,16 items,431 items,182.0,20.0,20.0
432,"(3, 18)","(3, 19)",South,"[(3, 19), (3, 17)]",16 items,16 items,432 items,183.0,19.0,19.0
433,"(3, 17)","(3, 18)",South,"[(3, 18), (4, 17), (2, 17)]",16 items,17 items,433 items,184.0,18.0,18.0
434,"(2, 17)","(3, 17)",West,"[(3, 17), (1, 17)]",17 items,17 items,434 items,185.0,17.0,17.0
435,"(1, 17)","(2, 17)",West,"[(2, 17)]",17 items,16 items,435 items,186.0,16.0,16.0
436,"(4, 17)","(3, 17)",East,"[(5, 17), (3, 17)]",16 items,16 items,436 items,185.0,19.0,19.0
437,"(5, 17)","(4, 17)",East,"[(5, 16), (6, 17), (4, 17)]",16 items,17 items,437 items,186.0,20.0,20.0
438,"(5, 16)","(5, 17)",South,"[(5, 17), (5, 15)]",17 items,17 items,438 items,187.0,19.0,19.0
439,"(5, 15)","(5, 16)",South,"[(5, 16), (5, 14)]",17 items,17 items,439 items,188.0,18.0,18.0
440,"(5, 14)","(5, 15)",South,"[(5, 15), (5, 13)]",17 items,17 items,440 items,189.0,17.0,17.0
441,"(5, 13)","(5, 14)",South,"[(5, 14), (5, 12), (4, 13)]",17 items,18 items,441 items,190.0,16.0,16.0
442,"(5, 12)","(5, 13)",South,"[(5, 13), (5, 11)]",18 items,18 items,442 items,191.0,15.0,15.0
443,"(5, 11)","(5, 12)",South,"[(5, 12), (6, 11)]",18 items,18 items,443 items,192.0,14.0,14.0
444,"(4, 13)","(5, 13)",West,"[(5, 13), (3, 13)]",18 items,18 items,444 items,191.0,15.0,15.0
445,"(3, 13)","(4, 13)",West,"[(3, 12), (4, 13)]",18 items,18 items,445 items,192.0,14.0,14.0
446,"(3, 12)","(3, 13)",South,"[(3, 13), (3, 11)]",18 items,18 items,446 items,193.0,13.0,13.0
447,"(3, 11)","(3, 12)",South,"[(3, 12), (3, 10)]",18 items,18 items,447 items,194.0,12.0,12.0
448,"(3, 10)","(3, 11)",South,"[(3, 11), (3, 9)]",18 items,18 items,448 items,195.0,11.0,11.0
449,"(3, 9)","(3, 10)",South,"[(3, 10), (4, 9)]",18 items,18 items,449 items,196.0,10.0,10.0
450,"(4, 9)","(3, 9)",East,"[(5, 9), (3, 9)]",18 items,18 items,450 items,197.0,11.0,11.0
451,"(5, 9)","(4, 9)",East,"[(5, 8), (4, 9)]",18 items,18 items,451 items,198.0,12.0,12.0
452,"(5, 8)","(5, 9)",South,"[(5, 9), (5, 7)]",18 items,18 items,452 items,199.0,11.0,11.0
453,"(5, 7)","(5, 8)",South,"[(5, 8), (5, 6), (6, 7), (4, 7)]",18 items,20 items,453 items,200.0,10.0,10.0
454,"(5, 6)","(5, 7)",South,"[(5, 7), (5, 5)]",20 items,20 items,454 items,201.0,9.0,9.0
455,"(5, 5)","(5, 6)",South,"[(5, 6)]",20 items,19 items,455 items,202.0,8.0,8.0
456,"(4, 7)","(5, 7)",West,"[(5, 7), (3, 7)]",19 items,19 items,456 items,201.0,9.0,9.0
457,"(3, 7)","(4, 7)",West,"[(3, 6), (4, 7), (2, 7)]",19 items,20 items,457 items,202.0,8.0,8.0
458,"(3, 6)","(3, 7)",South,"[(3, 7), (3, 5)]",20 items,20 items,458 items,203.0,7.0,7.0
459,"(3, 5)","(3, 6)",South,"[(3, 6), (3, 4)]",20 items,20 items,459 items,204.0,6.0,6.0
460,"(3, 4)","(3, 5)",South,"[(3, 5), (3, 3)]",20 items,20 items,460 items,205.0,5.0,5.0
461,"(3, 3)","(3, 4)",South,"[(3, 4), (3, 2), (2, 3)]",20 items,21 items,461 items,206.0,4.0,4.0
462,"(3, 2)","(3, 3)",South,"[(3, 3), (3, 1)]",21 items,21 items,462 items,207.0,3.0,3.0
463,"(3, 1)","(3, 2)",South,"[(3, 2)]",21 items,20 items,463 items,208.0,2.0,2.0
464,"(2, 3)","(3, 3)",West,"[(3, 3), (1, 3)]",20 items,20 items,464 items,207.0,3.0,3.0
465,"(1, 3)","(2, 3)",West,"[(1, 4), (1, 2), (2, 3)]",20 items,21 items,465 items,208.0,2.0,2.0
466,"(1, 2)","(1, 3)",South,"[(1, 3), (1, 1)]",21 items,21 items,466 items,209.0,1.0,1.0
467,"(1, 1)","(1, 2)",South,[],21 items,20 items,466 items,210.0,0.0,0.0
